folio,material_id,material,familia,unidad,proveedor_id,proveedor,origen,distancia_km,pad_id,pad,operadora,mes,fecha_orden,fecha_plan,fecha_real,lead_plan_dias,lead_real_dias,retraso_dias,cant_plan,cant_real,costo_material_usd,costo_flete_usd,costo_demora_usd,estado
ENV-00001,MAT-02,Arena gruesa (40/70),Arena,t,PRV-04,Arenas Cuyanas,San Rafael (MZA),780,PAD-11,Aguada Federal,Wintershall,2024-10,2024-10-07,2024-10-17,2024-10-23,10,16,6,9000,8989.6,827043.0,985749.0,1530000,Demorado
ENV-00002,MAT-02,Arena gruesa (40/70),Arena,t,PRV-04,Arenas Cuyanas,San Rafael (MZA),780,PAD-07,El Trapial,Chevron,2024-10,2024-10-07,2024-10-15,2024-10-15,8,8,0,9000,8928.8,821450.0,952799.0,0,OTIF
ENV-00003,MAT-02,Arena gruesa (40/70),Arena,t,PRV-01,Arenera del Sur,Chelforo (RN),420,PAD-08,Aguada Pichana,Total,2024-10,2024-10-07,2024-10-14,2024-10-14,7,7,0,9000,8991.9,827255.0,586321.0,0,OTIF
ENV-00004,MAT-01,Arena fina (100 mesh),Arena,t,PRV-01,Arenera del Sur,Chelforo (RN),420,PAD-07,El Trapial,Chevron,2024-10,2024-10-07,2024-10-14,2024-10-14,7,7,0,9000,7993.2,599490.0,557385.0,0,Incompleto
ENV-00005,MAT-01,Arena fina (100 mesh),Arena,t,PRV-02,Silice Patagonia,Dolavon (CH),610,PAD-08,Aguada Pichana,Total,2024-10,2024-10-07,2024-10-14,2024-10-13,7,6,-1,8635.3,8701.1,652582.0,805508.0,0,OTIF
ENV-00006,MAT-01,Arena fina (100 mesh),Arena,t,PRV-01,Arenera del Sur,Chelforo (RN),420,PAD-11,Aguada Federal,Wintershall,2024-10,2024-10-16,2024-10-23,2024-10-23,7,7,0,9000,8926.8,669510.0,671697.0,0,OTIF
ENV-00007,MAT-01,Arena fina (100 mesh),Arena,t,PRV-04,Arenas Cuyanas,San Rafael (MZA),780,PAD-08,Aguada Pichana,Total,2024-10,2024-10-16,2024-10-26,2024-10-26,10,10,0,9000,9001.6,675120.0,985849.0,0,OTIF
ENV-00008,MAT-01,Arena fina (100 mesh),Arena,t,PRV-03,NQN Frac Sand,Anelo (NQN),95,PAD-08,Aguada Pichana,Total,2024-10,2024-10-16,2024-10-19,2024-10-19,3,3,0,9000,9001.5,675112.0,246211.0,0,OTIF
ENV-00009,MAT-02,Arena gruesa (40/70),Arena,t,PRV-04,Arenas Cuyanas,San Rafael (MZA),780,PAD-05,Rincon La Ceniza,Shell,2024-10,2024-10-16,2024-10-25,2024-10-25,9,9,0,9000,8960.9,824403.0,987174.0,0,OTIF
ENV-00010,MAT-02,Arena gruesa (40/70),Arena,t,PRV-02,Silice Patagonia,Dolavon (CH),610,PAD-11,Aguada Federal,Wintershall,2024-10,2024-10-16,2024-10-23,2024-10-23,7,7,0,9000,9047.3,832352.0,818052.0,0,OTIF
ENV-00011,MAT-01,Arena fina (100 mesh),Arena,t,PRV-04,Arenas Cuyanas,San Rafael (MZA),780,PAD-04,Fortin de Piedra,Tecpetrol,2024-10,2024-10-16,2024-10-26,2024-10-26,10,10,0,1596.8,1591.0,119325.0,182203.0,0,OTIF
ENV-00012,MAT-02,Arena gruesa (40/70),Arena,t,PRV-04,Arenas Cuyanas,San Rafael (MZA),780,PAD-07,El Trapial,Chevron,2024-10,2024-10-27,2024-11-06,2024-11-06,10,10,0,9000,9083.7,835700.0,961385.0,0,OTIF
ENV-00013,MAT-01,Arena fina (100 mesh),Arena,t,PRV-04,Arenas Cuyanas,San Rafael (MZA),780,PAD-06,Bajada del Palo,Vista,2024-10,2024-10-27,2024-11-05,2024-11-10,9,14,5,9000,8983.8,673785.0,1069712.0,1270750,Demorado
ENV-00014,MAT-02,Arena gruesa (40/70),Arena,t,PRV-01,Arenera del Sur,Chelforo (RN),420,PAD-08,Aguada Pichana,Total,2024-10,2024-10-27,2024-11-02,2024-11-02,6,6,0,9000,8969.1,825157.0,632509.0,0,OTIF
ENV-00015,MAT-02,Arena gruesa (40/70),Arena,t,PRV-02,Silice Patagonia,Dolavon (CH),610,PAD-06,Bajada del Palo,Vista,2024-10,2024-10-27,2024-11-05,2024-11-08,9,12,3,9000,9044.4,832085.0,827837.0,767550,Demorado
ENV-00016,MAT-01,Arena fina (100 mesh),Arena,t,PRV-01,Arenera del Sur,Chelforo (RN),420,PAD-11,Aguada Federal,Wintershall,2024-10,2024-10-27,2024-11-02,2024-11-02,6,6,0,9000,7696.3,577222.0,472484.0,0,Incompleto
ENV-00017,MAT-01,Arena fina (100 mesh),Arena,t,PRV-01,Arenera del Sur,Chelforo (RN),420,PAD-07,El Trapial,Chevron,2024-10,2024-10-27,2024-11-01,2024-11-01,5,5,0,232.4,230.9,17318.0,14354.0,0,OTIF
ENV-00018,MAT-01,Arena fina (100 mesh),Arena,t,PRV-04,Arenas Cuyanas,San Rafael (MZA),780,PAD-10,Cruz de Lorena,Shell,2024-11,2024-11-07,2024-11-16,2024-11-15,9,8,-1,9000,8955.7,671678.0,976948.0,0,OTIF
ENV-00019,MAT-02,Arena gruesa (40/70),Arena,t,PRV-01,Arenera del Sur,Chelforo (RN),420,PAD-08,Aguada Pichana,Total,2024-11,2024-11-07,2024-11-14,2024-11-13,7,6,-1,9000,9087.8,836078.0,590435.0,0,OTIF
ENV-00020,MAT-02,Arena gruesa (40/70),Arena,t,PRV-04,Arenas Cuyanas,San Rafael (MZA),780,PAD-12,Coiron Amargo,Pan American,2024-11,2024-11-07,2024-11-16,2024-11-16,9,9,0,9000,8997.0,827724.0,977224.0,0,OTIF
ENV-00021,MAT-02,Arena gruesa (40/70),Arena,t,PRV-02,Silice Patagonia,Dolavon (CH),610,PAD-10,Cruz de Lorena,Shell,2024-11,2024-11-07,2024-11-16,2024-11-16,9,9,0,9000,8959.4,824265.0,844294.0,0,OTIF
ENV-00022,MAT-01,Arena fina (100 mesh),Arena,t,PRV-03,NQN Frac Sand,Anelo (NQN),95,PAD-12,Coiron Amargo,Pan American,2024-11,2024-11-07,2024-11-11,2024-11-11,4,4,0,9000,9049.6,678720.0,215338.0,0,OTIF
ENV-00023,MAT-01,Arena fina (100 mesh),Arena,t,PRV-03,NQN Frac Sand,Anelo (NQN),95,PAD-04,Fortin de Piedra,Tecpetrol,2024-11,2024-11-07,2024-11-11,2024-11-11,4,4,0,2561.0,2570.3,192772.0,59919.0,0,OTIF
ENV-00024,MAT-01,Arena fina (100 mesh),Arena,t,PRV-01,Arenera del Sur,Chelforo (RN),420,PAD-11,Aguada Federal,Wintershall,2024-11,2024-11-19,2024-11-25,2024-11-24,6,5,-1,9000,8933.7,670028.0,661193.0,0,OTIF
ENV-00025,MAT-01,Arena fina (100 mesh),Arena,t,PRV-01,Arenera del Sur,Chelforo (RN),420,PAD-07,El Trapial,Chevron,2024-11,2024-11-19,2024-11-24,2024-11-24,5,5,0,9000,9005.6,675420.0,666862.0,0,OTIF
ENV-00026,MAT-02,Arena gruesa (40/70),Arena,t,PRV-03,NQN Frac Sand,Anelo (NQN),95,PAD-05,Rincon La Ceniza,Shell,2024-11,2024-11-19,2024-11-22,2024-11-22,3,3,0,9000,9083.3,835664.0,211626.0,0,OTIF
ENV-00027,MAT-02,Arena gruesa (40/70),Arena,t,PRV-04,Arenas Cuyanas,San Rafael (MZA),780,PAD-11,Aguada Federal,Wintershall,2024-11,2024-11-19,2024-11-29,2024-11-29,10,10,0,9000,8021.0,737932.0,914838.0,0,Incompleto
ENV-00028,MAT-02,Arena gruesa (40/70),Arena,t,PRV-03,NQN Frac Sand,Anelo (NQN),95,PAD-11,Aguada Federal,Wintershall,2024-11,2024-11-19,2024-11-23,2024-11-23,4,4,0,9000,9031.5,830898.0,226761.0,0,OTIF
ENV-00029,MAT-02,Arena gruesa (40/70),Arena,t,PRV-02,Silice Patagonia,Dolavon (CH),610,PAD-09,Los Toldos,ExxonMobil,2024-11,2024-11-19,2024-11-28,2024-11-27,9,8,-1,1880.9,1896.3,174460.0,168474.0,0,OTIF
ENV-00030,MAT-01,Arena fina (100 mesh),Arena,t,PRV-01,Arenera del Sur,Chelforo (RN),420,PAD-03,La Amarga Chica,YPF,2024-11,2024-11-30,2024-12-05,2024-12-05,5,5,0,9000,9069.7,680228.0,567174.0,0,OTIF
ENV-00031,MAT-02,Arena gruesa (40/70),Arena,t,PRV-02,Silice Patagonia,Dolavon (CH),610,PAD-11,Aguada Federal,Wintershall,2024-11,2024-11-30,2024-12-09,2024-12-09,9,9,0,9000,8927.8,821358.0,827502.0,0,OTIF
ENV-00032,MAT-01,Arena fina (100 mesh),Arena,t,PRV-01,Arenera del Sur,Chelforo (RN),420,PAD-05,Rincon La Ceniza,Shell,2024-11,2024-11-30,2024-12-07,2024-12-07,7,7,0,9000,9064.0,679800.0,562015.0,0,OTIF
ENV-00033,MAT-02,Arena gruesa (40/70),Arena,t,PRV-03,NQN Frac Sand,Anelo (NQN),95,PAD-09,Los Toldos,ExxonMobil,2024-11,2024-11-30,2024-12-02,2024-12-02,2,2,0,9000,9062.6,833759.0,226692.0,0,OTIF
ENV-00034,MAT-01,Arena fina (100 mesh),Arena,t,PRV-03,NQN Frac Sand,Anelo (NQN),95,PAD-11,Aguada Federal,Wintershall,2024-11,2024-11-30,2024-12-02,2024-12-02,2,2,0,8148.2,8158.7,611902.0,186789.0,0,OTIF
ENV-00035,MAT-01,Arena fina (100 mesh),Arena,t,PRV-03,NQN Frac Sand,Anelo (NQN),95,PAD-04,Fortin de Piedra,Tecpetrol,2024-12,2024-12-12,2024-12-14,2024-12-13,2,1,-1,9000,8910.5,668288.0,242710.0,0,OTIF
ENV-00036,MAT-02,Arena gruesa (40/70),Arena,t,PRV-01,Arenera del Sur,Chelforo (RN),420,PAD-03,La Amarga Chica,YPF,2024-12,2024-12-12,2024-12-17,2024-12-17,5,5,0,9000,8974.5,825654.0,647967.0,0,OTIF
ENV-00037,MAT-01,Arena fina (100 mesh),Arena,t,PRV-02,Silice Patagonia,Dolavon (CH),610,PAD-01,Loma Campana,YPF,2024-12,2024-12-12,2024-12-20,2024-12-23,8,11,3,9000,8995.7,674678.0,886237.0,765000,Demorado
ENV-00038,MAT-02,Arena gruesa (40/70),Arena,t,PRV-02,Silice Patagonia,Dolavon (CH),610,PAD-02,Bandurria Sur,YPF,2024-12,2024-12-12,2024-12-21,2024-12-21,9,9,0,9000,9073.6,834771.0,871805.0,0,OTIF
ENV-00039,MAT-01,Arena fina (100 mesh),Arena,t,PRV-01,Arenera del Sur,Chelforo (RN),420,PAD-11,Aguada Federal,Wintershall,2024-12,2024-12-12,2024-12-17,2024-12-17,5,5,0,9000,8929.4,669705.0,634867.0,0,OTIF
ENV-00040,MAT-02,Arena gruesa (40/70),Arena,t,PRV-02,Silice Patagonia,Dolavon (CH),610,PAD-02,Bandurria Sur,YPF,2024-12,2024-12-12,2024-12-21,2024-12-20,9,8,-1,960.4,962.0,88504.0,93459.0,0,OTIF
ENV-00041,MAT-02,Arena gruesa (40/70),Arena,t,PRV-01,Arenera del Sur,Chelforo (RN),420,PAD-10,Cruz de Lorena,Shell,2024-12,2024-12-23,2024-12-29,2024-12-29,6,6,0,9000,8930.6,821615.0,627310.0,0,OTIF
ENV-00042,MAT-01,Arena fina (100 mesh),Arena,t,PRV-04,Arenas Cuyanas,San Rafael (MZA),780,PAD-09,Los Toldos,ExxonMobil,2024-12,2024-12-23,2025-01-01,2025-01-01,9,9,0,9000,8991.6,674370.0,1017048.0,0,OTIF
ENV-00043,MAT-02,Arena gruesa (40/70),Arena,t,PRV-01,Arenera del Sur,Chelforo (RN),420,PAD-07,El Trapial,Chevron,2024-12,2024-12-23,2024-12-30,2024-12-30,7,7,0,9000,8995.4,827577.0,556779.0,0,OTIF
ENV-00044,MAT-01,Arena fina (100 mesh),Arena,t,PRV-01,Arenera del Sur,Chelforo (RN),420,PAD-07,El Trapial,Chevron,2024-12,2024-12-23,2024-12-30,2024-12-30,7,7,0,9000,9015.6,676170.0,620917.0,0,OTIF
ENV-00045,MAT-02,Arena gruesa (40/70),Arena,t,PRV-01,Arenera del Sur,Chelforo (RN),420,PAD-02,Bandurria Sur,YPF,2024-12,2024-12-23,2024-12-29,2024-12-29,6,6,0,8478.8,8549.3,786536.0,524092.0,0,OTIF
ENV-00046,MAT-02,Arena gruesa (40/70),Arena,t,PRV-01,Arenera del Sur,Chelforo (RN),420,PAD-05,Rincon La Ceniza,Shell,2025-01,2025-01-03,2025-01-08,2025-01-08,5,5,0,9000,8950.4,823437.0,556069.0,0,OTIF
ENV-00047,MAT-01,Arena fina (100 mesh),Arena,t,PRV-03,NQN Frac Sand,Anelo (NQN),95,PAD-06,Bajada del Palo,Vista,2025-01,2025-01-03,2025-01-06,2025-01-06,3,3,0,9000,9085.4,681405.0,245545.0,0,OTIF
ENV-00048,MAT-01,Arena fina (100 mesh),Arena,t,PRV-02,Silice Patagonia,Dolavon (CH),610,PAD-11,Aguada Federal,Wintershall,2025-01,2025-01-03,2025-01-12,2025-01-12,9,9,0,9000,8942.5,670688.0,867277.0,0,OTIF
ENV-00049,MAT-02,Arena gruesa (40/70),Arena,t,PRV-01,Arenera del Sur,Chelforo (RN),420,PAD-06,Bajada del Palo,Vista,2025-01,2025-01-03,2025-01-08,2025-01-07,5,4,-1,9000,8922.5,820870.0,637838.0,0,OTIF
ENV-00050,MAT-01,Arena fina (100 mesh),Arena,t,PRV-04,Arenas Cuyanas,San Rafael (MZA),780,PAD-02,Bandurria Sur,YPF,2025-01,2025-01-03,2025-01-12,2025-01-12,9,9,0,9000,9039.9,677992.0,1104130.0,0,OTIF
ENV-00051,MAT-01,Arena fina (100 mesh),Arena,t,PRV-02,Silice Patagonia,Dolavon (CH),610,PAD-02,Bandurria Sur,YPF,2025-01,2025-01-03,2025-01-10,2025-01-10,7,7,0,1133.3,1128.1,84608.0,108639.0,0,OTIF
ENV-00052,MAT-02,Arena gruesa (40/70),Arena,t,PRV-02,Silice Patagonia,Dolavon (CH),610,PAD-08,Aguada Pichana,Total,2025-01,2025-01-14,2025-01-22,2025-01-22,8,8,0,9000,8930.0,821560.0,861808.0,0,OTIF
ENV-00053,MAT-02,Arena gruesa (40/70),Arena,t,PRV-02,Silice Patagonia,Dolavon (CH),610,PAD-09,Los Toldos,ExxonMobil,2025-01,2025-01-14,2025-01-21,2025-01-21,7,7,0,9000,7512.8,691178.0,765348.0,0,Incompleto
ENV-00054,MAT-02,Arena gruesa (40/70),Arena,t,PRV-03,NQN Frac Sand,Anelo (NQN),95,PAD-05,Rincon La Ceniza,Shell,2025-01,2025-01-14,2025-01-17,2025-01-17,3,3,0,9000,8933.3,821864.0,227404.0,0,OTIF
ENV-00055,MAT-02,Arena gruesa (40/70),Arena,t,PRV-01,Arenera del Sur,Chelforo (RN),420,PAD-09,Los Toldos,ExxonMobil,2025-01,2025-01-14,2025-01-19,2025-01-19,5,5,0,9000,8992.8,827338.0,554870.0,0,OTIF
ENV-00056,MAT-02,Arena gruesa (40/70),Arena,t,PRV-01,Arenera del Sur,Chelforo (RN),420,PAD-07,El Trapial,Chevron,2025-01,2025-01-14,2025-01-21,2025-01-21,7,7,0,8436.8,8515.5,783426.0,537241.0,0,OTIF
ENV-00057,MAT-02,Arena gruesa (40/70),Arena,t,PRV-04,Arenas Cuyanas,San Rafael (MZA),780,PAD-08,Aguada Pichana,Total,2025-01,2025-01-25,2025-02-02,2025-02-01,8,7,-1,9000,8982.1,826353.0,939689.0,0,OTIF
ENV-00058,MAT-02,Arena gruesa (40/70),Arena,t,PRV-04,Arenas Cuyanas,San Rafael (MZA),780,PAD-12,Coiron Amargo,Pan American,2025-01,2025-01-25,2025-02-02,2025-02-02,8,8,0,9000,8930.5,821606.0,1031211.0,0,OTIF
ENV-00059,MAT-02,Arena gruesa (40/70),Arena,t,PRV-04,Arenas Cuyanas,San Rafael (MZA),780,PAD-06,Bajada del Palo,Vista,2025-01,2025-01-25,2025-02-04,2025-02-04,10,10,0,9000,8928.5,821422.0,974091.0,0,OTIF
ENV-00060,MAT-01,Arena fina (100 mesh),Arena,t,PRV-01,Arenera del Sur,Chelforo (RN),420,PAD-03,La Amarga Chica,YPF,2025-01,2025-01-25,2025-01-30,2025-01-30,5,5,0,9000,9011.5,675862.0,622683.0,0,OTIF
ENV-00061,MAT-02,Arena gruesa (40/70),Arena,t,PRV-03,NQN Frac Sand,Anelo (NQN),95,PAD-10,Cruz de Lorena,Shell,2025-01,2025-01-25,2025-01-29,2025-01-29,4,4,0,8171.2,8192.7,753728.0,220328.0,0,OTIF
ENV-00062,MAT-01,Arena fina (100 mesh),Arena,t,PRV-02,Silice Patagonia,Dolavon (CH),610,PAD-06,Bajada del Palo,Vista,2025-02,2025-02-05,2025-02-13,2025-02-12,8,7,-1,9000,8961.7,672128.0,858760.0,0,OTIF
ENV-00063,MAT-02,Arena gruesa (40/70),Arena,t,PRV-04,Arenas Cuyanas,San Rafael (MZA),780,PAD-02,Bandurria Sur,YPF,2025-02,2025-02-05,2025-02-14,2025-02-14,9,9,0,9000,8917.4,820401.0,1118784.0,0,OTIF
ENV-00064,MAT-02,Arena gruesa (40/70),Arena,t,PRV-02,Silice Patagonia,Dolavon (CH),610,PAD-04,Fortin de Piedra,Tecpetrol,2025-02,2025-02-05,2025-02-14,2025-02-14,9,9,0,9000,7358.4,676973.0,742800.0,0,Incompleto
ENV-00065,MAT-01,Arena fina (100 mesh),Arena,t,PRV-01,Arenera del Sur,Chelforo (RN),420,PAD-12,Coiron Amargo,Pan American,2025-02,2025-02-05,2025-02-12,2025-02-11,7,6,-1,9000,9088.4,681630.0,620718.0,0,OTIF
ENV-00066,MAT-02,Arena gruesa (40/70),Arena,t,PRV-02,Silice Patagonia,Dolavon (CH),610,PAD-06,Bajada del Palo,Vista,2025-02,2025-02-05,2025-02-13,2025-02-13,8,8,0,9000,8919.4,820585.0,851987.0,0,OTIF
ENV-00067,MAT-01,Arena fina (100 mesh),Arena,t,PRV-01,Arenera del Sur,Chelforo (RN),420,PAD-06,Bajada del Palo,Vista,2025-02,2025-02-05,2025-02-12,2025-02-12,7,7,0,3949.2,3961.6,297120.0,292949.0,0,OTIF
ENV-00068,MAT-01,Arena fina (100 mesh),Arena,t,PRV-04,Arenas Cuyanas,San Rafael (MZA),780,PAD-06,Bajada del Palo,Vista,2025-02,2025-02-15,2025-02-25,2025-02-25,10,10,0,9000,9028.1,677108.0,1076861.0,0,OTIF
ENV-00069,MAT-01,Arena fina (100 mesh),Arena,t,PRV-01,Arenera del Sur,Chelforo (RN),420,PAD-12,Coiron Amargo,Pan American,2025-02,2025-02-15,2025-02-21,2025-02-21,6,6,0,9000,8933.0,669975.0,633809.0,0,OTIF
ENV-00070,MAT-01,Arena fina (100 mesh),Arena,t,PRV-04,Arenas Cuyanas,San Rafael (MZA),780,PAD-11,Aguada Federal,Wintershall,2025-02,2025-02-15,2025-02-25,2025-02-25,10,10,0,9000,7672.6,575445.0,970913.0,0,Incompleto
ENV-00071,MAT-01,Arena fina (100 mesh),Arena,t,PRV-01,Arenera del Sur,Chelforo (RN),420,PAD-08,Aguada Pichana,Total,2025-02,2025-02-15,2025-02-20,2025-02-20,5,5,0,9000,9051.9,678892.0,616114.0,0,OTIF
ENV-00072,MAT-01,Arena fina (100 mesh),Arena,t,PRV-02,Silice Patagonia,Dolavon (CH),610,PAD-12,Coiron Amargo,Pan American,2025-02,2025-02-15,2025-02-24,2025-02-24,9,9,0,9000,8977.8,673335.0,772471.0,0,OTIF
ENV-00073,MAT-01,Arena fina (100 mesh),Arena,t,PRV-03,NQN Frac Sand,Anelo (NQN),95,PAD-10,Cruz de Lorena,Shell,2025-02,2025-02-15,2025-02-19,2025-02-19,4,4,0,715.4,711.6,53370.0,17867.0,0,OTIF
ENV-00074,MAT-02,Arena gruesa (40/70),Arena,t,PRV-01,Arenera del Sur,Chelforo (RN),420,PAD-12,Coiron Amargo,Pan American,2025-02,2025-02-24,2025-03-01,2025-03-01,5,5,0,9000,8994.4,827485.0,655756.0,0,OTIF
ENV-00075,MAT-02,Arena gruesa (40/70),Arena,t,PRV-01,Arenera del Sur,Chelforo (RN),420,PAD-10,Cruz de Lorena,Shell,2025-02,2025-02-24,2025-03-02,2025-03-02,6,6,0,9000,8985.4,826657.0,565698.0,0,OTIF
ENV-00076,MAT-01,Arena fina (100 mesh),Arena,t,PRV-01,Arenera del Sur,Chelforo (RN),420,PAD-10,Cruz de Lorena,Shell,2025-02,2025-02-24,2025-03-02,2025-03-04,6,8,2,9000,9078.2,680865.0,645325.0,515100,Demorado
ENV-00077,MAT-02,Arena gruesa (40/70),Arena,t,PRV-02,Silice Patagonia,Dolavon (CH),610,PAD-02,Bandurria Sur,YPF,2025-02,2025-02-24,2025-03-03,2025-03-03,7,7,0,9000,8936.5,822158.0,818817.0,0,OTIF
ENV-00078,MAT-02,Arena gruesa (40/70),Arena,t,PRV-04,Arenas Cuyanas,San Rafael (MZA),780,PAD-04,Fortin de Piedra,Tecpetrol,2025-02,2025-02-24,2025-03-05,2025-03-05,9,9,0,8197.7,8177.0,752284.0,918854.0,0,OTIF
ENV-00079,MAT-01,Arena fina (100 mesh),Arena,t,PRV-01,Arenera del Sur,Chelforo (RN),420,PAD-04,Fortin de Piedra,Tecpetrol,2025-03,2025-03-06,2025-03-12,2025-03-12,6,6,0,9000,9052.4,678930.0,566555.0,0,OTIF
ENV-00080,MAT-01,Arena fina (100 mesh),Arena,t,PRV-01,Arenera del Sur,Chelforo (RN),420,PAD-08,Aguada Pichana,Total,2025-03,2025-03-06,2025-03-13,2025-03-13,7,7,0,9000,8913.4,668505.0,568023.0,0,OTIF
ENV-00081,MAT-02,Arena gruesa (40/70),Arena,t,PRV-01,Arenera del Sur,Chelforo (RN),420,PAD-12,Coiron Amargo,Pan American,2025-03,2025-03-06,2025-03-11,2025-03-11,5,5,0,9000,8952.9,823667.0,626494.0,0,OTIF
ENV-00082,MAT-01,Arena fina (100 mesh),Arena,t,PRV-02,Silice Patagonia,Dolavon (CH),610,PAD-02,Bandurria Sur,YPF,2025-03,2025-03-06,2025-03-14,2025-03-13,8,7,-1,9000,8953.5,671512.0,766931.0,0,OTIF
ENV-00083,MAT-02,Arena gruesa (40/70),Arena,t,PRV-02,Silice Patagonia,Dolavon (CH),610,PAD-10,Cruz de Lorena,Shell,2025-03,2025-03-06,2025-03-13,2025-03-13,7,7,0,9000,9004.2,828386.0,810920.0,0,OTIF
ENV-00084,MAT-01,Arena fina (100 mesh),Arena,t,PRV-04,Arenas Cuyanas,San Rafael (MZA),780,PAD-09,Los Toldos,ExxonMobil,2025-03,2025-03-06,2025-03-15,2025-03-14,9,8,-1,3534.3,3525.3,264398.0,428218.0,0,OTIF
ENV-00085,MAT-02,Arena gruesa (40/70),Arena,t,PRV-01,Arenera del Sur,Chelforo (RN),420,PAD-02,Bandurria Sur,YPF,2025-03,2025-03-16,2025-03-21,2025-03-21,5,5,0,9000,9042.3,831892.0,591765.0,0,OTIF
ENV-00086,MAT-02,Arena gruesa (40/70),Arena,t,PRV-01,Arenera del Sur,Chelforo (RN),420,PAD-09,Los Toldos,ExxonMobil,2025-03,2025-03-16,2025-03-23,2025-03-23,7,7,0,9000,9035.2,831238.0,631391.0,0,OTIF
ENV-00087,MAT-02,Arena gruesa (40/70),Arena,t,PRV-03,NQN Frac Sand,Anelo (NQN),95,PAD-02,Bandurria Sur,YPF,2025-03,2025-03-16,2025-03-18,2025-03-17,2,1,-1,9000,8917.5,820410.0,246481.0,0,OTIF
ENV-00088,MAT-02,Arena gruesa (40/70),Arena,t,PRV-02,Silice Patagonia,Dolavon (CH),610,PAD-09,Los Toldos,ExxonMobil,2025-03,2025-03-16,2025-03-24,2025-03-29,8,13,5,9000,9050.6,832655.0,907791.0,1283500,Demorado
ENV-00089,MAT-02,Arena gruesa (40/70),Arena,t,PRV-01,Arenera del Sur,Chelforo (RN),420,PAD-02,Bandurria Sur,YPF,2025-03,2025-03-16,2025-03-22,2025-03-22,6,6,0,9000,8979.6,826123.0,672884.0,0,OTIF
ENV-00090,MAT-02,Arena gruesa (40/70),Arena,t,PRV-02,Silice Patagonia,Dolavon (CH),610,PAD-08,Aguada Pichana,Total,2025-03,2025-03-16,2025-03-25,2025-03-24,9,8,-1,2977.6,2973.5,273562.0,305934.0,0,OTIF
ENV-00091,MAT-02,Arena gruesa (40/70),Arena,t,PRV-01,Arenera del Sur,Chelforo (RN),420,PAD-05,Rincon La Ceniza,Shell,2025-03,2025-03-25,2025-03-30,2025-03-30,5,5,0,9000,9018.5,829702.0,602995.0,0,OTIF
ENV-00092,MAT-02,Arena gruesa (40/70),Arena,t,PRV-03,NQN Frac Sand,Anelo (NQN),95,PAD-06,Bajada del Palo,Vista,2025-03,2025-03-25,2025-03-27,2025-03-27,2,2,0,9000,8988.3,826924.0,234159.0,0,OTIF
ENV-00093,MAT-01,Arena fina (100 mesh),Arena,t,PRV-03,NQN Frac Sand,Anelo (NQN),95,PAD-01,Loma Campana,YPF,2025-03,2025-03-25,2025-03-29,2025-03-29,4,4,0,9000,9032.3,677422.0,250694.0,0,OTIF
ENV-00094,MAT-02,Arena gruesa (40/70),Arena,t,PRV-01,Arenera del Sur,Chelforo (RN),420,PAD-10,Cruz de Lorena,Shell,2025-03,2025-03-25,2025-03-30,2025-03-30,5,5,0,9000,8975.2,825718.0,669395.0,0,OTIF
ENV-00095,MAT-02,Arena gruesa (40/70),Arena,t,PRV-01,Arenera del Sur,Chelforo (RN),420,PAD-03,La Amarga Chica,YPF,2025-03,2025-03-25,2025-03-31,2025-03-31,6,6,0,9000,9005.3,828488.0,598159.0,0,OTIF
ENV-00096,MAT-01,Arena fina (100 mesh),Arena,t,PRV-02,Silice Patagonia,Dolavon (CH),610,PAD-04,Fortin de Piedra,Tecpetrol,2025-03,2025-03-25,2025-04-01,2025-04-01,7,7,0,742.8,743.7,55778.0,65571.0,0,OTIF
ENV-00097,MAT-01,Arena fina (100 mesh),Arena,t,PRV-01,Arenera del Sur,Chelforo (RN),420,PAD-08,Aguada Pichana,Total,2025-04,2025-04-03,2025-04-10,2025-04-10,7,7,0,9000,8932.1,669908.0,653587.0,0,OTIF
ENV-00098,MAT-02,Arena gruesa (40/70),Arena,t,PRV-02,Silice Patagonia,Dolavon (CH),610,PAD-12,Coiron Amargo,Pan American,2025-04,2025-04-03,2025-04-10,2025-04-10,7,7,0,9000,9030.2,830778.0,877064.0,0,OTIF
ENV-00099,MAT-02,Arena gruesa (40/70),Arena,t,PRV-02,Silice Patagonia,Dolavon (CH),610,PAD-05,Rincon La Ceniza,Shell,2025-04,2025-04-03,2025-04-10,2025-04-10,7,7,0,9000,9052.9,832867.0,842585.0,0,OTIF
ENV-00100,MAT-01,Arena fina (100 mesh),Arena,t,PRV-01,Arenera del Sur,Chelforo (RN),420,PAD-04,Fortin de Piedra,Tecpetrol,2025-04,2025-04-03,2025-04-08,2025-04-07,5,4,-1,9000,8976.4,673230.0,650101.0,0,OTIF
ENV-00101,MAT-01,Arena fina (100 mesh),Arena,t,PRV-02,Silice Patagonia,Dolavon (CH),610,PAD-10,Cruz de Lorena,Shell,2025-04,2025-04-03,2025-04-10,2025-04-10,7,7,0,8714.5,8719.0,653925.0,857508.0,0,OTIF
ENV-00102,MAT-01,Arena fina (100 mesh),Arena,t,PRV-03,NQN Frac Sand,Anelo (NQN),95,PAD-02,Bandurria Sur,YPF,2025-04,2025-04-11,2025-04-14,2025-04-14,3,3,0,9000,8972.0,672900.0,245330.0,0,OTIF
ENV-00103,MAT-01,Arena fina (100 mesh),Arena,t,PRV-03,NQN Frac Sand,Anelo (NQN),95,PAD-11,Aguada Federal,Wintershall,2025-04,2025-04-11,2025-04-13,2025-04-13,2,2,0,9000,7390.0,554250.0,172491.0,0,Incompleto
ENV-00104,MAT-01,Arena fina (100 mesh),Arena,t,PRV-01,Arenera del Sur,Chelforo (RN),420,PAD-06,Bajada del Palo,Vista,2025-04,2025-04-11,2025-04-17,2025-04-17,6,6,0,9000,8924.2,669315.0,566026.0,0,OTIF
ENV-00105,MAT-01,Arena fina (100 mesh),Arena,t,PRV-04,Arenas Cuyanas,San Rafael (MZA),780,PAD-05,Rincon La Ceniza,Shell,2025-04,2025-04-11,2025-04-21,2025-04-21,10,10,0,9000,8940.4,670530.0,1129071.0,0,OTIF
ENV-00106,MAT-02,Arena gruesa (40/70),Arena,t,PRV-01,Arenera del Sur,Chelforo (RN),420,PAD-11,Aguada Federal,Wintershall,2025-04,2025-04-11,2025-04-18,2025-04-23,7,12,5,9000,9080.7,835424.0,653483.0,1287750,Demorado
ENV-00107,MAT-02,Arena gruesa (40/70),Arena,t,PRV-01,Arenera del Sur,Chelforo (RN),420,PAD-04,Fortin de Piedra,Tecpetrol,2025-04,2025-04-11,2025-04-18,2025-04-18,7,7,0,1233.5,1228.3,113004.0,91774.0,0,OTIF
ENV-00108,MAT-02,Arena gruesa (40/70),Arena,t,PRV-02,Silice Patagonia,Dolavon (CH),610,PAD-11,Aguada Federal,Wintershall,2025-04,2025-04-20,2025-04-28,2025-04-28,8,8,0,9000,8984.8,826602.0,827913.0,0,OTIF
ENV-00109,MAT-02,Arena gruesa (40/70),Arena,t,PRV-01,Arenera del Sur,Chelforo (RN),420,PAD-03,La Amarga Chica,YPF,2025-04,2025-04-20,2025-04-27,2025-04-27,7,7,0,9000,8981.8,826326.0,644705.0,0,OTIF
ENV-00110,MAT-02,Arena gruesa (40/70),Arena,t,PRV-02,Silice Patagonia,Dolavon (CH),610,PAD-02,Bandurria Sur,YPF,2025-04,2025-04-20,2025-04-27,2025-04-27,7,7,0,9000,8927.4,821321.0,791494.0,0,OTIF
ENV-00111,MAT-02,Arena gruesa (40/70),Arena,t,PRV-01,Arenera del Sur,Chelforo (RN),420,PAD-10,Cruz de Lorena,Shell,2025-04,2025-04-20,2025-04-25,2025-04-25,5,5,0,9000,9078.1,835185.0,646627.0,0,OTIF
ENV-00112,MAT-02,Arena gruesa (40/70),Arena,t,PRV-01,Arenera del Sur,Chelforo (RN),420,PAD-03,La Amarga Chica,YPF,2025-04,2025-04-20,2025-04-27,2025-04-27,7,7,0,9000,8926.2,821210.0,592510.0,0,OTIF
ENV-00113,MAT-01,Arena fina (100 mesh),Arena,t,PRV-02,Silice Patagonia,Dolavon (CH),610,PAD-04,Fortin de Piedra,Tecpetrol,2025-04,2025-04-20,2025-04-29,2025-04-28,9,8,-1,4440.1,4474.1,335558.0,429493.0,0,OTIF
ENV-00114,MAT-01,Arena fina (100 mesh),Arena,t,PRV-02,Silice Patagonia,Dolavon (CH),610,PAD-09,Los Toldos,ExxonMobil,2025-04,2025-04-29,2025-05-06,2025-05-06,7,7,0,9000,9047.5,678562.0,816004.0,0,OTIF
ENV-00115,MAT-01,Arena fina (100 mesh),Arena,t,PRV-01,Arenera del Sur,Chelforo (RN),420,PAD-10,Cruz de Lorena,Shell,2025-04,2025-04-29,2025-05-05,2025-05-04,6,5,-1,9000,9047.6,678570.0,585345.0,0,OTIF
ENV-00116,MAT-01,Arena fina (100 mesh),Arena,t,PRV-04,Arenas Cuyanas,San Rafael (MZA),780,PAD-11,Aguada Federal,Wintershall,2025-04,2025-04-29,2025-05-07,2025-05-07,8,8,0,9000,8971.0,672825.0,1132329.0,0,OTIF
ENV-00117,MAT-02,Arena gruesa (40/70),Arena,t,PRV-03,NQN Frac Sand,Anelo (NQN),95,PAD-04,Fortin de Piedra,Tecpetrol,2025-04,2025-04-29,2025-05-03,2025-05-04,4,5,1,9000,9054.7,833032.0,229815.0,256700,Demorado
ENV-00118,MAT-01,Arena fina (100 mesh),Arena,t,PRV-01,Arenera del Sur,Chelforo (RN),420,PAD-09,Los Toldos,ExxonMobil,2025-04,2025-04-29,2025-05-05,2025-05-05,6,6,0,9000,9021.0,676575.0,658741.0,0,OTIF
ENV-00119,MAT-02,Arena gruesa (40/70),Arena,t,PRV-02,Silice Patagonia,Dolavon (CH),610,PAD-09,Los Toldos,ExxonMobil,2025-04,2025-04-29,2025-05-08,2025-05-08,9,9,0,1620.4,1387.6,127659.0,117840.0,0,Incompleto
ENV-00120,MAT-01,Arena fina (100 mesh),Arena,t,PRV-01,Arenera del Sur,Chelforo (RN),420,PAD-05,Rincon La Ceniza,Shell,2025-05,2025-05-09,2025-05-16,2025-05-16,7,7,0,9000,9049.7,678728.0,625362.0,0,OTIF
ENV-00121,MAT-02,Arena gruesa (40/70),Arena,t,PRV-03,NQN Frac Sand,Anelo (NQN),95,PAD-10,Cruz de Lorena,Shell,2025-05,2025-05-09,2025-05-11,2025-05-11,2,2,0,9000,8978.4,826013.0,242635.0,0,OTIF
ENV-00122,MAT-01,Arena fina (100 mesh),Arena,t,PRV-01,Arenera del Sur,Chelforo (RN),420,PAD-10,Cruz de Lorena,Shell,2025-05,2025-05-09,2025-05-14,2025-05-15,5,6,1,9000,9034.3,677572.0,601748.0,255850,Demorado
ENV-00123,MAT-01,Arena fina (100 mesh),Arena,t,PRV-03,NQN Frac Sand,Anelo (NQN),95,PAD-08,Aguada Pichana,Total,2025-05,2025-05-09,2025-05-13,2025-05-13,4,4,0,9000,9029.2,677190.0,229416.0,0,OTIF
ENV-00124,MAT-02,Arena gruesa (40/70),Arena,t,PRV-01,Arenera del Sur,Chelforo (RN),420,PAD-03,La Amarga Chica,YPF,2025-05,2025-05-09,2025-05-16,2025-05-16,7,7,0,9000,9039.8,831662.0,633200.0,0,OTIF
ENV-00125,MAT-02,Arena gruesa (40/70),Arena,t,PRV-03,NQN Frac Sand,Anelo (NQN),95,PAD-10,Cruz de Lorena,Shell,2025-05,2025-05-09,2025-05-11,2025-05-11,2,2,0,1136.2,1146.2,105450.0,31915.0,0,OTIF
ENV-00126,MAT-01,Arena fina (100 mesh),Arena,t,PRV-03,NQN Frac Sand,Anelo (NQN),95,PAD-12,Coiron Amargo,Pan American,2025-05,2025-05-19,2025-05-23,2025-05-23,4,4,0,9000,9078.1,680858.0,244296.0,0,OTIF
ENV-00127,MAT-02,Arena gruesa (40/70),Arena,t,PRV-01,Arenera del Sur,Chelforo (RN),420,PAD-02,Bandurria Sur,YPF,2025-05,2025-05-19,2025-05-25,2025-05-25,6,6,0,9000,8962.3,824532.0,580820.0,0,OTIF
ENV-00128,MAT-02,Arena gruesa (40/70),Arena,t,PRV-03,NQN Frac Sand,Anelo (NQN),95,PAD-06,Bajada del Palo,Vista,2025-05,2025-05-19,2025-05-23,2025-05-23,4,4,0,9000,9006.9,828635.0,248945.0,0,OTIF
ENV-00129,MAT-01,Arena fina (100 mesh),Arena,t,PRV-03,NQN Frac Sand,Anelo (NQN),95,PAD-03,La Amarga Chica,YPF,2025-05,2025-05-19,2025-05-23,2025-05-23,4,4,0,9000,8584.9,643868.0,203893.0,0,Incompleto
ENV-00130,MAT-02,Arena gruesa (40/70),Arena,t,PRV-01,Arenera del Sur,Chelforo (RN),420,PAD-02,Bandurria Sur,YPF,2025-05,2025-05-19,2025-05-25,2025-05-24,6,5,-1,8774.3,8687.5,799250.0,596858.0,0,OTIF
ENV-00131,MAT-02,Arena gruesa (40/70),Arena,t,PRV-04,Arenas Cuyanas,San Rafael (MZA),780,PAD-07,El Trapial,Chevron,2025-05,2025-05-29,2025-06-07,2025-06-07,9,9,0,9000,8961.4,824449.0,933381.0,0,OTIF
ENV-00132,MAT-01,Arena fina (100 mesh),Arena,t,PRV-03,NQN Frac Sand,Anelo (NQN),95,PAD-11,Aguada Federal,Wintershall,2025-05,2025-05-29,2025-06-02,2025-06-02,4,4,0,9000,8609.9,645742.0,213655.0,0,Incompleto
ENV-00133,MAT-02,Arena gruesa (40/70),Arena,t,PRV-03,NQN Frac Sand,Anelo (NQN),95,PAD-01,Loma Campana,YPF,2025-05,2025-05-29,2025-06-01,2025-06-01,3,3,0,9000,8962.1,824513.0,203721.0,0,OTIF
ENV-00134,MAT-01,Arena fina (100 mesh),Arena,t,PRV-01,Arenera del Sur,Chelforo (RN),420,PAD-10,Cruz de Lorena,Shell,2025-05,2025-05-29,2025-06-04,2025-06-04,6,6,0,9000,8998.9,674918.0,669799.0,0,OTIF
ENV-00135,MAT-02,Arena gruesa (40/70),Arena,t,PRV-03,NQN Frac Sand,Anelo (NQN),95,PAD-08,Aguada Pichana,Total,2025-05,2025-05-29,2025-05-31,2025-05-31,2,2,0,9000,9026.7,830456.0,238980.0,0,OTIF
ENV-00136,MAT-02,Arena gruesa (40/70),Arena,t,PRV-01,Arenera del Sur,Chelforo (RN),420,PAD-06,Bajada del Palo,Vista,2025-05,2025-05-29,2025-06-05,2025-06-05,7,7,0,2094.6,2100.4,193237.0,139757.0,0,OTIF
ENV-00137,MAT-01,Arena fina (100 mesh),Arena,t,PRV-02,Silice Patagonia,Dolavon (CH),610,PAD-06,Bajada del Palo,Vista,2025-06,2025-06-08,2025-06-16,2025-06-16,8,8,0,9000,8968.2,672615.0,787328.0,0,OTIF
ENV-00138,MAT-02,Arena gruesa (40/70),Arena,t,PRV-01,Arenera del Sur,Chelforo (RN),420,PAD-04,Fortin de Piedra,Tecpetrol,2025-06,2025-06-08,2025-06-14,2025-06-14,6,6,0,9000,8912.1,819913.0,625723.0,0,OTIF
ENV-00139,MAT-01,Arena fina (100 mesh),Arena,t,PRV-03,NQN Frac Sand,Anelo (NQN),95,PAD-01,Loma Campana,YPF,2025-06,2025-06-08,2025-06-11,2025-06-11,3,3,0,9000,9071.1,680332.0,239212.0,0,OTIF
ENV-00140,MAT-02,Arena gruesa (40/70),Arena,t,PRV-01,Arenera del Sur,Chelforo (RN),420,PAD-02,Bandurria Sur,YPF,2025-06,2025-06-08,2025-06-14,2025-06-14,6,6,0,9000,8937.6,822259.0,640013.0,0,OTIF
ENV-00141,MAT-02,Arena gruesa (40/70),Arena,t,PRV-02,Silice Patagonia,Dolavon (CH),610,PAD-07,El Trapial,Chevron,2025-06,2025-06-08,2025-06-17,2025-06-17,9,9,0,9000,9032.5,830990.0,856473.0,0,OTIF
ENV-00142,MAT-02,Arena gruesa (40/70),Arena,t,PRV-03,NQN Frac Sand,Anelo (NQN),95,PAD-09,Los Toldos,ExxonMobil,2025-06,2025-06-08,2025-06-12,2025-06-11,4,3,-1,2188.5,2169.3,199576.0,55260.0,0,OTIF
ENV-00143,MAT-01,Arena fina (100 mesh),Arena,t,PRV-02,Silice Patagonia,Dolavon (CH),610,PAD-10,Cruz de Lorena,Shell,2025-06,2025-06-19,2025-06-26,2025-06-26,7,7,0,9000,8947.0,671025.0,846014.0,0,OTIF
ENV-00144,MAT-02,Arena gruesa (40/70),Arena,t,PRV-01,Arenera del Sur,Chelforo (RN),420,PAD-09,Los Toldos,ExxonMobil,2025-06,2025-06-19,2025-06-24,2025-06-24,5,5,0,9000,8920.4,820677.0,600948.0,0,OTIF
ENV-00145,MAT-01,Arena fina (100 mesh),Arena,t,PRV-03,NQN Frac Sand,Anelo (NQN),95,PAD-12,Coiron Amargo,Pan American,2025-06,2025-06-19,2025-06-22,2025-06-21,3,2,-1,9000,8923.1,669232.0,221546.0,0,OTIF
ENV-00146,MAT-01,Arena fina (100 mesh),Arena,t,PRV-03,NQN Frac Sand,Anelo (NQN),95,PAD-09,Los Toldos,ExxonMobil,2025-06,2025-06-19,2025-06-21,2025-06-21,2,2,0,9000,8942.4,670680.0,207975.0,0,OTIF
ENV-00147,MAT-02,Arena gruesa (40/70),Arena,t,PRV-02,Silice Patagonia,Dolavon (CH),610,PAD-12,Coiron Amargo,Pan American,2025-06,2025-06-19,2025-06-27,2025-06-27,8,8,0,9000,9073.2,834734.0,819784.0,0,OTIF
ENV-00148,MAT-01,Arena fina (100 mesh),Arena,t,PRV-03,NQN Frac Sand,Anelo (NQN),95,PAD-11,Aguada Federal,Wintershall,2025-06,2025-06-19,2025-06-23,2025-06-22,4,3,-1,2573.4,2567.9,192592.0,59758.0,0,OTIF
ENV-00149,MAT-01,Arena fina (100 mesh),Arena,t,PRV-04,Arenas Cuyanas,San Rafael (MZA),780,PAD-01,Loma Campana,YPF,2025-06,2025-06-30,2025-07-09,2025-07-09,9,9,0,9000,8978.3,673372.0,973357.0,0,OTIF
ENV-00150,MAT-02,Arena gruesa (40/70),Arena,t,PRV-02,Silice Patagonia,Dolavon (CH),610,PAD-03,La Amarga Chica,YPF,2025-06,2025-06-30,2025-07-07,2025-07-07,7,7,0,9000,9055.7,833124.0,826408.0,0,OTIF
ENV-00151,MAT-01,Arena fina (100 mesh),Arena,t,PRV-03,NQN Frac Sand,Anelo (NQN),95,PAD-01,Loma Campana,YPF,2025-06,2025-06-30,2025-07-02,2025-07-04,2,4,2,9000,9031.0,677325.0,246671.0,511700,Demorado
ENV-00152,MAT-02,Arena gruesa (40/70),Arena,t,PRV-01,Arenera del Sur,Chelforo (RN),420,PAD-01,Loma Campana,YPF,2025-06,2025-06-30,2025-07-06,2025-07-06,6,6,0,9000,8920.2,820658.0,606416.0,0,OTIF
ENV-00153,MAT-02,Arena gruesa (40/70),Arena,t,PRV-01,Arenera del Sur,Chelforo (RN),420,PAD-12,Coiron Amargo,Pan American,2025-06,2025-06-30,2025-07-07,2025-07-07,7,7,0,9000,8964.3,824716.0,561771.0,0,OTIF
ENV-00154,MAT-02,Arena gruesa (40/70),Arena,t,PRV-03,NQN Frac Sand,Anelo (NQN),95,PAD-04,Fortin de Piedra,Tecpetrol,2025-06,2025-06-30,2025-07-03,2025-07-03,3,3,0,3091.7,3106.2,285770.0,73094.0,0,OTIF
ENV-00155,MAT-02,Arena gruesa (40/70),Arena,t,PRV-03,NQN Frac Sand,Anelo (NQN),95,PAD-09,Los Toldos,ExxonMobil,2025-07,2025-07-11,2025-07-13,2025-07-13,2,2,0,9000,9051.4,832729.0,219776.0,0,OTIF
ENV-00156,MAT-02,Arena gruesa (40/70),Arena,t,PRV-01,Arenera del Sur,Chelforo (RN),420,PAD-03,La Amarga Chica,YPF,2025-07,2025-07-11,2025-07-17,2025-07-17,6,6,0,9000,8950.6,823455.0,655310.0,0,OTIF
ENV-00157,MAT-01,Arena fina (100 mesh),Arena,t,PRV-01,Arenera del Sur,Chelforo (RN),420,PAD-08,Aguada Pichana,Total,2025-07,2025-07-11,2025-07-18,2025-07-18,7,7,0,9000,8979.9,673492.0,577410.0,0,OTIF
ENV-00158,MAT-02,Arena gruesa (40/70),Arena,t,PRV-01,Arenera del Sur,Chelforo (RN),420,PAD-02,Bandurria Sur,YPF,2025-07,2025-07-11,2025-07-17,2025-07-17,6,6,0,9000,8958.3,824164.0,631800.0,0,OTIF
ENV-00159,MAT-01,Arena fina (100 mesh),Arena,t,PRV-02,Silice Patagonia,Dolavon (CH),610,PAD-02,Bandurria Sur,YPF,2025-07,2025-07-11,2025-07-20,2025-07-20,9,9,0,8490.4,8553.1,641482.0,765522.0,0,OTIF
ENV-00160,MAT-01,Arena fina (100 mesh),Arena,t,PRV-04,Arenas Cuyanas,San Rafael (MZA),780,PAD-01,Loma Campana,YPF,2025-07,2025-07-22,2025-07-30,2025-07-29,8,7,-1,9000,8996.2,674715.0,978363.0,0,OTIF
ENV-00161,MAT-02,Arena gruesa (40/70),Arena,t,PRV-02,Silice Patagonia,Dolavon (CH),610,PAD-04,Fortin de Piedra,Tecpetrol,2025-07,2025-07-22,2025-07-29,2025-07-29,7,7,0,9000,9006.1,828561.0,810823.0,0,OTIF
ENV-00162,MAT-02,Arena gruesa (40/70),Arena,t,PRV-01,Arenera del Sur,Chelforo (RN),420,PAD-09,Los Toldos,ExxonMobil,2025-07,2025-07-22,2025-07-28,2025-07-28,6,6,0,9000,9061.2,833630.0,671154.0,0,OTIF
ENV-00163,MAT-01,Arena fina (100 mesh),Arena,t,PRV-01,Arenera del Sur,Chelforo (RN),420,PAD-07,El Trapial,Chevron,2025-07,2025-07-22,2025-07-29,2025-07-29,7,7,0,9000,8046.6,603495.0,556601.0,0,Incompleto
ENV-00164,MAT-01,Arena fina (100 mesh),Arena,t,PRV-03,NQN Frac Sand,Anelo (NQN),95,PAD-05,Rincon La Ceniza,Shell,2025-07,2025-07-22,2025-07-24,2025-07-24,2,2,0,9000,8999.9,674992.0,235058.0,0,OTIF
ENV-00165,MAT-02,Arena gruesa (40/70),Arena,t,PRV-03,NQN Frac Sand,Anelo (NQN),95,PAD-05,Rincon La Ceniza,Shell,2025-07,2025-07-22,2025-07-26,2025-07-26,4,4,0,928.5,934.0,85928.0,21852.0,0,OTIF
ENV-00166,MAT-01,Arena fina (100 mesh),Arena,t,PRV-03,NQN Frac Sand,Anelo (NQN),95,PAD-08,Aguada Pichana,Total,2025-08,2025-08-01,2025-08-05,2025-08-05,4,4,0,9000,9061.0,679575.0,207704.0,0,OTIF
ENV-00167,MAT-01,Arena fina (100 mesh),Arena,t,PRV-03,NQN Frac Sand,Anelo (NQN),95,PAD-01,Loma Campana,YPF,2025-08,2025-08-01,2025-08-04,2025-08-04,3,3,0,9000,7431.1,557332.0,176363.0,0,Incompleto
ENV-00168,MAT-02,Arena gruesa (40/70),Arena,t,PRV-02,Silice Patagonia,Dolavon (CH),610,PAD-01,Loma Campana,YPF,2025-08,2025-08-01,2025-08-10,2025-08-09,9,8,-1,9000,8912.1,819913.0,833090.0,0,OTIF
ENV-00169,MAT-01,Arena fina (100 mesh),Arena,t,PRV-01,Arenera del Sur,Chelforo (RN),420,PAD-05,Rincon La Ceniza,Shell,2025-08,2025-08-01,2025-08-08,2025-08-08,7,7,0,9000,9073.8,680535.0,563537.0,0,OTIF
ENV-00170,MAT-01,Arena fina (100 mesh),Arena,t,PRV-01,Arenera del Sur,Chelforo (RN),420,PAD-03,La Amarga Chica,YPF,2025-08,2025-08-01,2025-08-06,2025-08-06,5,5,0,9000,9053.1,678982.0,558741.0,0,OTIF
ENV-00171,MAT-01,Arena fina (100 mesh),Arena,t,PRV-04,Arenas Cuyanas,San Rafael (MZA),780,PAD-08,Aguada Pichana,Total,2025-08,2025-08-01,2025-08-11,2025-08-11,10,10,0,2107.8,2114.3,158572.0,262392.0,0,OTIF
ENV-00172,MAT-02,Arena gruesa (40/70),Arena,t,PRV-03,NQN Frac Sand,Anelo (NQN),95,PAD-02,Bandurria Sur,YPF,2025-08,2025-08-11,2025-08-14,2025-08-14,3,3,0,9000,9036.5,831358.0,207494.0,0,OTIF
ENV-00173,MAT-02,Arena gruesa (40/70),Arena,t,PRV-03,NQN Frac Sand,Anelo (NQN),95,PAD-11,Aguada Federal,Wintershall,2025-08,2025-08-11,2025-08-15,2025-08-15,4,4,0,9000,9075.4,834937.0,215985.0,0,OTIF
ENV-00174,MAT-02,Arena gruesa (40/70),Arena,t,PRV-04,Arenas Cuyanas,San Rafael (MZA),780,PAD-12,Coiron Amargo,Pan American,2025-08,2025-08-11,2025-08-20,2025-08-23,9,12,3,9000,9011.4,829049.0,932420.0,765000,Demorado
ENV-00175,MAT-01,Arena fina (100 mesh),Arena,t,PRV-04,Arenas Cuyanas,San Rafael (MZA),780,PAD-06,Bajada del Palo,Vista,2025-08,2025-08-11,2025-08-19,2025-08-19,8,8,0,9000,8981.7,673628.0,939267.0,0,OTIF
ENV-00176,MAT-02,Arena gruesa (40/70),Arena,t,PRV-01,Arenera del Sur,Chelforo (RN),420,PAD-04,Fortin de Piedra,Tecpetrol,2025-08,2025-08-11,2025-08-18,2025-08-18,7,7,0,9000,8935.2,822038.0,671710.0,0,OTIF
ENV-00177,MAT-02,Arena gruesa (40/70),Arena,t,PRV-03,NQN Frac Sand,Anelo (NQN),95,PAD-09,Los Toldos,ExxonMobil,2025-08,2025-08-11,2025-08-13,2025-08-14,2,3,1,1514.5,1517.7,139628.0,39460.0,43350,Demorado
ENV-00178,MAT-01,Arena fina (100 mesh),Arena,t,PRV-02,Silice Patagonia,Dolavon (CH),610,PAD-06,Bajada del Palo,Vista,2025-08,2025-08-22,2025-08-31,2025-08-31,9,9,0,9000,8974.0,673050.0,913603.0,0,OTIF
ENV-00179,MAT-02,Arena gruesa (40/70),Arena,t,PRV-02,Silice Patagonia,Dolavon (CH),610,PAD-11,Aguada Federal,Wintershall,2025-08,2025-08-22,2025-08-29,2025-08-29,7,7,0,9000,8923.2,820934.0,786793.0,0,OTIF
ENV-00180,MAT-01,Arena fina (100 mesh),Arena,t,PRV-01,Arenera del Sur,Chelforo (RN),420,PAD-11,Aguada Federal,Wintershall,2025-08,2025-08-22,2025-08-29,2025-08-29,7,7,0,9000,9079.7,680978.0,609573.0,0,OTIF
ENV-00181,MAT-01,Arena fina (100 mesh),Arena,t,PRV-03,NQN Frac Sand,Anelo (NQN),95,PAD-02,Bandurria Sur,YPF,2025-08,2025-08-22,2025-08-24,2025-08-24,2,2,0,9000,8983.4,673755.0,203406.0,0,OTIF
ENV-00182,MAT-02,Arena gruesa (40/70),Arena,t,PRV-01,Arenera del Sur,Chelforo (RN),420,PAD-02,Bandurria Sur,YPF,2025-08,2025-08-22,2025-08-28,2025-08-30,6,8,2,9000,9040.5,831726.0,622035.0,511700,Demorado
ENV-00183,MAT-01,Arena fina (100 mesh),Arena,t,PRV-04,Arenas Cuyanas,San Rafael (MZA),780,PAD-04,Fortin de Piedra,Tecpetrol,2025-08,2025-08-22,2025-09-01,2025-08-31,10,9,-1,587.7,587.6,44070.0,61399.0,0,OTIF
ENV-00184,MAT-02,Arena gruesa (40/70),Arena,t,PRV-02,Silice Patagonia,Dolavon (CH),610,PAD-07,El Trapial,Chevron,2025-09,2025-09-01,2025-09-09,2025-09-09,8,8,0,9000,9039.8,831662.0,838781.0,0,OTIF
ENV-00185,MAT-01,Arena fina (100 mesh),Arena,t,PRV-02,Silice Patagonia,Dolavon (CH),610,PAD-08,Aguada Pichana,Total,2025-09,2025-09-01,2025-09-08,2025-09-08,7,7,0,9000,9021.6,676620.0,893601.0,0,OTIF
ENV-00186,MAT-02,Arena gruesa (40/70),Arena,t,PRV-01,Arenera del Sur,Chelforo (RN),420,PAD-06,Bajada del Palo,Vista,2025-09,2025-09-01,2025-09-08,2025-09-07,7,6,-1,9000,9080.5,835406.0,576837.0,0,OTIF
ENV-00187,MAT-02,Arena gruesa (40/70),Arena,t,PRV-01,Arenera del Sur,Chelforo (RN),420,PAD-07,El Trapial,Chevron,2025-09,2025-09-01,2025-09-07,2025-09-07,6,6,0,9000,9050.8,832674.0,591698.0,0,OTIF
ENV-00188,MAT-02,Arena gruesa (40/70),Arena,t,PRV-01,Arenera del Sur,Chelforo (RN),420,PAD-07,El Trapial,Chevron,2025-09,2025-09-01,2025-09-06,2025-09-06,5,5,0,8579.8,8524.9,784291.0,612872.0,0,OTIF
ENV-00189,MAT-02,Arena gruesa (40/70),Arena,t,PRV-01,Arenera del Sur,Chelforo (RN),420,PAD-12,Coiron Amargo,Pan American,2025-09,2025-09-10,2025-09-17,2025-09-17,7,7,0,9000,8922.4,820861.0,651933.0,0,OTIF
ENV-00190,MAT-02,Arena gruesa (40/70),Arena,t,PRV-03,NQN Frac Sand,Anelo (NQN),95,PAD-11,Aguada Federal,Wintershall,2025-09,2025-09-10,2025-09-12,2025-09-12,2,2,0,9000,9038.7,831560.0,242641.0,0,OTIF
ENV-00191,MAT-02,Arena gruesa (40/70),Arena,t,PRV-01,Arenera del Sur,Chelforo (RN),420,PAD-10,Cruz de Lorena,Shell,2025-09,2025-09-10,2025-09-17,2025-09-17,7,7,0,9000,9034.5,831174.0,619575.0,0,OTIF
ENV-00192,MAT-01,Arena fina (100 mesh),Arena,t,PRV-03,NQN Frac Sand,Anelo (NQN),95,PAD-06,Bajada del Palo,Vista,2025-09,2025-09-10,2025-09-12,2025-09-12,2,2,0,9000,9026.5,676988.0,205473.0,0,OTIF
ENV-00193,MAT-02,Arena gruesa (40/70),Arena,t,PRV-04,Arenas Cuyanas,San Rafael (MZA),780,PAD-11,Aguada Federal,Wintershall,2025-09,2025-09-10,2025-09-19,2025-09-19,9,9,0,9000,7595.9,698823.0,877063.0,0,Incompleto
ENV-00194,MAT-01,Arena fina (100 mesh),Arena,t,PRV-02,Silice Patagonia,Dolavon (CH),610,PAD-10,Cruz de Lorena,Shell,2025-09,2025-09-10,2025-09-18,2025-09-18,8,8,0,312.2,313.4,23505.0,26738.0,0,OTIF
ENV-00195,MAT-01,Arena fina (100 mesh),Arena,t,PRV-04,Arenas Cuyanas,San Rafael (MZA),780,PAD-08,Aguada Pichana,Total,2025-09,2025-09-18,2025-09-27,2025-09-27,9,9,0,9000,9079.3,680948.0,964487.0,0,OTIF
ENV-00196,MAT-01,Arena fina (100 mesh),Arena,t,PRV-01,Arenera del Sur,Chelforo (RN),420,PAD-08,Aguada Pichana,Total,2025-09,2025-09-18,2025-09-25,2025-09-25,7,7,0,9000,9035.4,677655.0,589579.0,0,OTIF
ENV-00197,MAT-01,Arena fina (100 mesh),Arena,t,PRV-01,Arenera del Sur,Chelforo (RN),420,PAD-12,Coiron Amargo,Pan American,2025-09,2025-09-18,2025-09-23,2025-09-23,5,5,0,9000,8939.6,670470.0,671373.0,0,OTIF
ENV-00198,MAT-01,Arena fina (100 mesh),Arena,t,PRV-01,Arenera del Sur,Chelforo (RN),420,PAD-03,La Amarga Chica,YPF,2025-09,2025-09-18,2025-09-24,2025-09-24,6,6,0,9000,8982.9,673718.0,568191.0,0,OTIF
ENV-00199,MAT-02,Arena gruesa (40/70),Arena,t,PRV-02,Silice Patagonia,Dolavon (CH),610,PAD-07,El Trapial,Chevron,2025-09,2025-09-18,2025-09-25,2025-09-25,7,7,0,8862.6,8850.1,814209.0,733318.0,0,OTIF
ENV-00200,MAT-01,Arena fina (100 mesh),Arena,t,PRV-01,Arenera del Sur,Chelforo (RN),420,PAD-05,Rincon La Ceniza,Shell,2025-09,2025-09-27,2025-10-04,2025-10-04,7,7,0,9000,8968.7,672652.0,603710.0,0,OTIF
ENV-00201,MAT-02,Arena gruesa (40/70),Arena,t,PRV-01,Arenera del Sur,Chelforo (RN),420,PAD-08,Aguada Pichana,Total,2025-09,2025-09-27,2025-10-04,2025-10-04,7,7,0,9000,8973.4,825553.0,604008.0,0,OTIF
ENV-00202,MAT-02,Arena gruesa (40/70),Arena,t,PRV-01,Arenera del Sur,Chelforo (RN),420,PAD-11,Aguada Federal,Wintershall,2025-09,2025-09-27,2025-10-04,2025-10-04,7,7,0,9000,8952.9,823667.0,557352.0,0,OTIF
ENV-00203,MAT-02,Arena gruesa (40/70),Arena,t,PRV-01,Arenera del Sur,Chelforo (RN),420,PAD-03,La Amarga Chica,YPF,2025-09,2025-09-27,2025-10-03,2025-10-03,6,6,0,9000,8997.6,827779.0,616299.0,0,OTIF
ENV-00204,MAT-01,Arena fina (100 mesh),Arena,t,PRV-04,Arenas Cuyanas,San Rafael (MZA),780,PAD-03,La Amarga Chica,YPF,2025-09,2025-09-27,2025-10-06,2025-10-06,9,9,0,8964.1,8985.5,673912.0,1117817.0,0,OTIF
ENV-00205,MAT-01,Arena fina (100 mesh),Arena,t,PRV-04,Arenas Cuyanas,San Rafael (MZA),780,PAD-08,Aguada Pichana,Total,2025-10,2025-10-07,2025-10-15,2025-10-15,8,8,0,9000,8999.1,674932.0,1078484.0,0,OTIF
ENV-00206,MAT-02,Arena gruesa (40/70),Arena,t,PRV-01,Arenera del Sur,Chelforo (RN),420,PAD-08,Aguada Pichana,Total,2025-10,2025-10-07,2025-10-12,2025-10-11,5,4,-1,9000,8962.6,824559.0,579141.0,0,OTIF
ENV-00207,MAT-02,Arena gruesa (40/70),Arena,t,PRV-02,Silice Patagonia,Dolavon (CH),610,PAD-03,La Amarga Chica,YPF,2025-10,2025-10-07,2025-10-16,2025-10-16,9,9,0,9000,8930.4,821597.0,759917.0,0,OTIF
ENV-00208,MAT-01,Arena fina (100 mesh),Arena,t,PRV-03,NQN Frac Sand,Anelo (NQN),95,PAD-06,Bajada del Palo,Vista,2025-10,2025-10-07,2025-10-11,2025-10-11,4,4,0,9000,9042.5,678188.0,235958.0,0,OTIF
ENV-00209,MAT-02,Arena gruesa (40/70),Arena,t,PRV-01,Arenera del Sur,Chelforo (RN),420,PAD-01,Loma Campana,YPF,2025-10,2025-10-07,2025-10-13,2025-10-13,6,6,0,9000,9088.9,836179.0,654582.0,0,OTIF
ENV-00210,MAT-02,Arena gruesa (40/70),Arena,t,PRV-01,Arenera del Sur,Chelforo (RN),420,PAD-12,Coiron Amargo,Pan American,2025-10,2025-10-07,2025-10-14,2025-10-14,7,7,0,2877.9,2894.3,266276.0,209870.0,0,OTIF
ENV-00211,MAT-02,Arena gruesa (40/70),Arena,t,PRV-03,NQN Frac Sand,Anelo (NQN),95,PAD-10,Cruz de Lorena,Shell,2025-10,2025-10-17,2025-10-21,2025-10-21,4,4,0,9000,9036.7,831376.0,217770.0,0,OTIF
ENV-00212,MAT-01,Arena fina (100 mesh),Arena,t,PRV-01,Arenera del Sur,Chelforo (RN),420,PAD-09,Los Toldos,ExxonMobil,2025-10,2025-10-17,2025-10-22,2025-10-22,5,5,0,9000,9088.6,681645.0,666860.0,0,OTIF
ENV-00213,MAT-01,Arena fina (100 mesh),Arena,t,PRV-01,Arenera del Sur,Chelforo (RN),420,PAD-03,La Amarga Chica,YPF,2025-10,2025-10-17,2025-10-22,2025-10-22,5,5,0,9000,9031.7,677378.0,612177.0,0,OTIF
ENV-00214,MAT-02,Arena gruesa (40/70),Arena,t,PRV-02,Silice Patagonia,Dolavon (CH),610,PAD-05,Rincon La Ceniza,Shell,2025-10,2025-10-17,2025-10-25,2025-10-25,8,8,0,9000,8926.8,821266.0,832167.0,0,OTIF
ENV-00215,MAT-02,Arena gruesa (40/70),Arena,t,PRV-01,Arenera del Sur,Chelforo (RN),420,PAD-06,Bajada del Palo,Vista,2025-10,2025-10-17,2025-10-23,2025-10-22,6,5,-1,9000,9041.9,831855.0,645041.0,0,OTIF
ENV-00216,MAT-02,Arena gruesa (40/70),Arena,t,PRV-02,Silice Patagonia,Dolavon (CH),610,PAD-11,Aguada Federal,Wintershall,2025-10,2025-10-17,2025-10-24,2025-10-24,7,7,0,2026.9,2040.1,187689.0,189278.0,0,OTIF
ENV-00217,MAT-02,Arena gruesa (40/70),Arena,t,PRV-01,Arenera del Sur,Chelforo (RN),420,PAD-05,Rincon La Ceniza,Shell,2025-10,2025-10-27,2025-11-03,2025-11-03,7,7,0,9000,8971.9,825415.0,633757.0,0,OTIF
ENV-00218,MAT-02,Arena gruesa (40/70),Arena,t,PRV-01,Arenera del Sur,Chelforo (RN),420,PAD-02,Bandurria Sur,YPF,2025-10,2025-10-27,2025-11-01,2025-11-01,5,5,0,9000,8910.1,819729.0,665740.0,0,OTIF
ENV-00219,MAT-01,Arena fina (100 mesh),Arena,t,PRV-01,Arenera del Sur,Chelforo (RN),420,PAD-12,Coiron Amargo,Pan American,2025-10,2025-10-27,2025-11-03,2025-11-03,7,7,0,9000,8926.8,669510.0,588207.0,0,OTIF
ENV-00220,MAT-01,Arena fina (100 mesh),Arena,t,PRV-01,Arenera del Sur,Chelforo (RN),420,PAD-11,Aguada Federal,Wintershall,2025-10,2025-10-27,2025-11-01,2025-11-01,5,5,0,9000,8952.1,671408.0,628638.0,0,OTIF
ENV-00221,MAT-01,Arena fina (100 mesh),Arena,t,PRV-03,NQN Frac Sand,Anelo (NQN),95,PAD-01,Loma Campana,YPF,2025-10,2025-10-27,2025-10-30,2025-11-01,3,5,2,8659.7,8650.2,648765.0,195027.0,489600,Demorado
ENV-00222,MAT-02,Arena gruesa (40/70),Arena,t,PRV-01,Arenera del Sur,Chelforo (RN),420,PAD-02,Bandurria Sur,YPF,2025-11,2025-11-06,2025-11-13,2025-11-12,7,6,-1,9000,9041.5,831818.0,560943.0,0,OTIF
ENV-00223,MAT-01,Arena fina (100 mesh),Arena,t,PRV-01,Arenera del Sur,Chelforo (RN),420,PAD-05,Rincon La Ceniza,Shell,2025-11,2025-11-06,2025-11-12,2025-11-12,6,6,0,9000,9088.7,681652.0,569459.0,0,OTIF
ENV-00224,MAT-01,Arena fina (100 mesh),Arena,t,PRV-02,Silice Patagonia,Dolavon (CH),610,PAD-01,Loma Campana,YPF,2025-11,2025-11-06,2025-11-14,2025-11-14,8,8,0,9000,9075.6,680670.0,864502.0,0,OTIF
ENV-00225,MAT-01,Arena fina (100 mesh),Arena,t,PRV-02,Silice Patagonia,Dolavon (CH),610,PAD-04,Fortin de Piedra,Tecpetrol,2025-11,2025-11-06,2025-11-13,2025-11-12,7,6,-1,9000,8973.3,672998.0,820636.0,0,OTIF
ENV-00226,MAT-02,Arena gruesa (40/70),Arena,t,PRV-03,NQN Frac Sand,Anelo (NQN),95,PAD-04,Fortin de Piedra,Tecpetrol,2025-11,2025-11-06,2025-11-10,2025-11-12,4,6,2,8171.7,8189.3,753416.0,219501.0,464100,Demorado
ENV-00227,MAT-02,Arena gruesa (40/70),Arena,t,PRV-03,NQN Frac Sand,Anelo (NQN),95,PAD-11,Aguada Federal,Wintershall,2025-11,2025-11-17,2025-11-19,2025-11-19,2,2,0,9000,8963.2,824614.0,204577.0,0,OTIF
ENV-00228,MAT-02,Arena gruesa (40/70),Arena,t,PRV-04,Arenas Cuyanas,San Rafael (MZA),780,PAD-04,Fortin de Piedra,Tecpetrol,2025-11,2025-11-17,2025-11-26,2025-11-28,9,11,2,9000,9086.0,835912.0,1157845.0,515100,Demorado
ENV-00229,MAT-02,Arena gruesa (40/70),Arena,t,PRV-04,Arenas Cuyanas,San Rafael (MZA),780,PAD-03,La Amarga Chica,YPF,2025-11,2025-11-17,2025-11-27,2025-11-27,10,10,0,9000,8994.8,827522.0,1146350.0,0,OTIF
ENV-00230,MAT-01,Arena fina (100 mesh),Arena,t,PRV-01,Arenera del Sur,Chelforo (RN),420,PAD-10,Cruz de Lorena,Shell,2025-11,2025-11-17,2025-11-22,2025-11-21,5,4,-1,9000,8407.6,630570.0,571932.0,0,Incompleto
ENV-00231,MAT-02,Arena gruesa (40/70),Arena,t,PRV-02,Silice Patagonia,Dolavon (CH),610,PAD-09,Los Toldos,ExxonMobil,2025-11,2025-11-17,2025-11-25,2025-11-24,8,7,-1,9000,9020.9,829923.0,797413.0,0,OTIF
ENV-00232,MAT-01,Arena fina (100 mesh),Arena,t,PRV-01,Arenera del Sur,Chelforo (RN),420,PAD-09,Los Toldos,ExxonMobil,2025-11,2025-11-17,2025-11-22,2025-11-22,5,5,0,2176.3,2190.9,164318.0,154707.0,0,OTIF
ENV-00233,MAT-02,Arena gruesa (40/70),Arena,t,PRV-01,Arenera del Sur,Chelforo (RN),420,PAD-12,Coiron Amargo,Pan American,2025-11,2025-11-26,2025-12-03,2025-12-03,7,7,0,9000,9076.4,835029.0,565224.0,0,OTIF
ENV-00234,MAT-02,Arena gruesa (40/70),Arena,t,PRV-02,Silice Patagonia,Dolavon (CH),610,PAD-01,Loma Campana,YPF,2025-11,2025-11-26,2025-12-05,2025-12-05,9,9,0,9000,9037.4,831441.0,876196.0,0,OTIF
ENV-00235,MAT-02,Arena gruesa (40/70),Arena,t,PRV-01,Arenera del Sur,Chelforo (RN),420,PAD-06,Bajada del Palo,Vista,2025-11,2025-11-26,2025-12-01,2025-12-01,5,5,0,9000,9041.9,831855.0,563054.0,0,OTIF
ENV-00236,MAT-02,Arena gruesa (40/70),Arena,t,PRV-04,Arenas Cuyanas,San Rafael (MZA),780,PAD-06,Bajada del Palo,Vista,2025-11,2025-11-26,2025-12-05,2025-12-05,9,9,0,9000,9023.0,830116.0,1038733.0,0,OTIF
ENV-00237,MAT-02,Arena gruesa (40/70),Arena,t,PRV-02,Silice Patagonia,Dolavon (CH),610,PAD-01,Loma Campana,YPF,2025-11,2025-11-26,2025-12-05,2025-12-05,9,9,0,9000,9071.0,834532.0,874382.0,0,OTIF
ENV-00238,MAT-01,Arena fina (100 mesh),Arena,t,PRV-01,Arenera del Sur,Chelforo (RN),420,PAD-12,Coiron Amargo,Pan American,2025-11,2025-11-26,2025-12-01,2025-11-30,5,4,-1,1813.5,1563.0,117225.0,115867.0,0,Incompleto
ENV-00239,MAT-02,Arena gruesa (40/70),Arena,t,PRV-01,Arenera del Sur,Chelforo (RN),420,PAD-01,Loma Campana,YPF,2025-12,2025-12-06,2025-12-11,2025-12-11,5,5,0,9000,8958.8,824210.0,552822.0,0,OTIF
ENV-00240,MAT-01,Arena fina (100 mesh),Arena,t,PRV-01,Arenera del Sur,Chelforo (RN),420,PAD-09,Los Toldos,ExxonMobil,2025-12,2025-12-06,2025-12-11,2025-12-11,5,5,0,9000,7813.4,586005.0,574242.0,0,Incompleto
ENV-00241,MAT-02,Arena gruesa (40/70),Arena,t,PRV-04,Arenas Cuyanas,San Rafael (MZA),780,PAD-05,Rincon La Ceniza,Shell,2025-12,2025-12-06,2025-12-14,2025-12-13,8,7,-1,9000,9011.5,829058.0,993706.0,0,OTIF
ENV-00242,MAT-02,Arena gruesa (40/70),Arena,t,PRV-02,Silice Patagonia,Dolavon (CH),610,PAD-08,Aguada Pichana,Total,2025-12,2025-12-06,2025-12-15,2025-12-15,9,9,0,9000,9041.8,831846.0,848225.0,0,OTIF
ENV-00243,MAT-01,Arena fina (100 mesh),Arena,t,PRV-03,NQN Frac Sand,Anelo (NQN),95,PAD-03,La Amarga Chica,YPF,2025-12,2025-12-06,2025-12-09,2025-12-11,3,5,2,9000,9034.8,677610.0,203841.0,511700,Demorado
ENV-00244,MAT-02,Arena gruesa (40/70),Arena,t,PRV-01,Arenera del Sur,Chelforo (RN),420,PAD-11,Aguada Federal,Wintershall,2025-12,2025-12-06,2025-12-13,2025-12-12,7,6,-1,3540.3,3521.8,324006.0,238703.0,0,OTIF
ENV-00245,MAT-02,Arena gruesa (40/70),Arena,t,PRV-01,Arenera del Sur,Chelforo (RN),420,PAD-03,La Amarga Chica,YPF,2025-12,2025-12-16,2025-12-21,2025-12-22,5,6,1,9000,8984.4,826565.0,662789.0,254150,Demorado
ENV-00246,MAT-01,Arena fina (100 mesh),Arena,t,PRV-02,Silice Patagonia,Dolavon (CH),610,PAD-12,Coiron Amargo,Pan American,2025-12,2025-12-16,2025-12-25,2025-12-29,9,13,4,9000,9012.2,675915.0,825101.0,1020000,Demorado
ENV-00247,MAT-02,Arena gruesa (40/70),Arena,t,PRV-04,Arenas Cuyanas,San Rafael (MZA),780,PAD-04,Fortin de Piedra,Tecpetrol,2025-12,2025-12-16,2025-12-25,2025-12-25,9,9,0,9000,9059.7,833492.0,1004246.0,0,OTIF
ENV-00248,MAT-01,Arena fina (100 mesh),Arena,t,PRV-02,Silice Patagonia,Dolavon (CH),610,PAD-04,Fortin de Piedra,Tecpetrol,2025-12,2025-12-16,2025-12-23,2025-12-26,7,10,3,9000,8939.6,670470.0,824232.0,759900,Demorado
ENV-00249,MAT-02,Arena gruesa (40/70),Arena,t,PRV-01,Arenera del Sur,Chelforo (RN),420,PAD-09,Los Toldos,ExxonMobil,2025-12,2025-12-16,2025-12-21,2025-12-21,5,5,0,9000,8926.3,821220.0,647267.0,0,OTIF
ENV-00250,MAT-01,Arena fina (100 mesh),Arena,t,PRV-01,Arenera del Sur,Chelforo (RN),420,PAD-12,Coiron Amargo,Pan American,2025-12,2025-12-16,2025-12-21,2025-12-21,5,5,0,281.4,280.0,21000.0,18301.0,0,OTIF
ENV-00251,MAT-02,Arena gruesa (40/70),Arena,t,PRV-02,Silice Patagonia,Dolavon (CH),610,PAD-11,Aguada Federal,Wintershall,2025-12,2025-12-26,2026-01-03,2026-01-03,8,8,0,9000,9063.8,833870.0,852115.0,0,OTIF
ENV-00252,MAT-02,Arena gruesa (40/70),Arena,t,PRV-02,Silice Patagonia,Dolavon (CH),610,PAD-02,Bandurria Sur,YPF,2025-12,2025-12-26,2026-01-02,2026-01-01,7,6,-1,9000,8470.5,779286.0,869348.0,0,Incompleto
ENV-00253,MAT-02,Arena gruesa (40/70),Arena,t,PRV-01,Arenera del Sur,Chelforo (RN),420,PAD-07,El Trapial,Chevron,2025-12,2025-12-26,2026-01-02,2026-01-02,7,7,0,9000,8956.6,824007.0,650142.0,0,OTIF
ENV-00254,MAT-01,Arena fina (100 mesh),Arena,t,PRV-01,Arenera del Sur,Chelforo (RN),420,PAD-02,Bandurria Sur,YPF,2025-12,2025-12-26,2026-01-02,2026-01-01,7,6,-1,9000,9059.3,679448.0,592908.0,0,OTIF
ENV-00255,MAT-01,Arena fina (100 mesh),Arena,t,PRV-01,Arenera del Sur,Chelforo (RN),420,PAD-08,Aguada Pichana,Total,2025-12,2025-12-26,2025-12-31,2025-12-31,5,5,0,9000,8999.3,674948.0,595797.0,0,OTIF
ENV-00256,MAT-01,Arena fina (100 mesh),Arena,t,PRV-02,Silice Patagonia,Dolavon (CH),610,PAD-06,Bajada del Palo,Vista,2025-12,2025-12-26,2026-01-02,2026-01-02,7,7,0,1244.9,1247.7,93578.0,119009.0,0,OTIF
ENV-00257,MAT-02,Arena gruesa (40/70),Arena,t,PRV-02,Silice Patagonia,Dolavon (CH),610,PAD-08,Aguada Pichana,Total,2026-01,2026-01-04,2026-01-13,2026-01-12,9,8,-1,9000,8985.5,826666.0,860756.0,0,OTIF
ENV-00258,MAT-01,Arena fina (100 mesh),Arena,t,PRV-03,NQN Frac Sand,Anelo (NQN),95,PAD-04,Fortin de Piedra,Tecpetrol,2026-01,2026-01-04,2026-01-07,2026-01-07,3,3,0,9000,8997.2,674790.0,247805.0,0,OTIF
ENV-00259,MAT-02,Arena gruesa (40/70),Arena,t,PRV-02,Silice Patagonia,Dolavon (CH),610,PAD-07,El Trapial,Chevron,2026-01,2026-01-04,2026-01-11,2026-01-13,7,9,2,9000,9050.1,832609.0,759920.0,513400,Demorado
ENV-00260,MAT-02,Arena gruesa (40/70),Arena,t,PRV-04,Arenas Cuyanas,San Rafael (MZA),780,PAD-09,Los Toldos,ExxonMobil,2026-01,2026-01-04,2026-01-14,2026-01-14,10,10,0,9000,9028.2,830594.0,987241.0,0,OTIF
ENV-00261,MAT-01,Arena fina (100 mesh),Arena,t,PRV-03,NQN Frac Sand,Anelo (NQN),95,PAD-12,Coiron Amargo,Pan American,2026-01,2026-01-04,2026-01-06,2026-01-06,2,2,0,8794.0,8870.5,665288.0,248261.0,0,OTIF
ENV-00262,MAT-02,Arena gruesa (40/70),Arena,t,PRV-01,Arenera del Sur,Chelforo (RN),420,PAD-04,Fortin de Piedra,Tecpetrol,2026-01,2026-01-14,2026-01-21,2026-01-21,7,7,0,9000,8271.9,761015.0,616888.0,0,Incompleto
ENV-00263,MAT-01,Arena fina (100 mesh),Arena,t,PRV-02,Silice Patagonia,Dolavon (CH),610,PAD-10,Cruz de Lorena,Shell,2026-01,2026-01-14,2026-01-22,2026-01-22,8,8,0,9000,7285.9,546442.0,691801.0,0,Incompleto
ENV-00264,MAT-01,Arena fina (100 mesh),Arena,t,PRV-01,Arenera del Sur,Chelforo (RN),420,PAD-08,Aguada Pichana,Total,2026-01,2026-01-14,2026-01-20,2026-01-20,6,6,0,9000,9039.0,677925.0,669996.0,0,OTIF
ENV-00265,MAT-01,Arena fina (100 mesh),Arena,t,PRV-03,NQN Frac Sand,Anelo (NQN),95,PAD-06,Bajada del Palo,Vista,2026-01,2026-01-14,2026-01-16,2026-01-16,2,2,0,9000,8930.0,669750.0,227054.0,0,OTIF
ENV-00266,MAT-02,Arena gruesa (40/70),Arena,t,PRV-01,Arenera del Sur,Chelforo (RN),420,PAD-02,Bandurria Sur,YPF,2026-01,2026-01-14,2026-01-21,2026-01-21,7,7,0,9000,8964.3,824716.0,560868.0,0,OTIF
ENV-00267,MAT-02,Arena gruesa (40/70),Arena,t,PRV-01,Arenera del Sur,Chelforo (RN),420,PAD-07,El Trapial,Chevron,2026-01,2026-01-14,2026-01-21,2026-01-21,7,7,0,450.7,454.2,41786.0,31567.0,0,OTIF
ENV-00268,MAT-01,Arena fina (100 mesh),Arena,t,PRV-01,Arenera del Sur,Chelforo (RN),420,PAD-11,Aguada Federal,Wintershall,2026-01,2026-01-24,2026-01-30,2026-01-30,6,6,0,9000,9041.2,678090.0,674143.0,0,OTIF
ENV-00269,MAT-01,Arena fina (100 mesh),Arena,t,PRV-04,Arenas Cuyanas,San Rafael (MZA),780,PAD-07,El Trapial,Chevron,2026-01,2026-01-24,2026-02-01,2026-02-01,8,8,0,9000,8949.8,671235.0,1045678.0,0,OTIF
ENV-00270,MAT-02,Arena gruesa (40/70),Arena,t,PRV-04,Arenas Cuyanas,San Rafael (MZA),780,PAD-03,La Amarga Chica,YPF,2026-01,2026-01-24,2026-02-03,2026-02-06,10,13,3,9000,9069.4,834385.0,951149.0,770100,Demorado
ENV-00271,MAT-02,Arena gruesa (40/70),Arena,t,PRV-03,NQN Frac Sand,Anelo (NQN),95,PAD-11,Aguada Federal,Wintershall,2026-01,2026-01-24,2026-01-27,2026-01-28,3,4,1,9000,8973.1,825525.0,240854.0,254150,Demorado
ENV-00272,MAT-02,Arena gruesa (40/70),Arena,t,PRV-03,NQN Frac Sand,Anelo (NQN),95,PAD-01,Loma Campana,YPF,2026-01,2026-01-24,2026-01-27,2026-01-27,3,3,0,9000,8998.8,827890.0,221379.0,0,OTIF
ENV-00273,MAT-02,Arena gruesa (40/70),Arena,t,PRV-02,Silice Patagonia,Dolavon (CH),610,PAD-02,Bandurria Sur,YPF,2026-01,2026-01-24,2026-02-02,2026-02-02,9,9,0,384.5,381.2,35070.0,38196.0,0,OTIF
ENV-00274,MAT-02,Arena gruesa (40/70),Arena,t,PRV-01,Arenera del Sur,Chelforo (RN),420,PAD-06,Bajada del Palo,Vista,2026-02,2026-02-03,2026-02-08,2026-02-08,5,5,0,9000,9041.8,831846.0,620436.0,0,OTIF
ENV-00275,MAT-02,Arena gruesa (40/70),Arena,t,PRV-04,Arenas Cuyanas,San Rafael (MZA),780,PAD-02,Bandurria Sur,YPF,2026-02,2026-02-03,2026-02-13,2026-02-13,10,10,0,9000,8987.6,826859.0,1070252.0,0,OTIF
ENV-00276,MAT-01,Arena fina (100 mesh),Arena,t,PRV-02,Silice Patagonia,Dolavon (CH),610,PAD-07,El Trapial,Chevron,2026-02,2026-02-03,2026-02-10,2026-02-12,7,9,2,9000,9009.7,675728.0,914320.0,510000,Demorado
ENV-00277,MAT-02,Arena gruesa (40/70),Arena,t,PRV-02,Silice Patagonia,Dolavon (CH),610,PAD-11,Aguada Federal,Wintershall,2026-02,2026-02-03,2026-02-11,2026-02-10,8,7,-1,9000,9061.2,833630.0,778139.0,0,OTIF
ENV-00278,MAT-01,Arena fina (100 mesh),Arena,t,PRV-01,Arenera del Sur,Chelforo (RN),420,PAD-07,El Trapial,Chevron,2026-02,2026-02-03,2026-02-09,2026-02-09,6,6,0,9000,8927.5,669562.0,567962.0,0,OTIF
ENV-00279,MAT-02,Arena gruesa (40/70),Arena,t,PRV-02,Silice Patagonia,Dolavon (CH),610,PAD-02,Bandurria Sur,YPF,2026-02,2026-02-03,2026-02-10,2026-02-10,7,7,0,376.7,377.9,34767.0,32117.0,0,OTIF
ENV-00280,MAT-02,Arena gruesa (40/70),Arena,t,PRV-02,Silice Patagonia,Dolavon (CH),610,PAD-03,La Amarga Chica,YPF,2026-02,2026-02-12,2026-02-20,2026-02-20,8,8,0,9000,8993.7,827420.0,785653.0,0,OTIF
ENV-00281,MAT-01,Arena fina (100 mesh),Arena,t,PRV-01,Arenera del Sur,Chelforo (RN),420,PAD-01,Loma Campana,YPF,2026-02,2026-02-12,2026-02-19,2026-02-18,7,6,-1,9000,9007.5,675562.0,674602.0,0,OTIF
ENV-00282,MAT-01,Arena fina (100 mesh),Arena,t,PRV-02,Silice Patagonia,Dolavon (CH),610,PAD-09,Los Toldos,ExxonMobil,2026-02,2026-02-12,2026-02-20,2026-02-20,8,8,0,9000,9066.0,679950.0,837413.0,0,OTIF
ENV-00283,MAT-02,Arena gruesa (40/70),Arena,t,PRV-04,Arenas Cuyanas,San Rafael (MZA),780,PAD-08,Aguada Pichana,Total,2026-02,2026-02-12,2026-02-20,2026-02-20,8,8,0,9000,8074.0,742808.0,933540.0,0,Incompleto
ENV-00284,MAT-01,Arena fina (100 mesh),Arena,t,PRV-02,Silice Patagonia,Dolavon (CH),610,PAD-10,Cruz de Lorena,Shell,2026-02,2026-02-12,2026-02-19,2026-02-19,7,7,0,8671.8,8614.1,646058.0,749869.0,0,OTIF
ENV-00285,MAT-02,Arena gruesa (40/70),Arena,t,PRV-01,Arenera del Sur,Chelforo (RN),420,PAD-01,Loma Campana,YPF,2026-02,2026-02-21,2026-02-26,2026-02-26,5,5,0,9000,9022.9,830107.0,657720.0,0,OTIF
ENV-00286,MAT-01,Arena fina (100 mesh),Arena,t,PRV-01,Arenera del Sur,Chelforo (RN),420,PAD-12,Coiron Amargo,Pan American,2026-02,2026-02-21,2026-02-26,2026-02-26,5,5,0,9000,8959.7,671978.0,603299.0,0,OTIF
ENV-00287,MAT-02,Arena gruesa (40/70),Arena,t,PRV-04,Arenas Cuyanas,San Rafael (MZA),780,PAD-12,Coiron Amargo,Pan American,2026-02,2026-02-21,2026-03-01,2026-02-28,8,7,-1,9000,9046.5,832278.0,1142221.0,0,OTIF
ENV-00288,MAT-01,Arena fina (100 mesh),Arena,t,PRV-04,Arenas Cuyanas,San Rafael (MZA),780,PAD-10,Cruz de Lorena,Shell,2026-02,2026-02-21,2026-03-02,2026-03-02,9,9,0,9000,8957.5,671812.0,1066929.0,0,OTIF
ENV-00289,MAT-01,Arena fina (100 mesh),Arena,t,PRV-02,Silice Patagonia,Dolavon (CH),610,PAD-08,Aguada Pichana,Total,2026-02,2026-02-21,2026-02-28,2026-02-27,7,6,-1,8453.0,8485.7,636428.0,709069.0,0,OTIF
ENV-00290,MAT-01,Arena fina (100 mesh),Arena,t,PRV-04,Arenas Cuyanas,San Rafael (MZA),780,PAD-06,Bajada del Palo,Vista,2026-03,2026-03-02,2026-03-10,2026-03-10,8,8,0,9000,8913.6,668520.0,1097857.0,0,OTIF
ENV-00291,MAT-02,Arena gruesa (40/70),Arena,t,PRV-01,Arenera del Sur,Chelforo (RN),420,PAD-05,Rincon La Ceniza,Shell,2026-03,2026-03-02,2026-03-09,2026-03-09,7,7,0,9000,8964.1,824697.0,641426.0,0,OTIF
ENV-00292,MAT-02,Arena gruesa (40/70),Arena,t,PRV-03,NQN Frac Sand,Anelo (NQN),95,PAD-06,Bajada del Palo,Vista,2026-03,2026-03-02,2026-03-06,2026-03-06,4,4,0,9000,8948.1,823225.0,241934.0,0,OTIF
ENV-00293,MAT-02,Arena gruesa (40/70),Arena,t,PRV-03,NQN Frac Sand,Anelo (NQN),95,PAD-09,Los Toldos,ExxonMobil,2026-03,2026-03-02,2026-03-04,2026-03-04,2,2,0,9000,9001.2,828110.0,209368.0,0,OTIF
ENV-00294,MAT-01,Arena fina (100 mesh),Arena,t,PRV-03,NQN Frac Sand,Anelo (NQN),95,PAD-10,Cruz de Lorena,Shell,2026-03,2026-03-02,2026-03-04,2026-03-04,2,2,0,9000,8954.9,671618.0,223927.0,0,OTIF
ENV-00295,MAT-01,Arena fina (100 mesh),Arena,t,PRV-04,Arenas Cuyanas,San Rafael (MZA),780,PAD-12,Coiron Amargo,Pan American,2026-03,2026-03-02,2026-03-11,2026-03-11,9,9,0,2308.0,2327.5,174562.0,278893.0,0,OTIF
ENV-00296,MAT-02,Arena gruesa (40/70),Arena,t,PRV-01,Arenera del Sur,Chelforo (RN),420,PAD-08,Aguada Pichana,Total,2026-03,2026-03-11,2026-03-16,2026-03-16,5,5,0,9000,8972.0,825424.0,654356.0,0,OTIF
ENV-00297,MAT-01,Arena fina (100 mesh),Arena,t,PRV-01,Arenera del Sur,Chelforo (RN),420,PAD-12,Coiron Amargo,Pan American,2026-03,2026-03-11,2026-03-17,2026-03-18,6,7,1,9000,9050.4,678780.0,576731.0,256700,Demorado
ENV-00298,MAT-01,Arena fina (100 mesh),Arena,t,PRV-01,Arenera del Sur,Chelforo (RN),420,PAD-04,Fortin de Piedra,Tecpetrol,2026-03,2026-03-11,2026-03-17,2026-03-17,6,6,0,9000,9084.1,681308.0,641740.0,0,OTIF
ENV-00299,MAT-01,Arena fina (100 mesh),Arena,t,PRV-02,Silice Patagonia,Dolavon (CH),610,PAD-03,La Amarga Chica,YPF,2026-03,2026-03-11,2026-03-20,2026-03-20,9,9,0,9000,9079.7,680978.0,882600.0,0,OTIF
ENV-00300,MAT-02,Arena gruesa (40/70),Arena,t,PRV-03,NQN Frac Sand,Anelo (NQN),95,PAD-05,Rincon La Ceniza,Shell,2026-03,2026-03-11,2026-03-14,2026-03-14,3,3,0,9000,8964.4,824725.0,227592.0,0,OTIF
ENV-00301,MAT-01,Arena fina (100 mesh),Arena,t,PRV-02,Silice Patagonia,Dolavon (CH),610,PAD-10,Cruz de Lorena,Shell,2026-03,2026-03-11,2026-03-18,2026-03-18,7,7,0,1800.0,1795.5,134662.0,172189.0,0,OTIF
ENV-00302,MAT-01,Arena fina (100 mesh),Arena,t,PRV-02,Silice Patagonia,Dolavon (CH),610,PAD-05,Rincon La Ceniza,Shell,2026-03,2026-03-19,2026-03-27,2026-04-06,8,18,10,9000,8957.0,671775.0,870412.0,2541500,Demorado
ENV-00303,MAT-01,Arena fina (100 mesh),Arena,t,PRV-04,Arenas Cuyanas,San Rafael (MZA),780,PAD-05,Rincon La Ceniza,Shell,2026-03,2026-03-19,2026-03-27,2026-03-27,8,8,0,9000,8511.7,638378.0,1046945.0,0,Incompleto
ENV-00304,MAT-01,Arena fina (100 mesh),Arena,t,PRV-01,Arenera del Sur,Chelforo (RN),420,PAD-06,Bajada del Palo,Vista,2026-03,2026-03-19,2026-03-26,2026-03-28,7,9,2,9000,9073.2,680490.0,603452.0,513400,Demorado
ENV-00305,MAT-01,Arena fina (100 mesh),Arena,t,PRV-03,NQN Frac Sand,Anelo (NQN),95,PAD-10,Cruz de Lorena,Shell,2026-03,2026-03-19,2026-03-22,2026-03-22,3,3,0,9000,9051.3,678848.0,249070.0,0,OTIF
ENV-00306,MAT-02,Arena gruesa (40/70),Arena,t,PRV-03,NQN Frac Sand,Anelo (NQN),95,PAD-09,Los Toldos,ExxonMobil,2026-03,2026-03-19,2026-03-21,2026-03-21,2,2,0,9000,8927.6,821339.0,207437.0,0,OTIF
ENV-00307,MAT-01,Arena fina (100 mesh),Arena,t,PRV-01,Arenera del Sur,Chelforo (RN),420,PAD-09,Los Toldos,ExxonMobil,2026-03,2026-03-19,2026-03-26,2026-03-26,7,7,0,238.8,237.5,17812.0,17476.0,0,OTIF
ENV-00308,MAT-02,Arena gruesa (40/70),Arena,t,PRV-02,Silice Patagonia,Dolavon (CH),610,PAD-06,Bajada del Palo,Vista,2026-03,2026-03-28,2026-04-05,2026-04-05,8,8,0,9000,8919.7,820612.0,852645.0,0,OTIF
ENV-00309,MAT-01,Arena fina (100 mesh),Arena,t,PRV-02,Silice Patagonia,Dolavon (CH),610,PAD-10,Cruz de Lorena,Shell,2026-03,2026-03-28,2026-04-05,2026-04-05,8,8,0,9000,8978.7,673402.0,797261.0,0,OTIF
ENV-00310,MAT-01,Arena fina (100 mesh),Arena,t,PRV-01,Arenera del Sur,Chelforo (RN),420,PAD-03,La Amarga Chica,YPF,2026-03,2026-03-28,2026-04-02,2026-04-02,5,5,0,9000,9087.6,681570.0,569453.0,0,OTIF
ENV-00311,MAT-01,Arena fina (100 mesh),Arena,t,PRV-04,Arenas Cuyanas,San Rafael (MZA),780,PAD-03,La Amarga Chica,YPF,2026-03,2026-03-28,2026-04-06,2026-04-06,9,9,0,9000,8920.4,669030.0,1016831.0,0,OTIF
ENV-00312,MAT-01,Arena fina (100 mesh),Arena,t,PRV-01,Arenera del Sur,Chelforo (RN),420,PAD-03,La Amarga Chica,YPF,2026-03,2026-03-28,2026-04-03,2026-04-03,6,6,0,9000,8988.1,674108.0,601406.0,0,OTIF
ENV-00313,MAT-02,Arena gruesa (40/70),Arena,t,PRV-02,Silice Patagonia,Dolavon (CH),610,PAD-08,Aguada Pichana,Total,2026-03,2026-03-28,2026-04-04,2026-04-07,7,10,3,4398.4,4432.9,407827.0,434888.0,377400,Demorado
ENV-00314,MAT-01,Arena fina (100 mesh),Arena,t,PRV-02,Silice Patagonia,Dolavon (CH),610,PAD-01,Loma Campana,YPF,2026-04,2026-04-05,2026-04-14,2026-04-14,9,9,0,9000,8966.2,672465.0,760809.0,0,OTIF
ENV-00315,MAT-01,Arena fina (100 mesh),Arena,t,PRV-02,Silice Patagonia,Dolavon (CH),610,PAD-05,Rincon La Ceniza,Shell,2026-04,2026-04-05,2026-04-12,2026-04-12,7,7,0,9000,9041.0,678075.0,857270.0,0,OTIF
ENV-00316,MAT-01,Arena fina (100 mesh),Arena,t,PRV-01,Arenera del Sur,Chelforo (RN),420,PAD-11,Aguada Federal,Wintershall,2026-04,2026-04-05,2026-04-11,2026-04-11,6,6,0,9000,8939.7,670478.0,661192.0,0,OTIF
ENV-00317,MAT-01,Arena fina (100 mesh),Arena,t,PRV-03,NQN Frac Sand,Anelo (NQN),95,PAD-01,Loma Campana,YPF,2026-04,2026-04-05,2026-04-07,2026-04-06,2,1,-1,9000,9016.1,676208.0,211548.0,0,OTIF
ENV-00318,MAT-01,Arena fina (100 mesh),Arena,t,PRV-01,Arenera del Sur,Chelforo (RN),420,PAD-11,Aguada Federal,Wintershall,2026-04,2026-04-05,2026-04-11,2026-04-11,6,6,0,8566.5,8489.2,636690.0,638908.0,0,OTIF
ENV-00319,MAT-01,Arena fina (100 mesh),Arena,t,PRV-03,NQN Frac Sand,Anelo (NQN),95,PAD-11,Aguada Federal,Wintershall,2026-04,2026-04-13,2026-04-15,2026-04-15,2,2,0,9000,9008.5,675638.0,226239.0,0,OTIF
ENV-00320,MAT-01,Arena fina (100 mesh),Arena,t,PRV-01,Arenera del Sur,Chelforo (RN),420,PAD-12,Coiron Amargo,Pan American,2026-04,2026-04-13,2026-04-19,2026-04-18,6,5,-1,9000,9022.1,676658.0,639861.0,0,OTIF
ENV-00321,MAT-01,Arena fina (100 mesh),Arena,t,PRV-01,Arenera del Sur,Chelforo (RN),420,PAD-02,Bandurria Sur,YPF,2026-04,2026-04-13,2026-04-19,2026-04-18,6,5,-1,9000,8946.0,670950.0,576336.0,0,OTIF
ENV-00322,MAT-02,Arena gruesa (40/70),Arena,t,PRV-02,Silice Patagonia,Dolavon (CH),610,PAD-04,Fortin de Piedra,Tecpetrol,2026-04,2026-04-13,2026-04-22,2026-04-22,9,9,0,9000,9073.9,834799.0,877208.0,0,OTIF
ENV-00323,MAT-01,Arena fina (100 mesh),Arena,t,PRV-02,Silice Patagonia,Dolavon (CH),610,PAD-04,Fortin de Piedra,Tecpetrol,2026-04,2026-04-13,2026-04-20,2026-04-20,7,7,0,9000,9030.4,677280.0,774692.0,0,OTIF
ENV-00324,MAT-01,Arena fina (100 mesh),Arena,t,PRV-01,Arenera del Sur,Chelforo (RN),420,PAD-09,Los Toldos,ExxonMobil,2026-04,2026-04-13,2026-04-20,2026-04-20,7,7,0,2068.6,2066.8,155010.0,155061.0,0,OTIF
ENV-00325,MAT-01,Arena fina (100 mesh),Arena,t,PRV-01,Arenera del Sur,Chelforo (RN),420,PAD-01,Loma Campana,YPF,2026-04,2026-04-21,2026-04-26,2026-04-26,5,5,0,9000,9031.8,677385.0,603700.0,0,OTIF
ENV-00326,MAT-01,Arena fina (100 mesh),Arena,t,PRV-01,Arenera del Sur,Chelforo (RN),420,PAD-01,Loma Campana,YPF,2026-04,2026-04-21,2026-04-26,2026-04-26,5,5,0,9000,8988.8,674160.0,627043.0,0,OTIF
ENV-00327,MAT-02,Arena gruesa (40/70),Arena,t,PRV-04,Arenas Cuyanas,San Rafael (MZA),780,PAD-02,Bandurria Sur,YPF,2026-04,2026-04-21,2026-04-30,2026-05-05,9,14,5,9000,8979.4,826105.0,1113382.0,1270750,Demorado
ENV-00328,MAT-01,Arena fina (100 mesh),Arena,t,PRV-03,NQN Frac Sand,Anelo (NQN),95,PAD-11,Aguada Federal,Wintershall,2026-04,2026-04-21,2026-04-23,2026-04-23,2,2,0,9000,9062.0,679650.0,209180.0,0,OTIF
ENV-00329,MAT-02,Arena gruesa (40/70),Arena,t,PRV-04,Arenas Cuyanas,San Rafael (MZA),780,PAD-08,Aguada Pichana,Total,2026-04,2026-04-21,2026-04-29,2026-04-29,8,8,0,8983.2,9048.3,832444.0,1128866.0,0,OTIF
ENV-00330,MAT-02,Arena gruesa (40/70),Arena,t,PRV-03,NQN Frac Sand,Anelo (NQN),95,PAD-03,La Amarga Chica,YPF,2026-04,2026-04-29,2026-05-02,2026-05-02,3,3,0,9000,7600.3,699228.0,184139.0,0,Incompleto
ENV-00331,MAT-01,Arena fina (100 mesh),Arena,t,PRV-03,NQN Frac Sand,Anelo (NQN),95,PAD-11,Aguada Federal,Wintershall,2026-04,2026-04-29,2026-05-03,2026-05-03,4,4,0,9000,9021.3,676598.0,224715.0,0,OTIF
ENV-00332,MAT-02,Arena gruesa (40/70),Arena,t,PRV-03,NQN Frac Sand,Anelo (NQN),95,PAD-08,Aguada Pichana,Total,2026-04,2026-04-29,2026-05-03,2026-05-03,4,4,0,9000,9010.5,828966.0,251708.0,0,OTIF
ENV-00333,MAT-01,Arena fina (100 mesh),Arena,t,PRV-01,Arenera del Sur,Chelforo (RN),420,PAD-11,Aguada Federal,Wintershall,2026-04,2026-04-29,2026-05-06,2026-05-06,7,7,0,9000,8923.5,669262.0,604981.0,0,OTIF
ENV-00334,MAT-01,Arena fina (100 mesh),Arena,t,PRV-01,Arenera del Sur,Chelforo (RN),420,PAD-05,Rincon La Ceniza,Shell,2026-04,2026-04-29,2026-05-06,2026-05-06,7,7,0,9000,8952.3,671422.0,602638.0,0,OTIF
ENV-00335,MAT-01,Arena fina (100 mesh),Arena,t,PRV-03,NQN Frac Sand,Anelo (NQN),95,PAD-08,Aguada Pichana,Total,2026-04,2026-04-29,2026-05-02,2026-05-01,3,2,-1,1634.7,1639.7,122978.0,37965.0,0,OTIF
ENV-00336,MAT-01,Arena fina (100 mesh),Arena,t,PRV-01,Arenera del Sur,Chelforo (RN),420,PAD-09,Los Toldos,ExxonMobil,2026-05,2026-05-08,2026-05-13,2026-05-13,5,5,0,9000,9070.2,680265.0,624458.0,0,OTIF
ENV-00337,MAT-02,Arena gruesa (40/70),Arena,t,PRV-02,Silice Patagonia,Dolavon (CH),610,PAD-08,Aguada Pichana,Total,2026-05,2026-05-08,2026-05-16,2026-05-16,8,8,0,9000,8969.8,825222.0,881706.0,0,OTIF
ENV-00338,MAT-02,Arena gruesa (40/70),Arena,t,PRV-02,Silice Patagonia,Dolavon (CH),610,PAD-12,Coiron Amargo,Pan American,2026-05,2026-05-08,2026-05-17,2026-05-16,9,8,-1,9000,8910.4,819757.0,801534.0,0,OTIF
ENV-00339,MAT-02,Arena gruesa (40/70),Arena,t,PRV-02,Silice Patagonia,Dolavon (CH),610,PAD-05,Rincon La Ceniza,Shell,2026-05,2026-05-08,2026-05-17,2026-05-25,9,17,8,9000,9039.0,831588.0,879998.0,2046800,Demorado
ENV-00340,MAT-01,Arena fina (100 mesh),Arena,t,PRV-01,Arenera del Sur,Chelforo (RN),420,PAD-10,Cruz de Lorena,Shell,2026-05,2026-05-08,2026-05-13,2026-05-13,5,5,0,9000,9058.4,679380.0,573962.0,0,OTIF
ENV-00341,MAT-01,Arena fina (100 mesh),Arena,t,PRV-01,Arenera del Sur,Chelforo (RN),420,PAD-07,El Trapial,Chevron,2026-05,2026-05-08,2026-05-15,2026-05-15,7,7,0,2398.8,2396.4,179730.0,168477.0,0,OTIF
ENV-00342,MAT-02,Arena gruesa (40/70),Arena,t,PRV-04,Arenas Cuyanas,San Rafael (MZA),780,PAD-03,La Amarga Chica,YPF,2026-05,2026-05-18,2026-05-26,2026-05-25,8,7,-1,9000,9061.0,833612.0,1040000.0,0,OTIF
ENV-00343,MAT-01,Arena fina (100 mesh),Arena,t,PRV-02,Silice Patagonia,Dolavon (CH),610,PAD-03,La Amarga Chica,YPF,2026-05,2026-05-18,2026-05-27,2026-05-26,9,8,-1,9000,9019.1,676432.0,805375.0,0,OTIF
ENV-00344,MAT-01,Arena fina (100 mesh),Arena,t,PRV-04,Arenas Cuyanas,San Rafael (MZA),780,PAD-07,El Trapial,Chevron,2026-05,2026-05-18,2026-05-27,2026-05-27,9,9,0,9000,9054.9,679118.0,961035.0,0,OTIF
ENV-00345,MAT-02,Arena gruesa (40/70),Arena,t,PRV-02,Silice Patagonia,Dolavon (CH),610,PAD-12,Coiron Amargo,Pan American,2026-05,2026-05-18,2026-05-27,2026-05-27,9,9,0,9000,9009.6,828883.0,785228.0,0,OTIF
ENV-00346,MAT-02,Arena gruesa (40/70),Arena,t,PRV-01,Arenera del Sur,Chelforo (RN),420,PAD-12,Coiron Amargo,Pan American,2026-05,2026-05-18,2026-05-25,2026-05-25,7,7,0,9000,9027.0,830484.0,674557.0,0,OTIF
ENV-00347,MAT-02,Arena gruesa (40/70),Arena,t,PRV-02,Silice Patagonia,Dolavon (CH),610,PAD-12,Coiron Amargo,Pan American,2026-05,2026-05-18,2026-05-27,2026-05-31,9,13,4,4470.6,4510.2,414938.0,437974.0,510000,Demorado
ENV-00348,MAT-02,Arena gruesa (40/70),Arena,t,PRV-03,NQN Frac Sand,Anelo (NQN),95,PAD-09,Los Toldos,ExxonMobil,2026-05,2026-05-30,2026-06-02,2026-06-02,3,3,0,9000,7422.3,682852.0,194330.0,0,Incompleto
ENV-00349,MAT-02,Arena gruesa (40/70),Arena,t,PRV-01,Arenera del Sur,Chelforo (RN),420,PAD-03,La Amarga Chica,YPF,2026-05,2026-05-30,2026-06-06,2026-06-06,7,7,0,9000,8963.1,824605.0,642677.0,0,OTIF
ENV-00350,MAT-01,Arena fina (100 mesh),Arena,t,PRV-01,Arenera del Sur,Chelforo (RN),420,PAD-08,Aguada Pichana,Total,2026-05,2026-05-30,2026-06-06,2026-06-06,7,7,0,9000,9043.6,678270.0,622440.0,0,OTIF
ENV-00351,MAT-02,Arena gruesa (40/70),Arena,t,PRV-01,Arenera del Sur,Chelforo (RN),420,PAD-12,Coiron Amargo,Pan American,2026-05,2026-05-30,2026-06-06,2026-06-06,7,7,0,9000,9082.2,835562.0,681101.0,0,OTIF
ENV-00352,MAT-01,Arena fina (100 mesh),Arena,t,PRV-01,Arenera del Sur,Chelforo (RN),420,PAD-09,Los Toldos,ExxonMobil,2026-05,2026-05-30,2026-06-04,2026-06-04,5,5,0,9000,9064.9,679868.0,608163.0,0,OTIF
ENV-00353,MAT-02,Arena gruesa (40/70),Arena,t,PRV-01,Arenera del Sur,Chelforo (RN),420,PAD-11,Aguada Federal,Wintershall,2026-05,2026-05-30,2026-06-06,2026-06-06,7,7,0,4939.0,4984.9,458611.0,323427.0,0,OTIF
ENV-00354,MAT-01,Arena fina (100 mesh),Arena,t,PRV-01,Arenera del Sur,Chelforo (RN),420,PAD-11,Aguada Federal,Wintershall,2026-06,2026-06-09,2026-06-14,2026-06-14,5,5,0,9000,8917.3,668798.0,576597.0,0,OTIF
ENV-00355,MAT-02,Arena gruesa (40/70),Arena,t,PRV-01,Arenera del Sur,Chelforo (RN),420,PAD-03,La Amarga Chica,YPF,2026-06,2026-06-09,2026-06-14,2026-06-14,5,5,0,9000,8937.7,822268.0,583790.0,0,OTIF
ENV-00356,MAT-02,Arena gruesa (40/70),Arena,t,PRV-01,Arenera del Sur,Chelforo (RN),420,PAD-11,Aguada Federal,Wintershall,2026-06,2026-06-09,2026-06-15,2026-06-15,6,6,0,9000,9037.4,831441.0,617296.0,0,OTIF
ENV-00357,MAT-01,Arena fina (100 mesh),Arena,t,PRV-04,Arenas Cuyanas,San Rafael (MZA),780,PAD-09,Los Toldos,ExxonMobil,2026-06,2026-06-09,2026-06-19,2026-06-24,10,15,5,9000,8949.8,671235.0,966587.0,1266500,Demorado
ENV-00358,MAT-02,Arena gruesa (40/70),Arena,t,PRV-01,Arenera del Sur,Chelforo (RN),420,PAD-06,Bajada del Palo,Vista,2026-06,2026-06-09,2026-06-14,2026-06-14,5,5,0,9000,9011.0,829012.0,645675.0,0,OTIF
ENV-00359,MAT-02,Arena gruesa (40/70),Arena,t,PRV-02,Silice Patagonia,Dolavon (CH),610,PAD-02,Bandurria Sur,YPF,2026-06,2026-06-09,2026-06-17,2026-06-17,8,8,0,3702.2,3683.2,338854.0,307908.0,0,OTIF
ENV-00360,MAT-01,Arena fina (100 mesh),Arena,t,PRV-04,Arenas Cuyanas,San Rafael (MZA),780,PAD-07,El Trapial,Chevron,2026-06,2026-06-17,2026-06-26,2026-06-26,9,9,0,9000,7990.8,599310.0,974694.0,0,Incompleto
ENV-00361,MAT-02,Arena gruesa (40/70),Arena,t,PRV-02,Silice Patagonia,Dolavon (CH),610,PAD-09,Los Toldos,ExxonMobil,2026-06,2026-06-17,2026-06-25,2026-07-01,8,14,6,9000,8924.8,821082.0,755860.0,1514700,Demorado
ENV-00362,MAT-01,Arena fina (100 mesh),Arena,t,PRV-04,Arenas Cuyanas,San Rafael (MZA),780,PAD-09,Los Toldos,ExxonMobil,2026-06,2026-06-17,2026-06-27,2026-07-01,10,14,4,9000,8986.4,673980.0,946139.0,1020000,Demorado
ENV-00363,MAT-02,Arena gruesa (40/70),Arena,t,PRV-02,Silice Patagonia,Dolavon (CH),610,PAD-12,Coiron Amargo,Pan American,2026-06,2026-06-17,2026-06-26,2026-06-25,9,8,-1,9000,8914.3,820116.0,867073.0,0,OTIF
ENV-00364,MAT-01,Arena fina (100 mesh),Arena,t,PRV-01,Arenera del Sur,Chelforo (RN),420,PAD-02,Bandurria Sur,YPF,2026-06,2026-06-17,2026-06-22,2026-06-22,5,5,0,8198.6,8153.9,611542.0,524921.0,0,OTIF
ENV-00365,MAT-02,Arena gruesa (40/70),Arena,t,PRV-01,Arenera del Sur,Chelforo (RN),420,PAD-11,Aguada Federal,Wintershall,2026-06,2026-06-26,2026-07-02,2026-07-02,6,6,0,9000,8911.1,819821.0,634449.0,0,OTIF
ENV-00366,MAT-01,Arena fina (100 mesh),Arena,t,PRV-01,Arenera del Sur,Chelforo (RN),420,PAD-12,Coiron Amargo,Pan American,2026-06,2026-06-26,2026-07-03,2026-07-03,7,7,0,9000,8962.2,672165.0,633643.0,0,OTIF
ENV-00367,MAT-02,Arena gruesa (40/70),Arena,t,PRV-02,Silice Patagonia,Dolavon (CH),610,PAD-05,Rincon La Ceniza,Shell,2026-06,2026-06-26,2026-07-04,2026-07-04,8,8,0,9000,9006.0,828552.0,770207.0,0,OTIF
ENV-00368,MAT-02,Arena gruesa (40/70),Arena,t,PRV-01,Arenera del Sur,Chelforo (RN),420,PAD-09,Los Toldos,ExxonMobil,2026-06,2026-06-26,2026-07-03,2026-07-03,7,7,0,9000,9053.1,832885.0,645878.0,0,OTIF
ENV-00369,MAT-01,Arena fina (100 mesh),Arena,t,PRV-01,Arenera del Sur,Chelforo (RN),420,PAD-01,Loma Campana,YPF,2026-06,2026-06-26,2026-07-01,2026-07-03,5,7,2,9000,9008.6,675645.0,556629.0,510000,Demorado
ENV-00370,MAT-02,Arena gruesa (40/70),Arena,t,PRV-01,Arenera del Sur,Chelforo (RN),420,PAD-12,Coiron Amargo,Pan American,2026-06,2026-06-26,2026-07-01,2026-07-01,5,5,0,2190.4,2175.5,200146.0,138987.0,0,OTIF
ENV-00371,MAT-01,Arena fina (100 mesh),Arena,t,PRV-03,NQN Frac Sand,Anelo (NQN),95,PAD-04,Fortin de Piedra,Tecpetrol,2026-07,2026-07-06,2026-07-08,2026-07-08,2,2,0,9000,8349.1,626182.0,233346.0,0,Incompleto
ENV-00372,MAT-01,Arena fina (100 mesh),Arena,t,PRV-02,Silice Patagonia,Dolavon (CH),610,PAD-11,Aguada Federal,Wintershall,2026-07,2026-07-06,2026-07-14,2026-07-14,8,8,0,9000,9014.5,676088.0,919475.0,0,OTIF
ENV-00373,MAT-01,Arena fina (100 mesh),Arena,t,PRV-01,Arenera del Sur,Chelforo (RN),420,PAD-11,Aguada Federal,Wintershall,2026-07,2026-07-06,2026-07-11,2026-07-10,5,4,-1,9000,8997.5,674812.0,588459.0,0,OTIF
ENV-00374,MAT-01,Arena fina (100 mesh),Arena,t,PRV-02,Silice Patagonia,Dolavon (CH),610,PAD-12,Coiron Amargo,Pan American,2026-07,2026-07-06,2026-07-15,2026-07-15,9,9,0,9000,8940.4,670530.0,796649.0,0,OTIF
ENV-00375,MAT-02,Arena gruesa (40/70),Arena,t,PRV-03,NQN Frac Sand,Anelo (NQN),95,PAD-12,Coiron Amargo,Pan American,2026-07,2026-07-06,2026-07-09,2026-07-08,3,2,-1,8697.3,8763.0,806196.0,219583.0,0,OTIF
ENV-00376,MAT-02,Arena gruesa (40/70),Arena,t,PRV-01,Arenera del Sur,Chelforo (RN),420,PAD-05,Rincon La Ceniza,Shell,2026-07,2026-07-15,2026-07-22,2026-07-22,7,7,0,9000,8960.5,824366.0,652188.0,0,OTIF
ENV-00377,MAT-02,Arena gruesa (40/70),Arena,t,PRV-04,Arenas Cuyanas,San Rafael (MZA),780,PAD-04,Fortin de Piedra,Tecpetrol,2026-07,2026-07-15,2026-07-25,2026-07-24,10,9,-1,9000,8913.4,820033.0,1028451.0,0,OTIF
ENV-00378,MAT-02,Arena gruesa (40/70),Arena,t,PRV-01,Arenera del Sur,Chelforo (RN),420,PAD-10,Cruz de Lorena,Shell,2026-07,2026-07-15,2026-07-22,2026-07-21,7,6,-1,9000,9070.9,834523.0,621456.0,0,OTIF
ENV-00379,MAT-02,Arena gruesa (40/70),Arena,t,PRV-02,Silice Patagonia,Dolavon (CH),610,PAD-03,La Amarga Chica,YPF,2026-07,2026-07-15,2026-07-23,2026-07-23,8,8,0,9000,8962.4,824541.0,826180.0,0,OTIF
ENV-00380,MAT-02,Arena gruesa (40/70),Arena,t,PRV-02,Silice Patagonia,Dolavon (CH),610,PAD-07,El Trapial,Chevron,2026-07,2026-07-15,2026-07-24,2026-07-26,9,11,2,9000,8935.3,822048.0,768415.0,506600,Demorado
ENV-00381,MAT-01,Arena fina (100 mesh),Arena,t,PRV-02,Silice Patagonia,Dolavon (CH),610,PAD-10,Cruz de Lorena,Shell,2026-07,2026-07-15,2026-07-24,2026-07-24,9,9,0,4048.5,3762.9,282218.0,328944.0,0,Incompleto
ENV-00382,MAT-01,Arena fina (100 mesh),Arena,t,PRV-01,Arenera del Sur,Chelforo (RN),420,PAD-04,Fortin de Piedra,Tecpetrol,2026-07,2026-07-25,2026-08-01,2026-08-01,7,7,0,9000,8994.5,674588.0,605113.0,0,OTIF
ENV-00383,MAT-02,Arena gruesa (40/70),Arena,t,PRV-01,Arenera del Sur,Chelforo (RN),420,PAD-11,Aguada Federal,Wintershall,2026-07,2026-07-25,2026-07-30,2026-07-30,5,5,0,9000,9060.3,833548.0,583812.0,0,OTIF
ENV-00384,MAT-02,Arena gruesa (40/70),Arena,t,PRV-02,Silice Patagonia,Dolavon (CH),610,PAD-03,La Amarga Chica,YPF,2026-07,2026-07-25,2026-08-03,2026-08-03,9,9,0,9000,8924.0,821008.0,783896.0,0,OTIF
ENV-00385,MAT-02,Arena gruesa (40/70),Arena,t,PRV-04,Arenas Cuyanas,San Rafael (MZA),780,PAD-04,Fortin de Piedra,Tecpetrol,2026-07,2026-07-25,2026-08-03,2026-08-03,9,9,0,9000,9069.7,834412.0,932486.0,0,OTIF
ENV-00386,MAT-01,Arena fina (100 mesh),Arena,t,PRV-04,Arenas Cuyanas,San Rafael (MZA),780,PAD-08,Aguada Pichana,Total,2026-07,2026-07-25,2026-08-02,2026-08-06,8,12,4,9000,8938.3,670372.0,1052663.0,1013200,Demorado
ENV-00387,MAT-01,Arena fina (100 mesh),Arena,t,PRV-03,NQN Frac Sand,Anelo (NQN),95,PAD-11,Aguada Federal,Wintershall,2026-07,2026-07-25,2026-07-28,2026-07-28,3,3,0,1661.7,1661.0,124575.0,39192.0,0,OTIF
ENV-00388,MAT-01,Arena fina (100 mesh),Arena,t,PRV-01,Arenera del Sur,Chelforo (RN),420,PAD-07,El Trapial,Chevron,2026-08,2026-08-03,2026-08-08,2026-08-10,5,7,2,9000,9023.3,676748.0,551581.0,511700,Demorado
ENV-00389,MAT-01,Arena fina (100 mesh),Arena,t,PRV-02,Silice Patagonia,Dolavon (CH),610,PAD-01,Loma Campana,YPF,2026-08,2026-08-03,2026-08-11,2026-08-11,8,8,0,9000,9084.5,681338.0,869194.0,0,OTIF
ENV-00390,MAT-02,Arena gruesa (40/70),Arena,t,PRV-04,Arenas Cuyanas,San Rafael (MZA),780,PAD-12,Coiron Amargo,Pan American,2026-08,2026-08-03,2026-08-11,2026-08-11,8,8,0,9000,8996.7,827696.0,973166.0,0,OTIF
ENV-00391,MAT-01,Arena fina (100 mesh),Arena,t,PRV-01,Arenera del Sur,Chelforo (RN),420,PAD-03,La Amarga Chica,YPF,2026-08,2026-08-03,2026-08-10,2026-08-10,7,7,0,9000,8971.7,672878.0,603332.0,0,OTIF
ENV-00392,MAT-02,Arena gruesa (40/70),Arena,t,PRV-02,Silice Patagonia,Dolavon (CH),610,PAD-04,Fortin de Piedra,Tecpetrol,2026-08,2026-08-03,2026-08-11,2026-08-15,8,12,4,9000,9019.0,829748.0,779009.0,1023400,Demorado
ENV-00393,MAT-01,Arena fina (100 mesh),Arena,t,PRV-04,Arenas Cuyanas,San Rafael (MZA),780,PAD-10,Cruz de Lorena,Shell,2026-08,2026-08-03,2026-08-13,2026-08-12,10,9,-1,2222.5,2206.1,165458.0,260069.0,0,OTIF
ENV-00394,MAT-02,Arena gruesa (40/70),Arena,t,PRV-03,NQN Frac Sand,Anelo (NQN),95,PAD-11,Aguada Federal,Wintershall,2026-08,2026-08-13,2026-08-17,2026-08-17,4,4,0,9000,8987.2,826822.0,248943.0,0,OTIF
ENV-00395,MAT-02,Arena gruesa (40/70),Arena,t,PRV-02,Silice Patagonia,Dolavon (CH),610,PAD-07,El Trapial,Chevron,2026-08,2026-08-13,2026-08-22,2026-08-22,9,9,0,9000,9013.7,829260.0,823489.0,0,OTIF
ENV-00396,MAT-01,Arena fina (100 mesh),Arena,t,PRV-01,Arenera del Sur,Chelforo (RN),420,PAD-04,Fortin de Piedra,Tecpetrol,2026-08,2026-08-13,2026-08-19,2026-08-19,6,6,0,9000,8911.0,668325.0,637524.0,0,OTIF
ENV-00397,MAT-01,Arena fina (100 mesh),Arena,t,PRV-01,Arenera del Sur,Chelforo (RN),420,PAD-09,Los Toldos,ExxonMobil,2026-08,2026-08-13,2026-08-20,2026-08-23,7,10,3,9000,8966.9,672518.0,590967.0,762450,Demorado
ENV-00398,MAT-02,Arena gruesa (40/70),Arena,t,PRV-01,Arenera del Sur,Chelforo (RN),420,PAD-11,Aguada Federal,Wintershall,2026-08,2026-08-13,2026-08-19,2026-08-19,6,6,0,9000,8959.6,824283.0,632794.0,0,OTIF
ENV-00399,MAT-02,Arena gruesa (40/70),Arena,t,PRV-03,NQN Frac Sand,Anelo (NQN),95,PAD-07,El Trapial,Chevron,2026-08,2026-08-13,2026-08-15,2026-08-15,2,2,0,3249.6,3237.0,297804.0,79053.0,0,OTIF
ENV-00400,MAT-01,Arena fina (100 mesh),Arena,t,PRV-03,NQN Frac Sand,Anelo (NQN),95,PAD-12,Coiron Amargo,Pan American,2026-08,2026-08-22,2026-08-26,2026-08-26,4,4,0,9000,9080.9,681068.0,209574.0,0,OTIF
ENV-00401,MAT-01,Arena fina (100 mesh),Arena,t,PRV-02,Silice Patagonia,Dolavon (CH),610,PAD-06,Bajada del Palo,Vista,2026-08,2026-08-22,2026-08-29,2026-08-29,7,7,0,9000,9058.2,679365.0,836214.0,0,OTIF
ENV-00402,MAT-01,Arena fina (100 mesh),Arena,t,PRV-02,Silice Patagonia,Dolavon (CH),610,PAD-02,Bandurria Sur,YPF,2026-08,2026-08-22,2026-08-30,2026-08-29,8,7,-1,9000,7788.0,584100.0,799904.0,0,Incompleto
ENV-00403,MAT-02,Arena gruesa (40/70),Arena,t,PRV-02,Silice Patagonia,Dolavon (CH),610,PAD-09,Los Toldos,ExxonMobil,2026-08,2026-08-22,2026-08-31,2026-08-30,9,8,-1,9000,8941.5,822618.0,829505.0,0,OTIF
ENV-00404,MAT-02,Arena gruesa (40/70),Arena,t,PRV-01,Arenera del Sur,Chelforo (RN),420,PAD-11,Aguada Federal,Wintershall,2026-08,2026-08-22,2026-08-27,2026-08-29,5,7,2,8972.2,8924.0,821008.0,562475.0,504900,Demorado
ENV-00405,MAT-03,Gasoil grado 2,Gasoil,m3,PRV-05,Combustibles del Alto,Plaza Huincul (NQN),110,PAD-11,Aguada Federal,Wintershall,2024-10,2024-10-02,2024-10-04,2024-10-04,2,2,0,120.0,120.4,114380.0,2558.0,0,OTIF
ENV-00406,MAT-03,Gasoil grado 2,Gasoil,m3,PRV-06,Distribuidora Neuquen,Neuquen (NQN),130,PAD-12,Coiron Amargo,Pan American,2024-10,2024-10-07,2024-10-09,2024-10-09,2,2,0,120.0,120.2,114190.0,2779.0,0,OTIF
ENV-00407,MAT-03,Gasoil grado 2,Gasoil,m3,PRV-05,Combustibles del Alto,Plaza Huincul (NQN),110,PAD-04,Fortin de Piedra,Tecpetrol,2024-10,2024-10-09,2024-10-12,2024-10-12,3,3,0,120.0,119.1,113145.0,2355.0,0,OTIF
ENV-00408,MAT-03,Gasoil grado 2,Gasoil,m3,PRV-05,Combustibles del Alto,Plaza Huincul (NQN),110,PAD-02,Bandurria Sur,YPF,2024-10,2024-10-10,2024-10-14,2024-10-14,4,4,0,120.0,121.1,115045.0,2657.0,0,OTIF
ENV-00409,MAT-03,Gasoil grado 2,Gasoil,m3,PRV-05,Combustibles del Alto,Plaza Huincul (NQN),110,PAD-06,Bajada del Palo,Vista,2024-10,2024-10-25,2024-10-29,2024-10-29,4,4,0,120.0,98.4,93480.0,2124.0,0,Incompleto
ENV-00410,MAT-03,Gasoil grado 2,Gasoil,m3,PRV-07,Sur Energia,Bahia Blanca (BA),640,PAD-04,Fortin de Piedra,Tecpetrol,2024-10,2024-10-21,2024-10-28,2024-10-28,7,7,0,120.0,120.5,114475.0,9159.0,0,OTIF
ENV-00411,MAT-03,Gasoil grado 2,Gasoil,m3,PRV-05,Combustibles del Alto,Plaza Huincul (NQN),110,PAD-11,Aguada Federal,Wintershall,2024-10,2024-10-10,2024-10-12,2024-10-12,2,2,0,120.0,119.3,113335.0,2640.0,0,OTIF
ENV-00412,MAT-03,Gasoil grado 2,Gasoil,m3,PRV-07,Sur Energia,Bahia Blanca (BA),640,PAD-11,Aguada Federal,Wintershall,2024-10,2024-10-06,2024-10-13,2024-10-13,7,7,0,120.0,119.4,113430.0,9014.0,0,OTIF
ENV-00413,MAT-03,Gasoil grado 2,Gasoil,m3,PRV-07,Sur Energia,Bahia Blanca (BA),640,PAD-06,Bajada del Palo,Vista,2024-10,2024-10-08,2024-10-14,2024-10-18,6,10,4,120.0,120.6,114570.0,9751.0,10200,Demorado
ENV-00414,MAT-03,Gasoil grado 2,Gasoil,m3,PRV-07,Sur Energia,Bahia Blanca (BA),640,PAD-06,Bajada del Palo,Vista,2024-10,2024-10-02,2024-10-09,2024-10-09,7,7,0,120.0,119.5,113525.0,8924.0,0,OTIF
ENV-00415,MAT-03,Gasoil grado 2,Gasoil,m3,PRV-07,Sur Energia,Bahia Blanca (BA),640,PAD-05,Rincon La Ceniza,Shell,2024-10,2024-10-25,2024-10-31,2024-10-30,6,5,-1,120.0,119.8,113810.0,10528.0,0,OTIF
ENV-00416,MAT-03,Gasoil grado 2,Gasoil,m3,PRV-06,Distribuidora Neuquen,Neuquen (NQN),130,PAD-07,El Trapial,Chevron,2024-10,2024-10-02,2024-10-05,2024-10-05,3,3,0,120.0,120.5,114475.0,2573.0,0,OTIF
ENV-00417,MAT-03,Gasoil grado 2,Gasoil,m3,PRV-05,Combustibles del Alto,Plaza Huincul (NQN),110,PAD-02,Bandurria Sur,YPF,2024-10,2024-10-07,2024-10-10,2024-10-10,3,3,0,120.0,119.4,113430.0,2584.0,0,OTIF
ENV-00418,MAT-03,Gasoil grado 2,Gasoil,m3,PRV-05,Combustibles del Alto,Plaza Huincul (NQN),110,PAD-03,La Amarga Chica,YPF,2024-10,2024-10-20,2024-10-23,2024-10-23,3,3,0,120.0,120.9,114855.0,2492.0,0,OTIF
ENV-00419,MAT-03,Gasoil grado 2,Gasoil,m3,PRV-06,Distribuidora Neuquen,Neuquen (NQN),130,PAD-10,Cruz de Lorena,Shell,2024-10,2024-10-06,2024-10-08,2024-10-08,2,2,0,120.0,120.9,114855.0,2694.0,0,OTIF
ENV-00420,MAT-03,Gasoil grado 2,Gasoil,m3,PRV-07,Sur Energia,Bahia Blanca (BA),640,PAD-03,La Amarga Chica,YPF,2024-10,2024-10-26,2024-11-01,2024-11-01,6,6,0,120.0,120.8,114760.0,9714.0,0,OTIF
ENV-00421,MAT-03,Gasoil grado 2,Gasoil,m3,PRV-05,Combustibles del Alto,Plaza Huincul (NQN),110,PAD-08,Aguada Pichana,Total,2024-10,2024-10-24,2024-10-27,2024-10-27,3,3,0,120.0,120.5,114475.0,2363.0,0,OTIF
ENV-00422,MAT-03,Gasoil grado 2,Gasoil,m3,PRV-05,Combustibles del Alto,Plaza Huincul (NQN),110,PAD-11,Aguada Federal,Wintershall,2024-10,2024-10-09,2024-10-12,2024-10-12,3,3,0,120.0,120.1,114095.0,2785.0,0,OTIF
ENV-00423,MAT-03,Gasoil grado 2,Gasoil,m3,PRV-05,Combustibles del Alto,Plaza Huincul (NQN),110,PAD-02,Bandurria Sur,YPF,2024-11,2024-11-12,2024-11-16,2024-11-16,4,4,0,120.0,120.4,114380.0,2427.0,0,OTIF
ENV-00424,MAT-03,Gasoil grado 2,Gasoil,m3,PRV-05,Combustibles del Alto,Plaza Huincul (NQN),110,PAD-06,Bajada del Palo,Vista,2024-11,2024-11-25,2024-11-29,2024-11-28,4,3,-1,120.0,119.9,113905.0,2865.0,0,OTIF
ENV-00425,MAT-03,Gasoil grado 2,Gasoil,m3,PRV-06,Distribuidora Neuquen,Neuquen (NQN),130,PAD-06,Bajada del Palo,Vista,2024-11,2024-11-06,2024-11-10,2024-11-10,4,4,0,120.0,119.0,113050.0,2760.0,0,OTIF
ENV-00426,MAT-03,Gasoil grado 2,Gasoil,m3,PRV-05,Combustibles del Alto,Plaza Huincul (NQN),110,PAD-05,Rincon La Ceniza,Shell,2024-11,2024-11-11,2024-11-15,2024-11-15,4,4,0,120.0,120.9,114855.0,2540.0,0,OTIF
ENV-00427,MAT-03,Gasoil grado 2,Gasoil,m3,PRV-06,Distribuidora Neuquen,Neuquen (NQN),130,PAD-08,Aguada Pichana,Total,2024-11,2024-11-19,2024-11-21,2024-11-20,2,1,-1,120.0,120.4,114380.0,3154.0,0,OTIF
ENV-00428,MAT-03,Gasoil grado 2,Gasoil,m3,PRV-06,Distribuidora Neuquen,Neuquen (NQN),130,PAD-04,Fortin de Piedra,Tecpetrol,2024-11,2024-11-23,2024-11-26,2024-11-25,3,2,-1,120.0,120.1,114095.0,2577.0,0,OTIF
ENV-00429,MAT-03,Gasoil grado 2,Gasoil,m3,PRV-06,Distribuidora Neuquen,Neuquen (NQN),130,PAD-02,Bandurria Sur,YPF,2024-11,2024-11-13,2024-11-16,2024-11-15,3,2,-1,120.0,119.7,113715.0,2699.0,0,OTIF
ENV-00430,MAT-03,Gasoil grado 2,Gasoil,m3,PRV-05,Combustibles del Alto,Plaza Huincul (NQN),110,PAD-11,Aguada Federal,Wintershall,2024-11,2024-11-24,2024-11-26,2024-11-26,2,2,0,120.0,103.3,98135.0,2622.0,0,Incompleto
ENV-00431,MAT-03,Gasoil grado 2,Gasoil,m3,PRV-05,Combustibles del Alto,Plaza Huincul (NQN),110,PAD-09,Los Toldos,ExxonMobil,2024-11,2024-11-16,2024-11-20,2024-11-20,4,4,0,120.0,119.2,113240.0,2653.0,0,OTIF
ENV-00432,MAT-03,Gasoil grado 2,Gasoil,m3,PRV-06,Distribuidora Neuquen,Neuquen (NQN),130,PAD-10,Cruz de Lorena,Shell,2024-11,2024-11-21,2024-11-25,2024-11-25,4,4,0,120.0,120.0,114000.0,2701.0,0,OTIF
ENV-00433,MAT-03,Gasoil grado 2,Gasoil,m3,PRV-05,Combustibles del Alto,Plaza Huincul (NQN),110,PAD-06,Bajada del Palo,Vista,2024-11,2024-11-03,2024-11-06,2024-11-05,3,2,-1,120.0,120.6,114570.0,2407.0,0,OTIF
ENV-00434,MAT-03,Gasoil grado 2,Gasoil,m3,PRV-05,Combustibles del Alto,Plaza Huincul (NQN),110,PAD-01,Loma Campana,YPF,2024-11,2024-11-10,2024-11-13,2024-11-13,3,3,0,120.0,120.2,114190.0,2778.0,0,OTIF
ENV-00435,MAT-03,Gasoil grado 2,Gasoil,m3,PRV-05,Combustibles del Alto,Plaza Huincul (NQN),110,PAD-07,El Trapial,Chevron,2024-11,2024-11-18,2024-11-21,2024-11-21,3,3,0,120.0,120.8,114760.0,2458.0,0,OTIF
ENV-00436,MAT-03,Gasoil grado 2,Gasoil,m3,PRV-05,Combustibles del Alto,Plaza Huincul (NQN),110,PAD-04,Fortin de Piedra,Tecpetrol,2024-11,2024-11-03,2024-11-06,2024-11-06,3,3,0,120.0,119.3,113335.0,2354.0,0,OTIF
ENV-00437,MAT-03,Gasoil grado 2,Gasoil,m3,PRV-05,Combustibles del Alto,Plaza Huincul (NQN),110,PAD-11,Aguada Federal,Wintershall,2024-11,2024-11-05,2024-11-09,2024-11-09,4,4,0,120.0,119.6,113620.0,2405.0,0,OTIF
ENV-00438,MAT-03,Gasoil grado 2,Gasoil,m3,PRV-05,Combustibles del Alto,Plaza Huincul (NQN),110,PAD-02,Bandurria Sur,YPF,2024-12,2024-12-18,2024-12-21,2024-12-21,3,3,0,120.0,97.8,92910.0,2091.0,0,Incompleto
ENV-00439,MAT-03,Gasoil grado 2,Gasoil,m3,PRV-05,Combustibles del Alto,Plaza Huincul (NQN),110,PAD-05,Rincon La Ceniza,Shell,2024-12,2024-12-07,2024-12-10,2024-12-10,3,3,0,120.0,120.8,114760.0,2874.0,0,OTIF
ENV-00440,MAT-03,Gasoil grado 2,Gasoil,m3,PRV-05,Combustibles del Alto,Plaza Huincul (NQN),110,PAD-07,El Trapial,Chevron,2024-12,2024-12-02,2024-12-06,2024-12-06,4,4,0,120.0,120.8,114760.0,2804.0,0,OTIF
ENV-00441,MAT-03,Gasoil grado 2,Gasoil,m3,PRV-07,Sur Energia,Bahia Blanca (BA),640,PAD-12,Coiron Amargo,Pan American,2024-12,2024-12-04,2024-12-11,2024-12-11,7,7,0,120.0,118.9,112955.0,9463.0,0,OTIF
ENV-00442,MAT-03,Gasoil grado 2,Gasoil,m3,PRV-05,Combustibles del Alto,Plaza Huincul (NQN),110,PAD-11,Aguada Federal,Wintershall,2024-12,2024-12-25,2024-12-28,2024-12-28,3,3,0,120.0,119.2,113240.0,2727.0,0,OTIF
ENV-00443,MAT-03,Gasoil grado 2,Gasoil,m3,PRV-07,Sur Energia,Bahia Blanca (BA),640,PAD-09,Los Toldos,ExxonMobil,2024-12,2024-12-24,2024-12-31,2024-12-31,7,7,0,120.0,118.9,112955.0,9891.0,0,OTIF
ENV-00444,MAT-03,Gasoil grado 2,Gasoil,m3,PRV-05,Combustibles del Alto,Plaza Huincul (NQN),110,PAD-07,El Trapial,Chevron,2024-12,2024-12-04,2024-12-06,2024-12-06,2,2,0,120.0,120.7,114665.0,2336.0,0,OTIF
ENV-00445,MAT-03,Gasoil grado 2,Gasoil,m3,PRV-06,Distribuidora Neuquen,Neuquen (NQN),130,PAD-12,Coiron Amargo,Pan American,2024-12,2024-12-02,2024-12-06,2024-12-06,4,4,0,120.0,119.2,113240.0,2606.0,0,OTIF
ENV-00446,MAT-03,Gasoil grado 2,Gasoil,m3,PRV-05,Combustibles del Alto,Plaza Huincul (NQN),110,PAD-11,Aguada Federal,Wintershall,2024-12,2024-12-20,2024-12-22,2024-12-22,2,2,0,120.0,119.1,113145.0,2589.0,0,OTIF
ENV-00447,MAT-03,Gasoil grado 2,Gasoil,m3,PRV-07,Sur Energia,Bahia Blanca (BA),640,PAD-11,Aguada Federal,Wintershall,2024-12,2024-12-11,2024-12-18,2024-12-17,7,6,-1,120.0,120.5,114475.0,9133.0,0,OTIF
ENV-00448,MAT-03,Gasoil grado 2,Gasoil,m3,PRV-05,Combustibles del Alto,Plaza Huincul (NQN),110,PAD-08,Aguada Pichana,Total,2024-12,2024-12-02,2024-12-06,2024-12-06,4,4,0,120.0,119.6,113620.0,2734.0,0,OTIF
ENV-00449,MAT-03,Gasoil grado 2,Gasoil,m3,PRV-07,Sur Energia,Bahia Blanca (BA),640,PAD-10,Cruz de Lorena,Shell,2024-12,2024-12-09,2024-12-15,2024-12-15,6,6,0,120.0,120.1,114095.0,9533.0,0,OTIF
ENV-00450,MAT-03,Gasoil grado 2,Gasoil,m3,PRV-06,Distribuidora Neuquen,Neuquen (NQN),130,PAD-07,El Trapial,Chevron,2024-12,2024-12-25,2024-12-27,2024-12-27,2,2,0,120.0,119.6,113620.0,2594.0,0,OTIF
ENV-00451,MAT-03,Gasoil grado 2,Gasoil,m3,PRV-07,Sur Energia,Bahia Blanca (BA),640,PAD-04,Fortin de Piedra,Tecpetrol,2024-12,2024-12-18,2024-12-26,2024-12-30,8,12,4,120.0,119.1,113145.0,9607.0,10200,Demorado
ENV-00452,MAT-03,Gasoil grado 2,Gasoil,m3,PRV-05,Combustibles del Alto,Plaza Huincul (NQN),110,PAD-03,La Amarga Chica,YPF,2024-12,2024-12-03,2024-12-05,2024-12-05,2,2,0,120.0,120.2,114190.0,2801.0,0,OTIF
ENV-00453,MAT-03,Gasoil grado 2,Gasoil,m3,PRV-06,Distribuidora Neuquen,Neuquen (NQN),130,PAD-10,Cruz de Lorena,Shell,2025-01,2025-01-22,2025-01-24,2025-01-24,2,2,0,120.0,121.0,114950.0,2703.0,0,OTIF
ENV-00454,MAT-03,Gasoil grado 2,Gasoil,m3,PRV-07,Sur Energia,Bahia Blanca (BA),640,PAD-02,Bandurria Sur,YPF,2025-01,2025-01-16,2025-01-24,2025-01-29,8,13,5,120.0,120.7,114665.0,8741.0,12750,Demorado
ENV-00455,MAT-03,Gasoil grado 2,Gasoil,m3,PRV-05,Combustibles del Alto,Plaza Huincul (NQN),110,PAD-01,Loma Campana,YPF,2025-01,2025-01-20,2025-01-23,2025-01-23,3,3,0,120.0,119.0,113050.0,2443.0,0,OTIF
ENV-00456,MAT-03,Gasoil grado 2,Gasoil,m3,PRV-05,Combustibles del Alto,Plaza Huincul (NQN),110,PAD-09,Los Toldos,ExxonMobil,2025-01,2025-01-13,2025-01-17,2025-01-17,4,4,0,120.0,119.8,113810.0,2381.0,0,OTIF
ENV-00457,MAT-03,Gasoil grado 2,Gasoil,m3,PRV-06,Distribuidora Neuquen,Neuquen (NQN),130,PAD-11,Aguada Federal,Wintershall,2025-01,2025-01-21,2025-01-25,2025-01-25,4,4,0,120.0,119.2,113240.0,2799.0,0,OTIF
ENV-00458,MAT-03,Gasoil grado 2,Gasoil,m3,PRV-06,Distribuidora Neuquen,Neuquen (NQN),130,PAD-09,Los Toldos,ExxonMobil,2025-01,2025-01-11,2025-01-14,2025-01-14,3,3,0,120.0,120.8,114760.0,2828.0,0,OTIF
ENV-00459,MAT-03,Gasoil grado 2,Gasoil,m3,PRV-05,Combustibles del Alto,Plaza Huincul (NQN),110,PAD-12,Coiron Amargo,Pan American,2025-01,2025-01-21,2025-01-25,2025-01-25,4,4,0,120.0,120.1,114095.0,2747.0,0,OTIF
ENV-00460,MAT-03,Gasoil grado 2,Gasoil,m3,PRV-07,Sur Energia,Bahia Blanca (BA),640,PAD-08,Aguada Pichana,Total,2025-01,2025-01-12,2025-01-18,2025-01-18,6,6,0,120.0,120.0,114000.0,10656.0,0,OTIF
ENV-00461,MAT-03,Gasoil grado 2,Gasoil,m3,PRV-05,Combustibles del Alto,Plaza Huincul (NQN),110,PAD-04,Fortin de Piedra,Tecpetrol,2025-01,2025-01-10,2025-01-13,2025-01-18,3,8,5,120.0,119.5,113525.0,2632.0,12750,Demorado
ENV-00462,MAT-03,Gasoil grado 2,Gasoil,m3,PRV-06,Distribuidora Neuquen,Neuquen (NQN),130,PAD-10,Cruz de Lorena,Shell,2025-01,2025-01-18,2025-01-20,2025-01-21,2,3,1,120.0,119.7,113715.0,2919.0,2550,Demorado
ENV-00463,MAT-03,Gasoil grado 2,Gasoil,m3,PRV-05,Combustibles del Alto,Plaza Huincul (NQN),110,PAD-05,Rincon La Ceniza,Shell,2025-01,2025-01-08,2025-01-12,2025-01-12,4,4,0,120.0,120.5,114475.0,2780.0,0,OTIF
ENV-00464,MAT-03,Gasoil grado 2,Gasoil,m3,PRV-05,Combustibles del Alto,Plaza Huincul (NQN),110,PAD-12,Coiron Amargo,Pan American,2025-01,2025-01-06,2025-01-10,2025-01-09,4,3,-1,120.0,119.7,113715.0,2762.0,0,OTIF
ENV-00465,MAT-03,Gasoil grado 2,Gasoil,m3,PRV-05,Combustibles del Alto,Plaza Huincul (NQN),110,PAD-07,El Trapial,Chevron,2025-01,2025-01-25,2025-01-27,2025-01-27,2,2,0,120.0,120.2,114190.0,2332.0,0,OTIF
ENV-00466,MAT-03,Gasoil grado 2,Gasoil,m3,PRV-06,Distribuidora Neuquen,Neuquen (NQN),130,PAD-01,Loma Campana,YPF,2025-01,2025-01-25,2025-01-29,2025-01-31,4,6,2,120.0,120.0,114000.0,2697.0,5100,Demorado
ENV-00467,MAT-03,Gasoil grado 2,Gasoil,m3,PRV-06,Distribuidora Neuquen,Neuquen (NQN),130,PAD-07,El Trapial,Chevron,2025-01,2025-01-02,2025-01-06,2025-01-05,4,3,-1,120.0,120.7,114665.0,2661.0,0,OTIF
ENV-00468,MAT-03,Gasoil grado 2,Gasoil,m3,PRV-05,Combustibles del Alto,Plaza Huincul (NQN),110,PAD-10,Cruz de Lorena,Shell,2025-02,2025-02-11,2025-02-15,2025-02-14,4,3,-1,120.0,120.7,114665.0,2405.0,0,OTIF
ENV-00469,MAT-03,Gasoil grado 2,Gasoil,m3,PRV-05,Combustibles del Alto,Plaza Huincul (NQN),110,PAD-04,Fortin de Piedra,Tecpetrol,2025-02,2025-02-05,2025-02-08,2025-02-08,3,3,0,120.0,120.6,114570.0,2470.0,0,OTIF
ENV-00470,MAT-03,Gasoil grado 2,Gasoil,m3,PRV-05,Combustibles del Alto,Plaza Huincul (NQN),110,PAD-07,El Trapial,Chevron,2025-02,2025-02-03,2025-02-07,2025-02-06,4,3,-1,120.0,119.8,113810.0,2519.0,0,OTIF
ENV-00471,MAT-03,Gasoil grado 2,Gasoil,m3,PRV-05,Combustibles del Alto,Plaza Huincul (NQN),110,PAD-11,Aguada Federal,Wintershall,2025-02,2025-02-11,2025-02-14,2025-02-14,3,3,0,120.0,120.7,114665.0,2686.0,0,OTIF
ENV-00472,MAT-03,Gasoil grado 2,Gasoil,m3,PRV-05,Combustibles del Alto,Plaza Huincul (NQN),110,PAD-04,Fortin de Piedra,Tecpetrol,2025-02,2025-02-15,2025-02-19,2025-02-19,4,4,0,120.0,119.1,113145.0,2344.0,0,OTIF
ENV-00473,MAT-03,Gasoil grado 2,Gasoil,m3,PRV-07,Sur Energia,Bahia Blanca (BA),640,PAD-05,Rincon La Ceniza,Shell,2025-02,2025-02-20,2025-02-27,2025-02-26,7,6,-1,120.0,118.9,112955.0,8939.0,0,OTIF
ENV-00474,MAT-03,Gasoil grado 2,Gasoil,m3,PRV-05,Combustibles del Alto,Plaza Huincul (NQN),110,PAD-09,Los Toldos,ExxonMobil,2025-02,2025-02-18,2025-02-22,2025-02-22,4,4,0,120.0,120.5,114475.0,2339.0,0,OTIF
ENV-00475,MAT-03,Gasoil grado 2,Gasoil,m3,PRV-07,Sur Energia,Bahia Blanca (BA),640,PAD-09,Los Toldos,ExxonMobil,2025-02,2025-02-19,2025-02-26,2025-02-26,7,7,0,120.0,120.3,114285.0,8704.0,0,OTIF
ENV-00476,MAT-03,Gasoil grado 2,Gasoil,m3,PRV-07,Sur Energia,Bahia Blanca (BA),640,PAD-02,Bandurria Sur,YPF,2025-02,2025-02-21,2025-03-01,2025-03-01,8,8,0,120.0,120.9,114855.0,8671.0,0,OTIF
ENV-00477,MAT-03,Gasoil grado 2,Gasoil,m3,PRV-05,Combustibles del Alto,Plaza Huincul (NQN),110,PAD-07,El Trapial,Chevron,2025-02,2025-02-21,2025-02-24,2025-02-24,3,3,0,120.0,119.3,113335.0,2863.0,0,OTIF
ENV-00478,MAT-03,Gasoil grado 2,Gasoil,m3,PRV-07,Sur Energia,Bahia Blanca (BA),640,PAD-01,Loma Campana,YPF,2025-02,2025-02-18,2025-02-24,2025-02-24,6,6,0,120.0,120.6,114570.0,8650.0,0,OTIF
ENV-00479,MAT-03,Gasoil grado 2,Gasoil,m3,PRV-05,Combustibles del Alto,Plaza Huincul (NQN),110,PAD-11,Aguada Federal,Wintershall,2025-02,2025-02-22,2025-02-24,2025-02-24,2,2,0,120.0,118.9,112955.0,2457.0,0,OTIF
ENV-00480,MAT-03,Gasoil grado 2,Gasoil,m3,PRV-07,Sur Energia,Bahia Blanca (BA),640,PAD-01,Loma Campana,YPF,2025-02,2025-02-13,2025-02-19,2025-02-25,6,12,6,120.0,119.7,113715.0,10564.0,15300,Demorado
ENV-00481,MAT-03,Gasoil grado 2,Gasoil,m3,PRV-07,Sur Energia,Bahia Blanca (BA),640,PAD-11,Aguada Federal,Wintershall,2025-02,2025-02-20,2025-02-27,2025-02-27,7,7,0,120.0,121.0,114950.0,9332.0,0,OTIF
ENV-00482,MAT-03,Gasoil grado 2,Gasoil,m3,PRV-05,Combustibles del Alto,Plaza Huincul (NQN),110,PAD-11,Aguada Federal,Wintershall,2025-02,2025-02-18,2025-02-22,2025-02-22,4,4,0,120.0,119.5,113525.0,2717.0,0,OTIF
ENV-00483,MAT-03,Gasoil grado 2,Gasoil,m3,PRV-07,Sur Energia,Bahia Blanca (BA),640,PAD-07,El Trapial,Chevron,2025-02,2025-02-17,2025-02-25,2025-02-25,8,8,0,120.0,120.1,114095.0,10570.0,0,OTIF
ENV-00484,MAT-03,Gasoil grado 2,Gasoil,m3,PRV-05,Combustibles del Alto,Plaza Huincul (NQN),110,PAD-03,La Amarga Chica,YPF,2025-02,2025-02-04,2025-02-07,2025-02-07,3,3,0,120.0,119.9,113905.0,2852.0,0,OTIF
ENV-00485,MAT-03,Gasoil grado 2,Gasoil,m3,PRV-07,Sur Energia,Bahia Blanca (BA),640,PAD-05,Rincon La Ceniza,Shell,2025-03,2025-03-21,2025-03-27,2025-03-30,6,9,3,120.0,120.3,114285.0,9845.0,7650,Demorado
ENV-00486,MAT-03,Gasoil grado 2,Gasoil,m3,PRV-06,Distribuidora Neuquen,Neuquen (NQN),130,PAD-06,Bajada del Palo,Vista,2025-03,2025-03-08,2025-03-12,2025-03-11,4,3,-1,120.0,119.9,113905.0,2964.0,0,OTIF
ENV-00487,MAT-03,Gasoil grado 2,Gasoil,m3,PRV-07,Sur Energia,Bahia Blanca (BA),640,PAD-08,Aguada Pichana,Total,2025-03,2025-03-06,2025-03-12,2025-03-12,6,6,0,120.0,121.1,115045.0,10598.0,0,OTIF
ENV-00488,MAT-03,Gasoil grado 2,Gasoil,m3,PRV-05,Combustibles del Alto,Plaza Huincul (NQN),110,PAD-11,Aguada Federal,Wintershall,2025-03,2025-03-14,2025-03-16,2025-03-16,2,2,0,120.0,120.9,114855.0,2612.0,0,OTIF
ENV-00489,MAT-03,Gasoil grado 2,Gasoil,m3,PRV-07,Sur Energia,Bahia Blanca (BA),640,PAD-04,Fortin de Piedra,Tecpetrol,2025-03,2025-03-11,2025-03-18,2025-03-18,7,7,0,120.0,120.5,114475.0,9434.0,0,OTIF
ENV-00490,MAT-03,Gasoil grado 2,Gasoil,m3,PRV-06,Distribuidora Neuquen,Neuquen (NQN),130,PAD-09,Los Toldos,ExxonMobil,2025-03,2025-03-24,2025-03-28,2025-03-28,4,4,0,120.0,120.9,114855.0,2725.0,0,OTIF
ENV-00491,MAT-03,Gasoil grado 2,Gasoil,m3,PRV-05,Combustibles del Alto,Plaza Huincul (NQN),110,PAD-12,Coiron Amargo,Pan American,2025-03,2025-03-18,2025-03-22,2025-03-22,4,4,0,120.0,119.3,113335.0,2565.0,0,OTIF
ENV-00492,MAT-03,Gasoil grado 2,Gasoil,m3,PRV-07,Sur Energia,Bahia Blanca (BA),640,PAD-05,Rincon La Ceniza,Shell,2025-03,2025-03-10,2025-03-16,2025-03-16,6,6,0,120.0,106.5,101175.0,7993.0,0,Incompleto
ENV-00493,MAT-03,Gasoil grado 2,Gasoil,m3,PRV-05,Combustibles del Alto,Plaza Huincul (NQN),110,PAD-12,Coiron Amargo,Pan American,2025-03,2025-03-21,2025-03-23,2025-03-23,2,2,0,120.0,119.1,113145.0,2547.0,0,OTIF
ENV-00494,MAT-03,Gasoil grado 2,Gasoil,m3,PRV-05,Combustibles del Alto,Plaza Huincul (NQN),110,PAD-08,Aguada Pichana,Total,2025-03,2025-03-15,2025-03-18,2025-03-18,3,3,0,120.0,120.5,114475.0,2422.0,0,OTIF
ENV-00495,MAT-03,Gasoil grado 2,Gasoil,m3,PRV-05,Combustibles del Alto,Plaza Huincul (NQN),110,PAD-02,Bandurria Sur,YPF,2025-03,2025-03-24,2025-03-28,2025-03-28,4,4,0,120.0,120.7,114665.0,2622.0,0,OTIF
ENV-00496,MAT-03,Gasoil grado 2,Gasoil,m3,PRV-05,Combustibles del Alto,Plaza Huincul (NQN),110,PAD-07,El Trapial,Chevron,2025-03,2025-03-06,2025-03-08,2025-03-08,2,2,0,120.0,119.2,113240.0,2806.0,0,OTIF
ENV-00497,MAT-03,Gasoil grado 2,Gasoil,m3,PRV-07,Sur Energia,Bahia Blanca (BA),640,PAD-01,Loma Campana,YPF,2025-03,2025-03-06,2025-03-13,2025-03-13,7,7,0,120.0,120.3,114285.0,8840.0,0,OTIF
ENV-00498,MAT-03,Gasoil grado 2,Gasoil,m3,PRV-07,Sur Energia,Bahia Blanca (BA),640,PAD-01,Loma Campana,YPF,2025-03,2025-03-05,2025-03-11,2025-03-11,6,6,0,120.0,118.8,112860.0,10332.0,0,OTIF
ENV-00499,MAT-03,Gasoil grado 2,Gasoil,m3,PRV-05,Combustibles del Alto,Plaza Huincul (NQN),110,PAD-11,Aguada Federal,Wintershall,2025-03,2025-03-08,2025-03-11,2025-03-10,3,2,-1,120.0,119.4,113430.0,2627.0,0,OTIF
ENV-00500,MAT-03,Gasoil grado 2,Gasoil,m3,PRV-06,Distribuidora Neuquen,Neuquen (NQN),130,PAD-04,Fortin de Piedra,Tecpetrol,2025-03,2025-03-20,2025-03-22,2025-03-22,2,2,0,120.0,113.4,107730.0,2878.0,0,Incompleto
ENV-00501,MAT-03,Gasoil grado 2,Gasoil,m3,PRV-05,Combustibles del Alto,Plaza Huincul (NQN),110,PAD-02,Bandurria Sur,YPF,2025-03,2025-03-20,2025-03-22,2025-03-22,2,2,0,120.0,120.3,114285.0,2720.0,0,OTIF
ENV-00502,MAT-03,Gasoil grado 2,Gasoil,m3,PRV-06,Distribuidora Neuquen,Neuquen (NQN),130,PAD-09,Los Toldos,ExxonMobil,2025-03,2025-03-20,2025-03-23,2025-03-23,3,3,0,120.0,111.7,106115.0,2647.0,0,Incompleto
ENV-00503,MAT-03,Gasoil grado 2,Gasoil,m3,PRV-07,Sur Energia,Bahia Blanca (BA),640,PAD-07,El Trapial,Chevron,2025-03,2025-03-13,2025-03-20,2025-03-19,7,6,-1,120.0,119.6,113620.0,9413.0,0,OTIF
ENV-00504,MAT-03,Gasoil grado 2,Gasoil,m3,PRV-06,Distribuidora Neuquen,Neuquen (NQN),130,PAD-10,Cruz de Lorena,Shell,2025-04,2025-04-07,2025-04-09,2025-04-09,2,2,0,120.0,119.0,113050.0,2997.0,0,OTIF
ENV-00505,MAT-03,Gasoil grado 2,Gasoil,m3,PRV-07,Sur Energia,Bahia Blanca (BA),640,PAD-12,Coiron Amargo,Pan American,2025-04,2025-04-20,2025-04-27,2025-04-27,7,7,0,120.0,121.2,115140.0,9398.0,0,OTIF
ENV-00506,MAT-03,Gasoil grado 2,Gasoil,m3,PRV-06,Distribuidora Neuquen,Neuquen (NQN),130,PAD-08,Aguada Pichana,Total,2025-04,2025-04-05,2025-04-08,2025-04-08,3,3,0,120.0,119.5,113525.0,2674.0,0,OTIF
ENV-00507,MAT-03,Gasoil grado 2,Gasoil,m3,PRV-05,Combustibles del Alto,Plaza Huincul (NQN),110,PAD-11,Aguada Federal,Wintershall,2025-04,2025-04-04,2025-04-08,2025-04-08,4,4,0,120.0,119.8,113810.0,2511.0,0,OTIF
ENV-00508,MAT-03,Gasoil grado 2,Gasoil,m3,PRV-07,Sur Energia,Bahia Blanca (BA),640,PAD-04,Fortin de Piedra,Tecpetrol,2025-04,2025-04-18,2025-04-26,2025-04-26,8,8,0,120.0,119.5,113525.0,9601.0,0,OTIF
ENV-00509,MAT-03,Gasoil grado 2,Gasoil,m3,PRV-06,Distribuidora Neuquen,Neuquen (NQN),130,PAD-02,Bandurria Sur,YPF,2025-04,2025-04-11,2025-04-14,2025-04-14,3,3,0,120.0,120.8,114760.0,2691.0,0,OTIF
ENV-00510,MAT-03,Gasoil grado 2,Gasoil,m3,PRV-07,Sur Energia,Bahia Blanca (BA),640,PAD-08,Aguada Pichana,Total,2025-04,2025-04-11,2025-04-17,2025-04-17,6,6,0,120.0,120.9,114855.0,9763.0,0,OTIF
ENV-00511,MAT-03,Gasoil grado 2,Gasoil,m3,PRV-05,Combustibles del Alto,Plaza Huincul (NQN),110,PAD-07,El Trapial,Chevron,2025-04,2025-04-11,2025-04-15,2025-04-15,4,4,0,120.0,120.1,114095.0,2443.0,0,OTIF
ENV-00512,MAT-03,Gasoil grado 2,Gasoil,m3,PRV-05,Combustibles del Alto,Plaza Huincul (NQN),110,PAD-06,Bajada del Palo,Vista,2025-04,2025-04-22,2025-04-24,2025-04-23,2,1,-1,120.0,120.3,114285.0,2806.0,0,OTIF
ENV-00513,MAT-03,Gasoil grado 2,Gasoil,m3,PRV-06,Distribuidora Neuquen,Neuquen (NQN),130,PAD-03,La Amarga Chica,YPF,2025-04,2025-04-19,2025-04-22,2025-04-22,3,3,0,120.0,104.4,99180.0,2647.0,0,Incompleto
ENV-00514,MAT-03,Gasoil grado 2,Gasoil,m3,PRV-05,Combustibles del Alto,Plaza Huincul (NQN),110,PAD-05,Rincon La Ceniza,Shell,2025-04,2025-04-08,2025-04-12,2025-04-11,4,3,-1,120.0,120.7,114665.0,2851.0,0,OTIF
ENV-00515,MAT-03,Gasoil grado 2,Gasoil,m3,PRV-06,Distribuidora Neuquen,Neuquen (NQN),130,PAD-08,Aguada Pichana,Total,2025-04,2025-04-15,2025-04-17,2025-04-17,2,2,0,120.0,119.5,113525.0,2757.0,0,OTIF
ENV-00516,MAT-03,Gasoil grado 2,Gasoil,m3,PRV-07,Sur Energia,Bahia Blanca (BA),640,PAD-09,Los Toldos,ExxonMobil,2025-04,2025-04-25,2025-05-01,2025-05-01,6,6,0,120.0,120.1,114095.0,8589.0,0,OTIF
ENV-00517,MAT-03,Gasoil grado 2,Gasoil,m3,PRV-06,Distribuidora Neuquen,Neuquen (NQN),130,PAD-10,Cruz de Lorena,Shell,2025-04,2025-04-02,2025-04-05,2025-04-04,3,2,-1,120.0,120.4,114380.0,2760.0,0,OTIF
ENV-00518,MAT-03,Gasoil grado 2,Gasoil,m3,PRV-06,Distribuidora Neuquen,Neuquen (NQN),130,PAD-11,Aguada Federal,Wintershall,2025-04,2025-04-19,2025-04-22,2025-04-22,3,3,0,120.0,120.7,114665.0,2989.0,0,OTIF
ENV-00519,MAT-03,Gasoil grado 2,Gasoil,m3,PRV-05,Combustibles del Alto,Plaza Huincul (NQN),110,PAD-05,Rincon La Ceniza,Shell,2025-04,2025-04-09,2025-04-11,2025-04-11,2,2,0,120.0,120.1,114095.0,2637.0,0,OTIF
ENV-00520,MAT-03,Gasoil grado 2,Gasoil,m3,PRV-05,Combustibles del Alto,Plaza Huincul (NQN),110,PAD-12,Coiron Amargo,Pan American,2025-04,2025-04-09,2025-04-13,2025-04-12,4,3,-1,120.0,119.6,113620.0,2570.0,0,OTIF
ENV-00521,MAT-03,Gasoil grado 2,Gasoil,m3,PRV-05,Combustibles del Alto,Plaza Huincul (NQN),110,PAD-11,Aguada Federal,Wintershall,2025-04,2025-04-05,2025-04-07,2025-04-06,2,1,-1,120.0,120.5,114475.0,2836.0,0,OTIF
ENV-00522,MAT-03,Gasoil grado 2,Gasoil,m3,PRV-07,Sur Energia,Bahia Blanca (BA),640,PAD-12,Coiron Amargo,Pan American,2025-04,2025-04-21,2025-04-29,2025-04-29,8,8,0,120.0,120.6,114570.0,10315.0,0,OTIF
ENV-00523,MAT-03,Gasoil grado 2,Gasoil,m3,PRV-07,Sur Energia,Bahia Blanca (BA),640,PAD-08,Aguada Pichana,Total,2025-04,2025-04-03,2025-04-09,2025-04-09,6,6,0,120.0,119.9,113905.0,10001.0,0,OTIF
ENV-00524,MAT-03,Gasoil grado 2,Gasoil,m3,PRV-06,Distribuidora Neuquen,Neuquen (NQN),130,PAD-08,Aguada Pichana,Total,2025-05,2025-05-23,2025-05-25,2025-05-25,2,2,0,120.0,119.7,113715.0,2670.0,0,OTIF
ENV-00525,MAT-03,Gasoil grado 2,Gasoil,m3,PRV-05,Combustibles del Alto,Plaza Huincul (NQN),110,PAD-06,Bajada del Palo,Vista,2025-05,2025-05-22,2025-05-25,2025-05-27,3,5,2,120.0,119.9,113905.0,2419.0,5100,Demorado
ENV-00526,MAT-03,Gasoil grado 2,Gasoil,m3,PRV-05,Combustibles del Alto,Plaza Huincul (NQN),110,PAD-10,Cruz de Lorena,Shell,2025-05,2025-05-25,2025-05-29,2025-05-29,4,4,0,120.0,119.6,113620.0,2687.0,0,OTIF
ENV-00527,MAT-03,Gasoil grado 2,Gasoil,m3,PRV-05,Combustibles del Alto,Plaza Huincul (NQN),110,PAD-08,Aguada Pichana,Total,2025-05,2025-05-26,2025-05-30,2025-05-30,4,4,0,120.0,121.1,115045.0,2554.0,0,OTIF
ENV-00528,MAT-03,Gasoil grado 2,Gasoil,m3,PRV-05,Combustibles del Alto,Plaza Huincul (NQN),110,PAD-12,Coiron Amargo,Pan American,2025-05,2025-05-11,2025-05-14,2025-05-14,3,3,0,120.0,119.2,113240.0,2694.0,0,OTIF
ENV-00529,MAT-03,Gasoil grado 2,Gasoil,m3,PRV-07,Sur Energia,Bahia Blanca (BA),640,PAD-10,Cruz de Lorena,Shell,2025-05,2025-05-24,2025-05-30,2025-05-30,6,6,0,120.0,120.8,114760.0,8996.0,0,OTIF
ENV-00530,MAT-03,Gasoil grado 2,Gasoil,m3,PRV-05,Combustibles del Alto,Plaza Huincul (NQN),110,PAD-02,Bandurria Sur,YPF,2025-05,2025-05-13,2025-05-16,2025-05-16,3,3,0,120.0,120.8,114760.0,2838.0,0,OTIF
ENV-00531,MAT-03,Gasoil grado 2,Gasoil,m3,PRV-06,Distribuidora Neuquen,Neuquen (NQN),130,PAD-01,Loma Campana,YPF,2025-05,2025-05-25,2025-05-29,2025-05-29,4,4,0,120.0,120.2,114190.0,2684.0,0,OTIF
ENV-00532,MAT-03,Gasoil grado 2,Gasoil,m3,PRV-07,Sur Energia,Bahia Blanca (BA),640,PAD-05,Rincon La Ceniza,Shell,2025-05,2025-05-22,2025-05-29,2025-05-29,7,7,0,120.0,120.2,114190.0,9870.0,0,OTIF
ENV-00533,MAT-03,Gasoil grado 2,Gasoil,m3,PRV-05,Combustibles del Alto,Plaza Huincul (NQN),110,PAD-03,La Amarga Chica,YPF,2025-05,2025-05-17,2025-05-19,2025-05-19,2,2,0,120.0,110.3,104785.0,2664.0,0,Incompleto
ENV-00534,MAT-03,Gasoil grado 2,Gasoil,m3,PRV-05,Combustibles del Alto,Plaza Huincul (NQN),110,PAD-05,Rincon La Ceniza,Shell,2025-05,2025-05-12,2025-05-14,2025-05-14,2,2,0,120.0,120.5,114475.0,2560.0,0,OTIF
ENV-00535,MAT-03,Gasoil grado 2,Gasoil,m3,PRV-06,Distribuidora Neuquen,Neuquen (NQN),130,PAD-11,Aguada Federal,Wintershall,2025-05,2025-05-14,2025-05-17,2025-05-17,3,3,0,120.0,119.7,113715.0,2816.0,0,OTIF
ENV-00536,MAT-03,Gasoil grado 2,Gasoil,m3,PRV-07,Sur Energia,Bahia Blanca (BA),640,PAD-11,Aguada Federal,Wintershall,2025-05,2025-05-10,2025-05-16,2025-05-20,6,10,4,120.0,120.0,114000.0,9489.0,10200,Demorado
ENV-00537,MAT-03,Gasoil grado 2,Gasoil,m3,PRV-05,Combustibles del Alto,Plaza Huincul (NQN),110,PAD-11,Aguada Federal,Wintershall,2025-05,2025-05-05,2025-05-08,2025-05-08,3,3,0,120.0,120.3,114285.0,2585.0,0,OTIF
ENV-00538,MAT-03,Gasoil grado 2,Gasoil,m3,PRV-06,Distribuidora Neuquen,Neuquen (NQN),130,PAD-08,Aguada Pichana,Total,2025-05,2025-05-14,2025-05-17,2025-05-17,3,3,0,120.0,106.2,100890.0,2809.0,0,Incompleto
ENV-00539,MAT-03,Gasoil grado 2,Gasoil,m3,PRV-06,Distribuidora Neuquen,Neuquen (NQN),130,PAD-07,El Trapial,Chevron,2025-05,2025-05-23,2025-05-25,2025-05-25,2,2,0,120.0,119.1,113145.0,2848.0,0,OTIF
ENV-00540,MAT-03,Gasoil grado 2,Gasoil,m3,PRV-05,Combustibles del Alto,Plaza Huincul (NQN),110,PAD-12,Coiron Amargo,Pan American,2025-05,2025-05-23,2025-05-26,2025-05-26,3,3,0,120.0,119.4,113430.0,2674.0,0,OTIF
ENV-00541,MAT-03,Gasoil grado 2,Gasoil,m3,PRV-07,Sur Energia,Bahia Blanca (BA),640,PAD-02,Bandurria Sur,YPF,2025-06,2025-06-22,2025-06-30,2025-07-01,8,9,1,120.0,120.0,114000.0,9557.0,2550,Demorado
ENV-00542,MAT-03,Gasoil grado 2,Gasoil,m3,PRV-05,Combustibles del Alto,Plaza Huincul (NQN),110,PAD-06,Bajada del Palo,Vista,2025-06,2025-06-24,2025-06-27,2025-06-27,3,3,0,120.0,119.5,113525.0,2763.0,0,OTIF
ENV-00543,MAT-03,Gasoil grado 2,Gasoil,m3,PRV-05,Combustibles del Alto,Plaza Huincul (NQN),110,PAD-08,Aguada Pichana,Total,2025-06,2025-06-09,2025-06-13,2025-06-13,4,4,0,120.0,120.3,114285.0,2490.0,0,OTIF
ENV-00544,MAT-03,Gasoil grado 2,Gasoil,m3,PRV-05,Combustibles del Alto,Plaza Huincul (NQN),110,PAD-02,Bandurria Sur,YPF,2025-06,2025-06-03,2025-06-06,2025-06-06,3,3,0,120.0,118.8,112860.0,2373.0,0,OTIF
ENV-00545,MAT-03,Gasoil grado 2,Gasoil,m3,PRV-07,Sur Energia,Bahia Blanca (BA),640,PAD-12,Coiron Amargo,Pan American,2025-06,2025-06-06,2025-06-14,2025-06-14,8,8,0,120.0,120.5,114475.0,9625.0,0,OTIF
ENV-00546,MAT-03,Gasoil grado 2,Gasoil,m3,PRV-06,Distribuidora Neuquen,Neuquen (NQN),130,PAD-01,Loma Campana,YPF,2025-06,2025-06-26,2025-06-28,2025-06-28,2,2,0,120.0,120.8,114760.0,3042.0,0,OTIF
ENV-00547,MAT-03,Gasoil grado 2,Gasoil,m3,PRV-07,Sur Energia,Bahia Blanca (BA),640,PAD-04,Fortin de Piedra,Tecpetrol,2025-06,2025-06-14,2025-06-22,2025-06-22,8,8,0,120.0,119.6,113620.0,9891.0,0,OTIF
ENV-00548,MAT-03,Gasoil grado 2,Gasoil,m3,PRV-07,Sur Energia,Bahia Blanca (BA),640,PAD-01,Loma Campana,YPF,2025-06,2025-06-25,2025-07-02,2025-07-02,7,7,0,120.0,120.6,114570.0,9733.0,0,OTIF
ENV-00549,MAT-03,Gasoil grado 2,Gasoil,m3,PRV-06,Distribuidora Neuquen,Neuquen (NQN),130,PAD-07,El Trapial,Chevron,2025-06,2025-06-13,2025-06-16,2025-06-16,3,3,0,120.0,114.9,109155.0,2768.0,0,Incompleto
ENV-00550,MAT-03,Gasoil grado 2,Gasoil,m3,PRV-05,Combustibles del Alto,Plaza Huincul (NQN),110,PAD-09,Los Toldos,ExxonMobil,2025-06,2025-06-22,2025-06-24,2025-06-24,2,2,0,120.0,119.8,113810.0,2842.0,0,OTIF
ENV-00551,MAT-03,Gasoil grado 2,Gasoil,m3,PRV-05,Combustibles del Alto,Plaza Huincul (NQN),110,PAD-05,Rincon La Ceniza,Shell,2025-06,2025-06-09,2025-06-12,2025-06-12,3,3,0,120.0,120.6,114570.0,2748.0,0,OTIF
ENV-00552,MAT-03,Gasoil grado 2,Gasoil,m3,PRV-07,Sur Energia,Bahia Blanca (BA),640,PAD-09,Los Toldos,ExxonMobil,2025-06,2025-06-19,2025-06-27,2025-06-27,8,8,0,120.0,120.4,114380.0,10347.0,0,OTIF
ENV-00553,MAT-03,Gasoil grado 2,Gasoil,m3,PRV-05,Combustibles del Alto,Plaza Huincul (NQN),110,PAD-09,Los Toldos,ExxonMobil,2025-06,2025-06-01,2025-06-05,2025-06-05,4,4,0,120.0,119.3,113335.0,2329.0,0,OTIF
ENV-00554,MAT-03,Gasoil grado 2,Gasoil,m3,PRV-05,Combustibles del Alto,Plaza Huincul (NQN),110,PAD-10,Cruz de Lorena,Shell,2025-06,2025-06-03,2025-06-07,2025-06-07,4,4,0,120.0,120.9,114855.0,2407.0,0,OTIF
ENV-00555,MAT-03,Gasoil grado 2,Gasoil,m3,PRV-06,Distribuidora Neuquen,Neuquen (NQN),130,PAD-11,Aguada Federal,Wintershall,2025-06,2025-06-22,2025-06-24,2025-06-24,2,2,0,120.0,121.0,114950.0,2974.0,0,OTIF
ENV-00556,MAT-03,Gasoil grado 2,Gasoil,m3,PRV-07,Sur Energia,Bahia Blanca (BA),640,PAD-12,Coiron Amargo,Pan American,2025-06,2025-06-09,2025-06-16,2025-06-15,7,6,-1,120.0,119.7,113715.0,9251.0,0,OTIF
ENV-00557,MAT-03,Gasoil grado 2,Gasoil,m3,PRV-05,Combustibles del Alto,Plaza Huincul (NQN),110,PAD-05,Rincon La Ceniza,Shell,2025-06,2025-06-02,2025-06-05,2025-06-05,3,3,0,120.0,119.7,113715.0,2686.0,0,OTIF
ENV-00558,MAT-03,Gasoil grado 2,Gasoil,m3,PRV-05,Combustibles del Alto,Plaza Huincul (NQN),110,PAD-07,El Trapial,Chevron,2025-07,2025-07-04,2025-07-08,2025-07-08,4,4,0,120.0,119.0,113050.0,2354.0,0,OTIF
ENV-00559,MAT-03,Gasoil grado 2,Gasoil,m3,PRV-06,Distribuidora Neuquen,Neuquen (NQN),130,PAD-08,Aguada Pichana,Total,2025-07,2025-07-19,2025-07-22,2025-07-22,3,3,0,120.0,120.4,114380.0,2731.0,0,OTIF
ENV-00560,MAT-03,Gasoil grado 2,Gasoil,m3,PRV-05,Combustibles del Alto,Plaza Huincul (NQN),110,PAD-07,El Trapial,Chevron,2025-07,2025-07-23,2025-07-27,2025-07-27,4,4,0,120.0,119.8,113810.0,2734.0,0,OTIF
ENV-00561,MAT-03,Gasoil grado 2,Gasoil,m3,PRV-07,Sur Energia,Bahia Blanca (BA),640,PAD-09,Los Toldos,ExxonMobil,2025-07,2025-07-26,2025-08-01,2025-08-01,6,6,0,120.0,119.1,113145.0,9632.0,0,OTIF
ENV-00562,MAT-03,Gasoil grado 2,Gasoil,m3,PRV-05,Combustibles del Alto,Plaza Huincul (NQN),110,PAD-05,Rincon La Ceniza,Shell,2025-07,2025-07-12,2025-07-14,2025-07-14,2,2,0,120.0,120.1,114095.0,2870.0,0,OTIF
ENV-00563,MAT-03,Gasoil grado 2,Gasoil,m3,PRV-07,Sur Energia,Bahia Blanca (BA),640,PAD-05,Rincon La Ceniza,Shell,2025-07,2025-07-03,2025-07-09,2025-07-09,6,6,0,120.0,119.5,113525.0,9357.0,0,OTIF
ENV-00564,MAT-03,Gasoil grado 2,Gasoil,m3,PRV-06,Distribuidora Neuquen,Neuquen (NQN),130,PAD-06,Bajada del Palo,Vista,2025-07,2025-07-04,2025-07-06,2025-07-06,2,2,0,120.0,118.9,112955.0,2561.0,0,OTIF
ENV-00565,MAT-03,Gasoil grado 2,Gasoil,m3,PRV-05,Combustibles del Alto,Plaza Huincul (NQN),110,PAD-07,El Trapial,Chevron,2025-07,2025-07-19,2025-07-23,2025-07-23,4,4,0,120.0,120.7,114665.0,2882.0,0,OTIF
ENV-00566,MAT-03,Gasoil grado 2,Gasoil,m3,PRV-05,Combustibles del Alto,Plaza Huincul (NQN),110,PAD-01,Loma Campana,YPF,2025-07,2025-07-01,2025-07-05,2025-07-06,4,5,1,120.0,120.4,114380.0,2588.0,2550,Demorado
ENV-00567,MAT-03,Gasoil grado 2,Gasoil,m3,PRV-07,Sur Energia,Bahia Blanca (BA),640,PAD-09,Los Toldos,ExxonMobil,2025-07,2025-07-22,2025-07-30,2025-07-30,8,8,0,120.0,98.9,93955.0,8405.0,0,Incompleto
ENV-00568,MAT-03,Gasoil grado 2,Gasoil,m3,PRV-07,Sur Energia,Bahia Blanca (BA),640,PAD-10,Cruz de Lorena,Shell,2025-07,2025-07-16,2025-07-22,2025-07-21,6,5,-1,120.0,118.9,112955.0,9144.0,0,OTIF
ENV-00569,MAT-03,Gasoil grado 2,Gasoil,m3,PRV-05,Combustibles del Alto,Plaza Huincul (NQN),110,PAD-10,Cruz de Lorena,Shell,2025-07,2025-07-26,2025-07-30,2025-07-30,4,4,0,120.0,120.2,114190.0,2675.0,0,OTIF
ENV-00570,MAT-03,Gasoil grado 2,Gasoil,m3,PRV-07,Sur Energia,Bahia Blanca (BA),640,PAD-07,El Trapial,Chevron,2025-07,2025-07-03,2025-07-11,2025-07-11,8,8,0,120.0,120.2,114190.0,8875.0,0,OTIF
ENV-00571,MAT-03,Gasoil grado 2,Gasoil,m3,PRV-05,Combustibles del Alto,Plaza Huincul (NQN),110,PAD-01,Loma Campana,YPF,2025-07,2025-07-26,2025-07-29,2025-07-29,3,3,0,120.0,119.2,113240.0,2524.0,0,OTIF
ENV-00572,MAT-03,Gasoil grado 2,Gasoil,m3,PRV-05,Combustibles del Alto,Plaza Huincul (NQN),110,PAD-10,Cruz de Lorena,Shell,2025-07,2025-07-06,2025-07-08,2025-07-08,2,2,0,120.0,120.7,114665.0,2340.0,0,OTIF
ENV-00573,MAT-03,Gasoil grado 2,Gasoil,m3,PRV-05,Combustibles del Alto,Plaza Huincul (NQN),110,PAD-01,Loma Campana,YPF,2025-07,2025-07-16,2025-07-18,2025-07-18,2,2,0,120.0,120.5,114475.0,2780.0,0,OTIF
ENV-00574,MAT-03,Gasoil grado 2,Gasoil,m3,PRV-06,Distribuidora Neuquen,Neuquen (NQN),130,PAD-04,Fortin de Piedra,Tecpetrol,2025-08,2025-08-16,2025-08-20,2025-08-20,4,4,0,120.0,119.2,113240.0,2980.0,0,OTIF
ENV-00575,MAT-03,Gasoil grado 2,Gasoil,m3,PRV-05,Combustibles del Alto,Plaza Huincul (NQN),110,PAD-08,Aguada Pichana,Total,2025-08,2025-08-20,2025-08-24,2025-08-24,4,4,0,120.0,120.1,114095.0,2433.0,0,OTIF
ENV-00576,MAT-03,Gasoil grado 2,Gasoil,m3,PRV-07,Sur Energia,Bahia Blanca (BA),640,PAD-10,Cruz de Lorena,Shell,2025-08,2025-08-17,2025-08-25,2025-08-25,8,8,0,120.0,119.3,113335.0,8641.0,0,OTIF
ENV-00577,MAT-03,Gasoil grado 2,Gasoil,m3,PRV-07,Sur Energia,Bahia Blanca (BA),640,PAD-11,Aguada Federal,Wintershall,2025-08,2025-08-04,2025-08-11,2025-08-11,7,7,0,120.0,109.2,103740.0,8445.0,0,Incompleto
ENV-00578,MAT-03,Gasoil grado 2,Gasoil,m3,PRV-05,Combustibles del Alto,Plaza Huincul (NQN),110,PAD-10,Cruz de Lorena,Shell,2025-08,2025-08-14,2025-08-16,2025-08-15,2,1,-1,120.0,119.2,113240.0,2331.0,0,OTIF
ENV-00579,MAT-03,Gasoil grado 2,Gasoil,m3,PRV-05,Combustibles del Alto,Plaza Huincul (NQN),110,PAD-04,Fortin de Piedra,Tecpetrol,2025-08,2025-08-17,2025-08-21,2025-08-21,4,4,0,120.0,121.0,114950.0,2465.0,0,OTIF
ENV-00580,MAT-03,Gasoil grado 2,Gasoil,m3,PRV-05,Combustibles del Alto,Plaza Huincul (NQN),110,PAD-02,Bandurria Sur,YPF,2025-08,2025-08-04,2025-08-08,2025-08-08,4,4,0,120.0,119.0,113050.0,2643.0,0,OTIF
ENV-00581,MAT-03,Gasoil grado 2,Gasoil,m3,PRV-07,Sur Energia,Bahia Blanca (BA),640,PAD-03,La Amarga Chica,YPF,2025-08,2025-08-02,2025-08-10,2025-08-10,8,8,0,120.0,120.5,114475.0,9935.0,0,OTIF
ENV-00582,MAT-03,Gasoil grado 2,Gasoil,m3,PRV-05,Combustibles del Alto,Plaza Huincul (NQN),110,PAD-03,La Amarga Chica,YPF,2025-08,2025-08-09,2025-08-13,2025-08-13,4,4,0,120.0,119.9,113905.0,2560.0,0,OTIF
ENV-00583,MAT-03,Gasoil grado 2,Gasoil,m3,PRV-05,Combustibles del Alto,Plaza Huincul (NQN),110,PAD-05,Rincon La Ceniza,Shell,2025-08,2025-08-25,2025-08-29,2025-08-29,4,4,0,120.0,120.1,114095.0,2455.0,0,OTIF
ENV-00584,MAT-03,Gasoil grado 2,Gasoil,m3,PRV-07,Sur Energia,Bahia Blanca (BA),640,PAD-08,Aguada Pichana,Total,2025-08,2025-08-14,2025-08-22,2025-08-22,8,8,0,120.0,104.7,99465.0,9235.0,0,Incompleto
ENV-00585,MAT-03,Gasoil grado 2,Gasoil,m3,PRV-05,Combustibles del Alto,Plaza Huincul (NQN),110,PAD-10,Cruz de Lorena,Shell,2025-08,2025-08-08,2025-08-12,2025-08-12,4,4,0,120.0,119.8,113810.0,2346.0,0,OTIF
ENV-00586,MAT-03,Gasoil grado 2,Gasoil,m3,PRV-06,Distribuidora Neuquen,Neuquen (NQN),130,PAD-09,Los Toldos,ExxonMobil,2025-08,2025-08-16,2025-08-19,2025-08-19,3,3,0,120.0,120.8,114760.0,2854.0,0,OTIF
ENV-00587,MAT-03,Gasoil grado 2,Gasoil,m3,PRV-05,Combustibles del Alto,Plaza Huincul (NQN),110,PAD-01,Loma Campana,YPF,2025-08,2025-08-08,2025-08-10,2025-08-10,2,2,0,120.0,119.0,113050.0,2584.0,0,OTIF
ENV-00588,MAT-03,Gasoil grado 2,Gasoil,m3,PRV-05,Combustibles del Alto,Plaza Huincul (NQN),110,PAD-08,Aguada Pichana,Total,2025-08,2025-08-10,2025-08-13,2025-08-12,3,2,-1,120.0,119.2,113240.0,2808.0,0,OTIF
ENV-00589,MAT-03,Gasoil grado 2,Gasoil,m3,PRV-05,Combustibles del Alto,Plaza Huincul (NQN),110,PAD-11,Aguada Federal,Wintershall,2025-08,2025-08-21,2025-08-25,2025-08-25,4,4,0,120.0,118.9,112955.0,2552.0,0,OTIF
ENV-00590,MAT-03,Gasoil grado 2,Gasoil,m3,PRV-06,Distribuidora Neuquen,Neuquen (NQN),130,PAD-10,Cruz de Lorena,Shell,2025-09,2025-09-09,2025-09-13,2025-09-18,4,9,5,120.0,118.9,112955.0,3133.0,12750,Demorado
ENV-00591,MAT-03,Gasoil grado 2,Gasoil,m3,PRV-05,Combustibles del Alto,Plaza Huincul (NQN),110,PAD-01,Loma Campana,YPF,2025-09,2025-09-22,2025-09-25,2025-09-25,3,3,0,120.0,119.2,113240.0,2631.0,0,OTIF
ENV-00592,MAT-03,Gasoil grado 2,Gasoil,m3,PRV-06,Distribuidora Neuquen,Neuquen (NQN),130,PAD-04,Fortin de Piedra,Tecpetrol,2025-09,2025-09-03,2025-09-06,2025-09-05,3,2,-1,120.0,121.1,115045.0,2938.0,0,OTIF
ENV-00593,MAT-03,Gasoil grado 2,Gasoil,m3,PRV-05,Combustibles del Alto,Plaza Huincul (NQN),110,PAD-12,Coiron Amargo,Pan American,2025-09,2025-09-23,2025-09-26,2025-09-26,3,3,0,120.0,119.5,113525.0,2354.0,0,OTIF
ENV-00594,MAT-03,Gasoil grado 2,Gasoil,m3,PRV-05,Combustibles del Alto,Plaza Huincul (NQN),110,PAD-09,Los Toldos,ExxonMobil,2025-09,2025-09-12,2025-09-15,2025-09-15,3,3,0,120.0,119.5,113525.0,2670.0,0,OTIF
ENV-00595,MAT-03,Gasoil grado 2,Gasoil,m3,PRV-06,Distribuidora Neuquen,Neuquen (NQN),130,PAD-12,Coiron Amargo,Pan American,2025-09,2025-09-26,2025-09-28,2025-09-28,2,2,0,120.0,121.0,114950.0,2753.0,0,OTIF
ENV-00596,MAT-03,Gasoil grado 2,Gasoil,m3,PRV-05,Combustibles del Alto,Plaza Huincul (NQN),110,PAD-05,Rincon La Ceniza,Shell,2025-09,2025-09-03,2025-09-07,2025-09-07,4,4,0,120.0,121.1,115045.0,2348.0,0,OTIF
ENV-00597,MAT-03,Gasoil grado 2,Gasoil,m3,PRV-07,Sur Energia,Bahia Blanca (BA),640,PAD-09,Los Toldos,ExxonMobil,2025-09,2025-09-14,2025-09-21,2025-09-21,7,7,0,120.0,119.5,113525.0,8674.0,0,OTIF
ENV-00598,MAT-03,Gasoil grado 2,Gasoil,m3,PRV-05,Combustibles del Alto,Plaza Huincul (NQN),110,PAD-09,Los Toldos,ExxonMobil,2025-09,2025-09-26,2025-09-29,2025-09-29,3,3,0,120.0,120.0,114000.0,2701.0,0,OTIF
ENV-00599,MAT-03,Gasoil grado 2,Gasoil,m3,PRV-07,Sur Energia,Bahia Blanca (BA),640,PAD-08,Aguada Pichana,Total,2025-09,2025-09-17,2025-09-24,2025-09-24,7,7,0,120.0,120.7,114665.0,9096.0,0,OTIF
ENV-00600,MAT-03,Gasoil grado 2,Gasoil,m3,PRV-07,Sur Energia,Bahia Blanca (BA),640,PAD-01,Loma Campana,YPF,2025-09,2025-09-12,2025-09-19,2025-09-19,7,7,0,120.0,119.2,113240.0,9639.0,0,OTIF
ENV-00601,MAT-03,Gasoil grado 2,Gasoil,m3,PRV-07,Sur Energia,Bahia Blanca (BA),640,PAD-12,Coiron Amargo,Pan American,2025-09,2025-09-06,2025-09-12,2025-09-11,6,5,-1,120.0,119.1,113145.0,9059.0,0,OTIF
ENV-00602,MAT-03,Gasoil grado 2,Gasoil,m3,PRV-05,Combustibles del Alto,Plaza Huincul (NQN),110,PAD-12,Coiron Amargo,Pan American,2025-09,2025-09-06,2025-09-10,2025-09-10,4,4,0,120.0,120.1,114095.0,2417.0,0,OTIF
ENV-00603,MAT-03,Gasoil grado 2,Gasoil,m3,PRV-05,Combustibles del Alto,Plaza Huincul (NQN),110,PAD-01,Loma Campana,YPF,2025-09,2025-09-10,2025-09-13,2025-09-13,3,3,0,120.0,119.2,113240.0,2864.0,0,OTIF
ENV-00604,MAT-03,Gasoil grado 2,Gasoil,m3,PRV-07,Sur Energia,Bahia Blanca (BA),640,PAD-06,Bajada del Palo,Vista,2025-09,2025-09-18,2025-09-25,2025-09-25,7,7,0,120.0,121.2,115140.0,10059.0,0,OTIF
ENV-00605,MAT-03,Gasoil grado 2,Gasoil,m3,PRV-06,Distribuidora Neuquen,Neuquen (NQN),130,PAD-08,Aguada Pichana,Total,2025-09,2025-09-26,2025-09-30,2025-09-30,4,4,0,120.0,109.8,104310.0,2498.0,0,Incompleto
ENV-00606,MAT-03,Gasoil grado 2,Gasoil,m3,PRV-05,Combustibles del Alto,Plaza Huincul (NQN),110,PAD-04,Fortin de Piedra,Tecpetrol,2025-09,2025-09-01,2025-09-04,2025-09-03,3,2,-1,120.0,120.2,114190.0,2452.0,0,OTIF
ENV-00607,MAT-03,Gasoil grado 2,Gasoil,m3,PRV-05,Combustibles del Alto,Plaza Huincul (NQN),110,PAD-01,Loma Campana,YPF,2025-09,2025-09-25,2025-09-29,2025-09-29,4,4,0,120.0,121.1,115045.0,2560.0,0,OTIF
ENV-00608,MAT-03,Gasoil grado 2,Gasoil,m3,PRV-05,Combustibles del Alto,Plaza Huincul (NQN),110,PAD-10,Cruz de Lorena,Shell,2025-09,2025-09-16,2025-09-20,2025-09-19,4,3,-1,120.0,119.7,113715.0,2531.0,0,OTIF
ENV-00609,MAT-03,Gasoil grado 2,Gasoil,m3,PRV-05,Combustibles del Alto,Plaza Huincul (NQN),110,PAD-05,Rincon La Ceniza,Shell,2025-10,2025-10-10,2025-10-14,2025-10-14,4,4,0,120.0,121.2,115140.0,2795.0,0,OTIF
ENV-00610,MAT-03,Gasoil grado 2,Gasoil,m3,PRV-05,Combustibles del Alto,Plaza Huincul (NQN),110,PAD-12,Coiron Amargo,Pan American,2025-10,2025-10-10,2025-10-14,2025-10-13,4,3,-1,120.0,119.0,113050.0,2430.0,0,OTIF
ENV-00611,MAT-03,Gasoil grado 2,Gasoil,m3,PRV-07,Sur Energia,Bahia Blanca (BA),640,PAD-09,Los Toldos,ExxonMobil,2025-10,2025-10-16,2025-10-22,2025-10-22,6,6,0,120.0,118.8,112860.0,9825.0,0,OTIF
ENV-00612,MAT-03,Gasoil grado 2,Gasoil,m3,PRV-05,Combustibles del Alto,Plaza Huincul (NQN),110,PAD-09,Los Toldos,ExxonMobil,2025-10,2025-10-09,2025-10-13,2025-10-13,4,4,0,120.0,120.8,114760.0,2497.0,0,OTIF
ENV-00613,MAT-03,Gasoil grado 2,Gasoil,m3,PRV-05,Combustibles del Alto,Plaza Huincul (NQN),110,PAD-05,Rincon La Ceniza,Shell,2025-10,2025-10-16,2025-10-19,2025-10-19,3,3,0,120.0,96.0,91200.0,2196.0,0,Incompleto
ENV-00614,MAT-03,Gasoil grado 2,Gasoil,m3,PRV-07,Sur Energia,Bahia Blanca (BA),640,PAD-08,Aguada Pichana,Total,2025-10,2025-10-21,2025-10-29,2025-10-29,8,8,0,120.0,121.0,114950.0,9998.0,0,OTIF
ENV-00615,MAT-03,Gasoil grado 2,Gasoil,m3,PRV-05,Combustibles del Alto,Plaza Huincul (NQN),110,PAD-05,Rincon La Ceniza,Shell,2025-10,2025-10-01,2025-10-03,2025-10-03,2,2,0,120.0,119.8,113810.0,2467.0,0,OTIF
ENV-00616,MAT-03,Gasoil grado 2,Gasoil,m3,PRV-05,Combustibles del Alto,Plaza Huincul (NQN),110,PAD-12,Coiron Amargo,Pan American,2025-10,2025-10-22,2025-10-25,2025-10-25,3,3,0,120.0,119.2,113240.0,2348.0,0,OTIF
ENV-00617,MAT-03,Gasoil grado 2,Gasoil,m3,PRV-05,Combustibles del Alto,Plaza Huincul (NQN),110,PAD-12,Coiron Amargo,Pan American,2025-10,2025-10-11,2025-10-14,2025-10-14,3,3,0,120.0,121.0,114950.0,2537.0,0,OTIF
ENV-00618,MAT-03,Gasoil grado 2,Gasoil,m3,PRV-05,Combustibles del Alto,Plaza Huincul (NQN),110,PAD-11,Aguada Federal,Wintershall,2025-10,2025-10-10,2025-10-14,2025-10-14,4,4,0,120.0,120.2,114190.0,2420.0,0,OTIF
ENV-00619,MAT-03,Gasoil grado 2,Gasoil,m3,PRV-07,Sur Energia,Bahia Blanca (BA),640,PAD-11,Aguada Federal,Wintershall,2025-10,2025-10-11,2025-10-18,2025-10-18,7,7,0,120.0,120.2,114190.0,10315.0,0,OTIF
ENV-00620,MAT-03,Gasoil grado 2,Gasoil,m3,PRV-05,Combustibles del Alto,Plaza Huincul (NQN),110,PAD-05,Rincon La Ceniza,Shell,2025-10,2025-10-01,2025-10-04,2025-10-04,3,3,0,120.0,119.3,113335.0,2601.0,0,OTIF
ENV-00621,MAT-03,Gasoil grado 2,Gasoil,m3,PRV-07,Sur Energia,Bahia Blanca (BA),640,PAD-09,Los Toldos,ExxonMobil,2025-10,2025-10-07,2025-10-14,2025-10-13,7,6,-1,120.0,121.0,114950.0,9649.0,0,OTIF
ENV-00622,MAT-03,Gasoil grado 2,Gasoil,m3,PRV-06,Distribuidora Neuquen,Neuquen (NQN),130,PAD-03,La Amarga Chica,YPF,2025-10,2025-10-10,2025-10-14,2025-10-14,4,4,0,120.0,119.5,113525.0,3017.0,0,OTIF
ENV-00623,MAT-03,Gasoil grado 2,Gasoil,m3,PRV-05,Combustibles del Alto,Plaza Huincul (NQN),110,PAD-12,Coiron Amargo,Pan American,2025-10,2025-10-04,2025-10-08,2025-10-07,4,3,-1,120.0,119.0,113050.0,2703.0,0,OTIF
ENV-00624,MAT-03,Gasoil grado 2,Gasoil,m3,PRV-05,Combustibles del Alto,Plaza Huincul (NQN),110,PAD-01,Loma Campana,YPF,2025-10,2025-10-26,2025-10-29,2025-10-30,3,4,1,120.0,120.0,114000.0,2357.0,2550,Demorado
ENV-00625,MAT-03,Gasoil grado 2,Gasoil,m3,PRV-07,Sur Energia,Bahia Blanca (BA),640,PAD-01,Loma Campana,YPF,2025-10,2025-10-04,2025-10-11,2025-10-11,7,7,0,120.0,121.0,114950.0,9070.0,0,OTIF
ENV-00626,MAT-03,Gasoil grado 2,Gasoil,m3,PRV-05,Combustibles del Alto,Plaza Huincul (NQN),110,PAD-06,Bajada del Palo,Vista,2025-10,2025-10-07,2025-10-09,2025-10-09,2,2,0,120.0,120.2,114190.0,2526.0,0,OTIF
ENV-00627,MAT-03,Gasoil grado 2,Gasoil,m3,PRV-07,Sur Energia,Bahia Blanca (BA),640,PAD-10,Cruz de Lorena,Shell,2025-11,2025-11-17,2025-11-25,2025-11-24,8,7,-1,120.0,118.8,112860.0,8949.0,0,OTIF
ENV-00628,MAT-03,Gasoil grado 2,Gasoil,m3,PRV-07,Sur Energia,Bahia Blanca (BA),640,PAD-03,La Amarga Chica,YPF,2025-11,2025-11-07,2025-11-15,2025-11-19,8,12,4,120.0,120.2,114190.0,9509.0,10200,Demorado
ENV-00629,MAT-03,Gasoil grado 2,Gasoil,m3,PRV-05,Combustibles del Alto,Plaza Huincul (NQN),110,PAD-06,Bajada del Palo,Vista,2025-11,2025-11-04,2025-11-07,2025-11-07,3,3,0,120.0,121.2,115140.0,2407.0,0,OTIF
ENV-00630,MAT-03,Gasoil grado 2,Gasoil,m3,PRV-06,Distribuidora Neuquen,Neuquen (NQN),130,PAD-08,Aguada Pichana,Total,2025-11,2025-11-04,2025-11-08,2025-11-08,4,4,0,120.0,120.0,114000.0,2800.0,0,OTIF
ENV-00631,MAT-03,Gasoil grado 2,Gasoil,m3,PRV-06,Distribuidora Neuquen,Neuquen (NQN),130,PAD-05,Rincon La Ceniza,Shell,2025-11,2025-11-15,2025-11-17,2025-11-17,2,2,0,120.0,119.3,113335.0,2594.0,0,OTIF
ENV-00632,MAT-03,Gasoil grado 2,Gasoil,m3,PRV-05,Combustibles del Alto,Plaza Huincul (NQN),110,PAD-11,Aguada Federal,Wintershall,2025-11,2025-11-26,2025-11-28,2025-12-01,2,5,3,120.0,119.8,113810.0,2618.0,7650,Demorado
ENV-00633,MAT-03,Gasoil grado 2,Gasoil,m3,PRV-05,Combustibles del Alto,Plaza Huincul (NQN),110,PAD-03,La Amarga Chica,YPF,2025-11,2025-11-22,2025-11-25,2025-11-25,3,3,0,120.0,120.9,114855.0,2429.0,0,OTIF
ENV-00634,MAT-03,Gasoil grado 2,Gasoil,m3,PRV-07,Sur Energia,Bahia Blanca (BA),640,PAD-06,Bajada del Palo,Vista,2025-11,2025-11-12,2025-11-20,2025-11-20,8,8,0,120.0,119.8,113810.0,9606.0,0,OTIF
ENV-00635,MAT-03,Gasoil grado 2,Gasoil,m3,PRV-06,Distribuidora Neuquen,Neuquen (NQN),130,PAD-10,Cruz de Lorena,Shell,2025-11,2025-11-25,2025-11-29,2025-11-29,4,4,0,120.0,121.1,115045.0,3194.0,0,OTIF
ENV-00636,MAT-03,Gasoil grado 2,Gasoil,m3,PRV-05,Combustibles del Alto,Plaza Huincul (NQN),110,PAD-08,Aguada Pichana,Total,2025-11,2025-11-17,2025-11-19,2025-11-19,2,2,0,120.0,119.1,113145.0,2370.0,0,OTIF
ENV-00637,MAT-03,Gasoil grado 2,Gasoil,m3,PRV-07,Sur Energia,Bahia Blanca (BA),640,PAD-08,Aguada Pichana,Total,2025-11,2025-11-02,2025-11-08,2025-11-08,6,6,0,120.0,120.3,114285.0,8795.0,0,OTIF
ENV-00638,MAT-03,Gasoil grado 2,Gasoil,m3,PRV-06,Distribuidora Neuquen,Neuquen (NQN),130,PAD-09,Los Toldos,ExxonMobil,2025-11,2025-11-03,2025-11-06,2025-11-06,3,3,0,120.0,119.4,113430.0,2766.0,0,OTIF
ENV-00639,MAT-03,Gasoil grado 2,Gasoil,m3,PRV-06,Distribuidora Neuquen,Neuquen (NQN),130,PAD-01,Loma Campana,YPF,2025-11,2025-11-18,2025-11-20,2025-11-20,2,2,0,120.0,119.9,113905.0,2578.0,0,OTIF
ENV-00640,MAT-03,Gasoil grado 2,Gasoil,m3,PRV-06,Distribuidora Neuquen,Neuquen (NQN),130,PAD-05,Rincon La Ceniza,Shell,2025-11,2025-11-18,2025-11-21,2025-11-21,3,3,0,120.0,120.6,114570.0,2924.0,0,OTIF
ENV-00641,MAT-03,Gasoil grado 2,Gasoil,m3,PRV-06,Distribuidora Neuquen,Neuquen (NQN),130,PAD-11,Aguada Federal,Wintershall,2025-11,2025-11-16,2025-11-19,2025-11-19,3,3,0,120.0,101.4,96330.0,2657.0,0,Incompleto
ENV-00642,MAT-03,Gasoil grado 2,Gasoil,m3,PRV-06,Distribuidora Neuquen,Neuquen (NQN),130,PAD-06,Bajada del Palo,Vista,2025-11,2025-11-13,2025-11-16,2025-11-18,3,5,2,120.0,119.7,113715.0,3061.0,5100,Demorado
ENV-00643,MAT-03,Gasoil grado 2,Gasoil,m3,PRV-05,Combustibles del Alto,Plaza Huincul (NQN),110,PAD-11,Aguada Federal,Wintershall,2025-11,2025-11-19,2025-11-22,2025-11-22,3,3,0,120.0,119.6,113620.0,2694.0,0,OTIF
ENV-00644,MAT-03,Gasoil grado 2,Gasoil,m3,PRV-05,Combustibles del Alto,Plaza Huincul (NQN),110,PAD-05,Rincon La Ceniza,Shell,2025-12,2025-12-08,2025-12-12,2025-12-12,4,4,0,120.0,118.8,112860.0,2494.0,0,OTIF
ENV-00645,MAT-03,Gasoil grado 2,Gasoil,m3,PRV-06,Distribuidora Neuquen,Neuquen (NQN),130,PAD-07,El Trapial,Chevron,2025-12,2025-12-15,2025-12-18,2025-12-20,3,5,2,120.0,102.5,97375.0,2661.0,5100,Demorado+Incompleto
ENV-00646,MAT-03,Gasoil grado 2,Gasoil,m3,PRV-06,Distribuidora Neuquen,Neuquen (NQN),130,PAD-08,Aguada Pichana,Total,2025-12,2025-12-11,2025-12-15,2025-12-15,4,4,0,120.0,120.6,114570.0,2780.0,0,OTIF
ENV-00647,MAT-03,Gasoil grado 2,Gasoil,m3,PRV-05,Combustibles del Alto,Plaza Huincul (NQN),110,PAD-07,El Trapial,Chevron,2025-12,2025-12-20,2025-12-23,2025-12-23,3,3,0,120.0,120.8,114760.0,2454.0,0,OTIF
ENV-00648,MAT-03,Gasoil grado 2,Gasoil,m3,PRV-05,Combustibles del Alto,Plaza Huincul (NQN),110,PAD-10,Cruz de Lorena,Shell,2025-12,2025-12-09,2025-12-11,2025-12-11,2,2,0,120.0,120.2,114190.0,2662.0,0,OTIF
ENV-00649,MAT-03,Gasoil grado 2,Gasoil,m3,PRV-05,Combustibles del Alto,Plaza Huincul (NQN),110,PAD-09,Los Toldos,ExxonMobil,2025-12,2025-12-09,2025-12-12,2025-12-12,3,3,0,120.0,119.5,113525.0,2774.0,0,OTIF
ENV-00650,MAT-03,Gasoil grado 2,Gasoil,m3,PRV-06,Distribuidora Neuquen,Neuquen (NQN),130,PAD-06,Bajada del Palo,Vista,2025-12,2025-12-14,2025-12-17,2025-12-17,3,3,0,120.0,120.6,114570.0,2680.0,0,OTIF
ENV-00651,MAT-03,Gasoil grado 2,Gasoil,m3,PRV-06,Distribuidora Neuquen,Neuquen (NQN),130,PAD-09,Los Toldos,ExxonMobil,2025-12,2025-12-01,2025-12-05,2025-12-05,4,4,0,120.0,121.1,115045.0,2742.0,0,OTIF
ENV-00652,MAT-03,Gasoil grado 2,Gasoil,m3,PRV-06,Distribuidora Neuquen,Neuquen (NQN),130,PAD-10,Cruz de Lorena,Shell,2025-12,2025-12-21,2025-12-25,2025-12-24,4,3,-1,120.0,119.9,113905.0,2708.0,0,OTIF
ENV-00653,MAT-03,Gasoil grado 2,Gasoil,m3,PRV-06,Distribuidora Neuquen,Neuquen (NQN),130,PAD-05,Rincon La Ceniza,Shell,2025-12,2025-12-24,2025-12-27,2025-12-27,3,3,0,120.0,100.2,95190.0,2539.0,0,Incompleto
ENV-00654,MAT-03,Gasoil grado 2,Gasoil,m3,PRV-06,Distribuidora Neuquen,Neuquen (NQN),130,PAD-05,Rincon La Ceniza,Shell,2025-12,2025-12-10,2025-12-13,2025-12-12,3,2,-1,120.0,112.3,106685.0,2648.0,0,Incompleto
ENV-00655,MAT-03,Gasoil grado 2,Gasoil,m3,PRV-06,Distribuidora Neuquen,Neuquen (NQN),130,PAD-07,El Trapial,Chevron,2025-12,2025-12-16,2025-12-20,2025-12-20,4,4,0,120.0,118.9,112955.0,3036.0,0,OTIF
ENV-00656,MAT-03,Gasoil grado 2,Gasoil,m3,PRV-06,Distribuidora Neuquen,Neuquen (NQN),130,PAD-03,La Amarga Chica,YPF,2025-12,2025-12-09,2025-12-13,2025-12-12,4,3,-1,120.0,119.0,113050.0,2921.0,0,OTIF
ENV-00657,MAT-03,Gasoil grado 2,Gasoil,m3,PRV-07,Sur Energia,Bahia Blanca (BA),640,PAD-07,El Trapial,Chevron,2025-12,2025-12-03,2025-12-11,2025-12-10,8,7,-1,120.0,120.5,114475.0,8901.0,0,OTIF
ENV-00658,MAT-03,Gasoil grado 2,Gasoil,m3,PRV-06,Distribuidora Neuquen,Neuquen (NQN),130,PAD-09,Los Toldos,ExxonMobil,2025-12,2025-12-04,2025-12-08,2025-12-08,4,4,0,120.0,120.1,114095.0,2871.0,0,OTIF
ENV-00659,MAT-03,Gasoil grado 2,Gasoil,m3,PRV-05,Combustibles del Alto,Plaza Huincul (NQN),110,PAD-02,Bandurria Sur,YPF,2025-12,2025-12-03,2025-12-06,2025-12-06,3,3,0,120.0,120.6,114570.0,2863.0,0,OTIF
ENV-00660,MAT-03,Gasoil grado 2,Gasoil,m3,PRV-05,Combustibles del Alto,Plaza Huincul (NQN),110,PAD-03,La Amarga Chica,YPF,2025-12,2025-12-07,2025-12-10,2025-12-10,3,3,0,120.0,120.0,114000.0,2536.0,0,OTIF
ENV-00661,MAT-03,Gasoil grado 2,Gasoil,m3,PRV-05,Combustibles del Alto,Plaza Huincul (NQN),110,PAD-07,El Trapial,Chevron,2025-12,2025-12-04,2025-12-08,2025-12-08,4,4,0,120.0,119.1,113145.0,2582.0,0,OTIF
ENV-00662,MAT-03,Gasoil grado 2,Gasoil,m3,PRV-07,Sur Energia,Bahia Blanca (BA),640,PAD-01,Loma Campana,YPF,2026-01,2026-01-12,2026-01-20,2026-01-20,8,8,0,120.0,120.7,114665.0,9123.0,0,OTIF
ENV-00663,MAT-03,Gasoil grado 2,Gasoil,m3,PRV-05,Combustibles del Alto,Plaza Huincul (NQN),110,PAD-11,Aguada Federal,Wintershall,2026-01,2026-01-18,2026-01-22,2026-01-22,4,4,0,120.0,119.7,113715.0,2836.0,0,OTIF
ENV-00664,MAT-03,Gasoil grado 2,Gasoil,m3,PRV-07,Sur Energia,Bahia Blanca (BA),640,PAD-05,Rincon La Ceniza,Shell,2026-01,2026-01-13,2026-01-19,2026-01-19,6,6,0,120.0,120.9,114855.0,8969.0,0,OTIF
ENV-00665,MAT-03,Gasoil grado 2,Gasoil,m3,PRV-06,Distribuidora Neuquen,Neuquen (NQN),130,PAD-11,Aguada Federal,Wintershall,2026-01,2026-01-15,2026-01-17,2026-01-16,2,1,-1,120.0,120.0,114000.0,3020.0,0,OTIF
ENV-00666,MAT-03,Gasoil grado 2,Gasoil,m3,PRV-06,Distribuidora Neuquen,Neuquen (NQN),130,PAD-02,Bandurria Sur,YPF,2026-01,2026-01-11,2026-01-15,2026-01-14,4,3,-1,120.0,120.6,114570.0,2911.0,0,OTIF
ENV-00667,MAT-03,Gasoil grado 2,Gasoil,m3,PRV-05,Combustibles del Alto,Plaza Huincul (NQN),110,PAD-01,Loma Campana,YPF,2026-01,2026-01-11,2026-01-15,2026-01-15,4,4,0,120.0,119.1,113145.0,2540.0,0,OTIF
ENV-00668,MAT-03,Gasoil grado 2,Gasoil,m3,PRV-05,Combustibles del Alto,Plaza Huincul (NQN),110,PAD-10,Cruz de Lorena,Shell,2026-01,2026-01-21,2026-01-23,2026-01-23,2,2,0,120.0,120.8,114760.0,2767.0,0,OTIF
ENV-00669,MAT-03,Gasoil grado 2,Gasoil,m3,PRV-06,Distribuidora Neuquen,Neuquen (NQN),130,PAD-06,Bajada del Palo,Vista,2026-01,2026-01-20,2026-01-23,2026-01-22,3,2,-1,120.0,120.2,114190.0,2767.0,0,OTIF
ENV-00670,MAT-03,Gasoil grado 2,Gasoil,m3,PRV-05,Combustibles del Alto,Plaza Huincul (NQN),110,PAD-07,El Trapial,Chevron,2026-01,2026-01-10,2026-01-12,2026-01-12,2,2,0,120.0,120.2,114190.0,2337.0,0,OTIF
ENV-00671,MAT-03,Gasoil grado 2,Gasoil,m3,PRV-07,Sur Energia,Bahia Blanca (BA),640,PAD-11,Aguada Federal,Wintershall,2026-01,2026-01-01,2026-01-07,2026-01-07,6,6,0,120.0,119.2,113240.0,9359.0,0,OTIF
ENV-00672,MAT-03,Gasoil grado 2,Gasoil,m3,PRV-06,Distribuidora Neuquen,Neuquen (NQN),130,PAD-03,La Amarga Chica,YPF,2026-01,2026-01-14,2026-01-17,2026-01-17,3,3,0,120.0,106.7,101365.0,2841.0,0,Incompleto
ENV-00673,MAT-03,Gasoil grado 2,Gasoil,m3,PRV-07,Sur Energia,Bahia Blanca (BA),640,PAD-08,Aguada Pichana,Total,2026-01,2026-01-15,2026-01-21,2026-01-21,6,6,0,120.0,120.7,114665.0,9225.0,0,OTIF
ENV-00674,MAT-03,Gasoil grado 2,Gasoil,m3,PRV-05,Combustibles del Alto,Plaza Huincul (NQN),110,PAD-07,El Trapial,Chevron,2026-01,2026-01-16,2026-01-20,2026-01-20,4,4,0,120.0,119.3,113335.0,2418.0,0,OTIF
ENV-00675,MAT-03,Gasoil grado 2,Gasoil,m3,PRV-05,Combustibles del Alto,Plaza Huincul (NQN),110,PAD-05,Rincon La Ceniza,Shell,2026-01,2026-01-26,2026-01-28,2026-01-28,2,2,0,120.0,120.4,114380.0,2588.0,0,OTIF
ENV-00676,MAT-03,Gasoil grado 2,Gasoil,m3,PRV-05,Combustibles del Alto,Plaza Huincul (NQN),110,PAD-06,Bajada del Palo,Vista,2026-01,2026-01-01,2026-01-05,2026-01-05,4,4,0,120.0,120.2,114190.0,2367.0,0,OTIF
ENV-00677,MAT-03,Gasoil grado 2,Gasoil,m3,PRV-05,Combustibles del Alto,Plaza Huincul (NQN),110,PAD-06,Bajada del Palo,Vista,2026-01,2026-01-18,2026-01-21,2026-01-21,3,3,0,120.0,121.1,115045.0,2677.0,0,OTIF
ENV-00678,MAT-03,Gasoil grado 2,Gasoil,m3,PRV-07,Sur Energia,Bahia Blanca (BA),640,PAD-01,Loma Campana,YPF,2026-01,2026-01-24,2026-02-01,2026-02-01,8,8,0,120.0,119.7,113715.0,10579.0,0,OTIF
ENV-00679,MAT-03,Gasoil grado 2,Gasoil,m3,PRV-05,Combustibles del Alto,Plaza Huincul (NQN),110,PAD-03,La Amarga Chica,YPF,2026-01,2026-01-18,2026-01-20,2026-01-20,2,2,0,120.0,119.1,113145.0,2493.0,0,OTIF
ENV-00680,MAT-03,Gasoil grado 2,Gasoil,m3,PRV-05,Combustibles del Alto,Plaza Huincul (NQN),110,PAD-05,Rincon La Ceniza,Shell,2026-02,2026-02-17,2026-02-20,2026-02-21,3,4,1,120.0,120.8,114760.0,2758.0,2550,Demorado
ENV-00681,MAT-03,Gasoil grado 2,Gasoil,m3,PRV-05,Combustibles del Alto,Plaza Huincul (NQN),110,PAD-05,Rincon La Ceniza,Shell,2026-02,2026-02-14,2026-02-18,2026-02-18,4,4,0,120.0,121.2,115140.0,2772.0,0,OTIF
ENV-00682,MAT-03,Gasoil grado 2,Gasoil,m3,PRV-06,Distribuidora Neuquen,Neuquen (NQN),130,PAD-11,Aguada Federal,Wintershall,2026-02,2026-02-05,2026-02-07,2026-02-06,2,1,-1,120.0,119.9,113905.0,2660.0,0,OTIF
ENV-00683,MAT-03,Gasoil grado 2,Gasoil,m3,PRV-05,Combustibles del Alto,Plaza Huincul (NQN),110,PAD-08,Aguada Pichana,Total,2026-02,2026-02-15,2026-02-18,2026-02-18,3,3,0,120.0,120.0,114000.0,2804.0,0,OTIF
ENV-00684,MAT-03,Gasoil grado 2,Gasoil,m3,PRV-05,Combustibles del Alto,Plaza Huincul (NQN),110,PAD-02,Bandurria Sur,YPF,2026-02,2026-02-05,2026-02-08,2026-02-08,3,3,0,120.0,119.5,113525.0,2823.0,0,OTIF
ENV-00685,MAT-03,Gasoil grado 2,Gasoil,m3,PRV-05,Combustibles del Alto,Plaza Huincul (NQN),110,PAD-01,Loma Campana,YPF,2026-02,2026-02-19,2026-02-22,2026-02-22,3,3,0,120.0,119.0,113050.0,2498.0,0,OTIF
ENV-00686,MAT-03,Gasoil grado 2,Gasoil,m3,PRV-06,Distribuidora Neuquen,Neuquen (NQN),130,PAD-11,Aguada Federal,Wintershall,2026-02,2026-02-10,2026-02-13,2026-02-13,3,3,0,120.0,119.6,113620.0,2572.0,0,OTIF
ENV-00687,MAT-03,Gasoil grado 2,Gasoil,m3,PRV-07,Sur Energia,Bahia Blanca (BA),640,PAD-11,Aguada Federal,Wintershall,2026-02,2026-02-15,2026-02-22,2026-02-22,7,7,0,120.0,119.6,113620.0,8640.0,0,OTIF
ENV-00688,MAT-03,Gasoil grado 2,Gasoil,m3,PRV-07,Sur Energia,Bahia Blanca (BA),640,PAD-06,Bajada del Palo,Vista,2026-02,2026-02-20,2026-02-26,2026-02-26,6,6,0,120.0,120.7,114665.0,10185.0,0,OTIF
ENV-00689,MAT-03,Gasoil grado 2,Gasoil,m3,PRV-07,Sur Energia,Bahia Blanca (BA),640,PAD-07,El Trapial,Chevron,2026-02,2026-02-18,2026-02-25,2026-02-25,7,7,0,120.0,119.8,113810.0,8604.0,0,OTIF
ENV-00690,MAT-03,Gasoil grado 2,Gasoil,m3,PRV-05,Combustibles del Alto,Plaza Huincul (NQN),110,PAD-07,El Trapial,Chevron,2026-02,2026-02-07,2026-02-11,2026-02-11,4,4,0,120.0,120.0,114000.0,2569.0,0,OTIF
ENV-00691,MAT-03,Gasoil grado 2,Gasoil,m3,PRV-07,Sur Energia,Bahia Blanca (BA),640,PAD-11,Aguada Federal,Wintershall,2026-02,2026-02-26,2026-03-05,2026-03-05,7,7,0,120.0,120.0,114000.0,10430.0,0,OTIF
ENV-00692,MAT-03,Gasoil grado 2,Gasoil,m3,PRV-05,Combustibles del Alto,Plaza Huincul (NQN),110,PAD-10,Cruz de Lorena,Shell,2026-02,2026-02-16,2026-02-18,2026-02-18,2,2,0,120.0,119.8,113810.0,2563.0,0,OTIF
ENV-00693,MAT-03,Gasoil grado 2,Gasoil,m3,PRV-06,Distribuidora Neuquen,Neuquen (NQN),130,PAD-08,Aguada Pichana,Total,2026-02,2026-02-02,2026-02-06,2026-02-06,4,4,0,120.0,120.3,114285.0,2892.0,0,OTIF
ENV-00694,MAT-03,Gasoil grado 2,Gasoil,m3,PRV-05,Combustibles del Alto,Plaza Huincul (NQN),110,PAD-02,Bandurria Sur,YPF,2026-02,2026-02-10,2026-02-13,2026-02-12,3,2,-1,120.0,120.8,114760.0,2630.0,0,OTIF
ENV-00695,MAT-03,Gasoil grado 2,Gasoil,m3,PRV-06,Distribuidora Neuquen,Neuquen (NQN),130,PAD-09,Los Toldos,ExxonMobil,2026-02,2026-02-10,2026-02-12,2026-02-12,2,2,0,120.0,119.9,113905.0,3008.0,0,OTIF
ENV-00696,MAT-03,Gasoil grado 2,Gasoil,m3,PRV-05,Combustibles del Alto,Plaza Huincul (NQN),110,PAD-10,Cruz de Lorena,Shell,2026-02,2026-02-09,2026-02-13,2026-02-16,4,7,3,120.0,120.7,114665.0,2811.0,7650,Demorado
ENV-00697,MAT-03,Gasoil grado 2,Gasoil,m3,PRV-05,Combustibles del Alto,Plaza Huincul (NQN),110,PAD-12,Coiron Amargo,Pan American,2026-03,2026-03-02,2026-03-05,2026-03-05,3,3,0,120.0,120.3,114285.0,2477.0,0,OTIF
ENV-00698,MAT-03,Gasoil grado 2,Gasoil,m3,PRV-05,Combustibles del Alto,Plaza Huincul (NQN),110,PAD-03,La Amarga Chica,YPF,2026-03,2026-03-26,2026-03-30,2026-03-30,4,4,0,120.0,119.8,113810.0,2331.0,0,OTIF
ENV-00699,MAT-03,Gasoil grado 2,Gasoil,m3,PRV-05,Combustibles del Alto,Plaza Huincul (NQN),110,PAD-03,La Amarga Chica,YPF,2026-03,2026-03-13,2026-03-16,2026-03-16,3,3,0,120.0,120.2,114190.0,2602.0,0,OTIF
ENV-00700,MAT-03,Gasoil grado 2,Gasoil,m3,PRV-07,Sur Energia,Bahia Blanca (BA),640,PAD-10,Cruz de Lorena,Shell,2026-03,2026-03-20,2026-03-28,2026-03-28,8,8,0,120.0,119.5,113525.0,8804.0,0,OTIF
ENV-00701,MAT-03,Gasoil grado 2,Gasoil,m3,PRV-05,Combustibles del Alto,Plaza Huincul (NQN),110,PAD-01,Loma Campana,YPF,2026-03,2026-03-01,2026-03-03,2026-03-03,2,2,0,120.0,119.8,113810.0,2676.0,0,OTIF
ENV-00702,MAT-03,Gasoil grado 2,Gasoil,m3,PRV-06,Distribuidora Neuquen,Neuquen (NQN),130,PAD-02,Bandurria Sur,YPF,2026-03,2026-03-26,2026-03-29,2026-03-29,3,3,0,120.0,121.0,114950.0,3036.0,0,OTIF
ENV-00703,MAT-03,Gasoil grado 2,Gasoil,m3,PRV-07,Sur Energia,Bahia Blanca (BA),640,PAD-08,Aguada Pichana,Total,2026-03,2026-03-15,2026-03-22,2026-03-22,7,7,0,120.0,120.8,114760.0,8732.0,0,OTIF
ENV-00704,MAT-03,Gasoil grado 2,Gasoil,m3,PRV-05,Combustibles del Alto,Plaza Huincul (NQN),110,PAD-12,Coiron Amargo,Pan American,2026-03,2026-03-01,2026-03-04,2026-03-04,3,3,0,120.0,120.1,114095.0,2490.0,0,OTIF
ENV-00705,MAT-03,Gasoil grado 2,Gasoil,m3,PRV-05,Combustibles del Alto,Plaza Huincul (NQN),110,PAD-09,Los Toldos,ExxonMobil,2026-03,2026-03-16,2026-03-18,2026-03-18,2,2,0,120.0,119.6,113620.0,2355.0,0,OTIF
ENV-00706,MAT-03,Gasoil grado 2,Gasoil,m3,PRV-05,Combustibles del Alto,Plaza Huincul (NQN),110,PAD-08,Aguada Pichana,Total,2026-03,2026-03-21,2026-03-24,2026-03-24,3,3,0,120.0,119.8,113810.0,2413.0,0,OTIF
ENV-00707,MAT-03,Gasoil grado 2,Gasoil,m3,PRV-05,Combustibles del Alto,Plaza Huincul (NQN),110,PAD-06,Bajada del Palo,Vista,2026-03,2026-03-24,2026-03-26,2026-03-26,2,2,0,120.0,121.0,114950.0,2821.0,0,OTIF
ENV-00708,MAT-03,Gasoil grado 2,Gasoil,m3,PRV-06,Distribuidora Neuquen,Neuquen (NQN),130,PAD-03,La Amarga Chica,YPF,2026-03,2026-03-23,2026-03-27,2026-03-27,4,4,0,120.0,120.4,114380.0,3025.0,0,OTIF
ENV-00709,MAT-03,Gasoil grado 2,Gasoil,m3,PRV-05,Combustibles del Alto,Plaza Huincul (NQN),110,PAD-03,La Amarga Chica,YPF,2026-03,2026-03-26,2026-03-29,2026-03-28,3,2,-1,120.0,119.2,113240.0,2403.0,0,OTIF
ENV-00710,MAT-03,Gasoil grado 2,Gasoil,m3,PRV-05,Combustibles del Alto,Plaza Huincul (NQN),110,PAD-07,El Trapial,Chevron,2026-03,2026-03-16,2026-03-19,2026-03-19,3,3,0,120.0,119.7,113715.0,2468.0,0,OTIF
ENV-00711,MAT-03,Gasoil grado 2,Gasoil,m3,PRV-05,Combustibles del Alto,Plaza Huincul (NQN),110,PAD-09,Los Toldos,ExxonMobil,2026-03,2026-03-22,2026-03-24,2026-03-23,2,1,-1,120.0,120.1,114095.0,2601.0,0,OTIF
ENV-00712,MAT-03,Gasoil grado 2,Gasoil,m3,PRV-07,Sur Energia,Bahia Blanca (BA),640,PAD-01,Loma Campana,YPF,2026-03,2026-03-11,2026-03-17,2026-03-17,6,6,0,120.0,119.0,113050.0,8616.0,0,OTIF
ENV-00713,MAT-03,Gasoil grado 2,Gasoil,m3,PRV-07,Sur Energia,Bahia Blanca (BA),640,PAD-02,Bandurria Sur,YPF,2026-03,2026-03-15,2026-03-23,2026-03-23,8,8,0,120.0,120.1,114095.0,9644.0,0,OTIF
ENV-00714,MAT-03,Gasoil grado 2,Gasoil,m3,PRV-06,Distribuidora Neuquen,Neuquen (NQN),130,PAD-04,Fortin de Piedra,Tecpetrol,2026-03,2026-03-06,2026-03-08,2026-03-08,2,2,0,120.0,120.0,114000.0,3104.0,0,OTIF
ENV-00715,MAT-03,Gasoil grado 2,Gasoil,m3,PRV-06,Distribuidora Neuquen,Neuquen (NQN),130,PAD-06,Bajada del Palo,Vista,2026-03,2026-03-05,2026-03-07,2026-03-07,2,2,0,120.0,120.6,114570.0,2721.0,0,OTIF
ENV-00716,MAT-03,Gasoil grado 2,Gasoil,m3,PRV-05,Combustibles del Alto,Plaza Huincul (NQN),110,PAD-05,Rincon La Ceniza,Shell,2026-03,2026-03-26,2026-03-28,2026-03-28,2,2,0,120.0,120.3,114285.0,2466.0,0,OTIF
ENV-00717,MAT-03,Gasoil grado 2,Gasoil,m3,PRV-06,Distribuidora Neuquen,Neuquen (NQN),130,PAD-07,El Trapial,Chevron,2026-03,2026-03-25,2026-03-27,2026-03-27,2,2,0,120.0,119.9,113905.0,3091.0,0,OTIF
ENV-00718,MAT-03,Gasoil grado 2,Gasoil,m3,PRV-06,Distribuidora Neuquen,Neuquen (NQN),130,PAD-01,Loma Campana,YPF,2026-04,2026-04-26,2026-04-28,2026-04-28,2,2,0,120.0,119.0,113050.0,2757.0,0,OTIF
ENV-00719,MAT-03,Gasoil grado 2,Gasoil,m3,PRV-07,Sur Energia,Bahia Blanca (BA),640,PAD-03,La Amarga Chica,YPF,2026-04,2026-04-13,2026-04-19,2026-04-18,6,5,-1,120.0,119.2,113240.0,9721.0,0,OTIF
ENV-00720,MAT-03,Gasoil grado 2,Gasoil,m3,PRV-07,Sur Energia,Bahia Blanca (BA),640,PAD-11,Aguada Federal,Wintershall,2026-04,2026-04-21,2026-04-28,2026-04-28,7,7,0,120.0,119.5,113525.0,10093.0,0,OTIF
ENV-00721,MAT-03,Gasoil grado 2,Gasoil,m3,PRV-05,Combustibles del Alto,Plaza Huincul (NQN),110,PAD-05,Rincon La Ceniza,Shell,2026-04,2026-04-12,2026-04-16,2026-04-16,4,4,0,120.0,120.3,114285.0,2678.0,0,OTIF
ENV-00722,MAT-03,Gasoil grado 2,Gasoil,m3,PRV-06,Distribuidora Neuquen,Neuquen (NQN),130,PAD-11,Aguada Federal,Wintershall,2026-04,2026-04-15,2026-04-17,2026-04-16,2,1,-1,120.0,119.7,113715.0,3004.0,0,OTIF
ENV-00723,MAT-03,Gasoil grado 2,Gasoil,m3,PRV-06,Distribuidora Neuquen,Neuquen (NQN),130,PAD-09,Los Toldos,ExxonMobil,2026-04,2026-04-05,2026-04-07,2026-04-07,2,2,0,120.0,120.6,114570.0,2667.0,0,OTIF
ENV-00724,MAT-03,Gasoil grado 2,Gasoil,m3,PRV-07,Sur Energia,Bahia Blanca (BA),640,PAD-09,Los Toldos,ExxonMobil,2026-04,2026-04-01,2026-04-07,2026-04-07,6,6,0,120.0,120.0,114000.0,10108.0,0,OTIF
ENV-00725,MAT-03,Gasoil grado 2,Gasoil,m3,PRV-05,Combustibles del Alto,Plaza Huincul (NQN),110,PAD-09,Los Toldos,ExxonMobil,2026-04,2026-04-12,2026-04-14,2026-04-17,2,5,3,120.0,119.5,113525.0,2735.0,7650,Demorado
ENV-00726,MAT-03,Gasoil grado 2,Gasoil,m3,PRV-05,Combustibles del Alto,Plaza Huincul (NQN),110,PAD-04,Fortin de Piedra,Tecpetrol,2026-04,2026-04-15,2026-04-18,2026-04-18,3,3,0,120.0,120.2,114190.0,2405.0,0,OTIF
ENV-00727,MAT-03,Gasoil grado 2,Gasoil,m3,PRV-06,Distribuidora Neuquen,Neuquen (NQN),130,PAD-04,Fortin de Piedra,Tecpetrol,2026-04,2026-04-13,2026-04-16,2026-04-16,3,3,0,120.0,119.9,113905.0,2650.0,0,OTIF
ENV-00728,MAT-03,Gasoil grado 2,Gasoil,m3,PRV-07,Sur Energia,Bahia Blanca (BA),640,PAD-02,Bandurria Sur,YPF,2026-04,2026-04-14,2026-04-20,2026-04-19,6,5,-1,120.0,119.0,113050.0,9919.0,0,OTIF
ENV-00729,MAT-03,Gasoil grado 2,Gasoil,m3,PRV-06,Distribuidora Neuquen,Neuquen (NQN),130,PAD-09,Los Toldos,ExxonMobil,2026-04,2026-04-13,2026-04-16,2026-04-16,3,3,0,120.0,120.5,114475.0,3160.0,0,OTIF
ENV-00730,MAT-03,Gasoil grado 2,Gasoil,m3,PRV-07,Sur Energia,Bahia Blanca (BA),640,PAD-03,La Amarga Chica,YPF,2026-04,2026-04-24,2026-05-02,2026-05-06,8,12,4,120.0,120.0,114000.0,9683.0,10200,Demorado
ENV-00731,MAT-03,Gasoil grado 2,Gasoil,m3,PRV-05,Combustibles del Alto,Plaza Huincul (NQN),110,PAD-08,Aguada Pichana,Total,2026-04,2026-04-23,2026-04-27,2026-04-27,4,4,0,120.0,119.1,113145.0,2796.0,0,OTIF
ENV-00732,MAT-03,Gasoil grado 2,Gasoil,m3,PRV-05,Combustibles del Alto,Plaza Huincul (NQN),110,PAD-10,Cruz de Lorena,Shell,2026-04,2026-04-04,2026-04-06,2026-04-05,2,1,-1,120.0,119.7,113715.0,2487.0,0,OTIF
ENV-00733,MAT-03,Gasoil grado 2,Gasoil,m3,PRV-07,Sur Energia,Bahia Blanca (BA),640,PAD-03,La Amarga Chica,YPF,2026-04,2026-04-01,2026-04-07,2026-04-07,6,6,0,120.0,119.2,113240.0,10065.0,0,OTIF
ENV-00734,MAT-03,Gasoil grado 2,Gasoil,m3,PRV-05,Combustibles del Alto,Plaza Huincul (NQN),110,PAD-06,Bajada del Palo,Vista,2026-04,2026-04-01,2026-04-03,2026-04-03,2,2,0,120.0,121.0,114950.0,2780.0,0,OTIF
ENV-00735,MAT-03,Gasoil grado 2,Gasoil,m3,PRV-07,Sur Energia,Bahia Blanca (BA),640,PAD-10,Cruz de Lorena,Shell,2026-04,2026-04-16,2026-04-22,2026-04-22,6,6,0,120.0,119.9,113905.0,10382.0,0,OTIF
ENV-00736,MAT-03,Gasoil grado 2,Gasoil,m3,PRV-05,Combustibles del Alto,Plaza Huincul (NQN),110,PAD-10,Cruz de Lorena,Shell,2026-04,2026-04-11,2026-04-14,2026-04-14,3,3,0,120.0,121.1,115045.0,2843.0,0,OTIF
ENV-00737,MAT-03,Gasoil grado 2,Gasoil,m3,PRV-05,Combustibles del Alto,Plaza Huincul (NQN),110,PAD-02,Bandurria Sur,YPF,2026-04,2026-04-24,2026-04-28,2026-04-30,4,6,2,120.0,119.5,113525.0,2683.0,5100,Demorado
ENV-00738,MAT-03,Gasoil grado 2,Gasoil,m3,PRV-06,Distribuidora Neuquen,Neuquen (NQN),130,PAD-04,Fortin de Piedra,Tecpetrol,2026-04,2026-04-21,2026-04-25,2026-04-25,4,4,0,120.0,118.8,112860.0,2953.0,0,OTIF
ENV-00739,MAT-03,Gasoil grado 2,Gasoil,m3,PRV-05,Combustibles del Alto,Plaza Huincul (NQN),110,PAD-01,Loma Campana,YPF,2026-05,2026-05-18,2026-05-20,2026-05-20,2,2,0,120.0,119.9,113905.0,2780.0,0,OTIF
ENV-00740,MAT-03,Gasoil grado 2,Gasoil,m3,PRV-05,Combustibles del Alto,Plaza Huincul (NQN),110,PAD-10,Cruz de Lorena,Shell,2026-05,2026-05-20,2026-05-23,2026-05-22,3,2,-1,120.0,119.8,113810.0,2809.0,0,OTIF
ENV-00741,MAT-03,Gasoil grado 2,Gasoil,m3,PRV-05,Combustibles del Alto,Plaza Huincul (NQN),110,PAD-02,Bandurria Sur,YPF,2026-05,2026-05-11,2026-05-13,2026-05-13,2,2,0,120.0,120.6,114570.0,2418.0,0,OTIF
ENV-00742,MAT-03,Gasoil grado 2,Gasoil,m3,PRV-06,Distribuidora Neuquen,Neuquen (NQN),130,PAD-01,Loma Campana,YPF,2026-05,2026-05-14,2026-05-16,2026-05-17,2,3,1,120.0,119.6,113620.0,2812.0,2550,Demorado
ENV-00743,MAT-03,Gasoil grado 2,Gasoil,m3,PRV-05,Combustibles del Alto,Plaza Huincul (NQN),110,PAD-02,Bandurria Sur,YPF,2026-05,2026-05-11,2026-05-13,2026-05-13,2,2,0,120.0,120.0,114000.0,2610.0,0,OTIF
ENV-00744,MAT-03,Gasoil grado 2,Gasoil,m3,PRV-05,Combustibles del Alto,Plaza Huincul (NQN),110,PAD-06,Bajada del Palo,Vista,2026-05,2026-05-04,2026-05-08,2026-05-08,4,4,0,120.0,119.4,113430.0,2819.0,0,OTIF
ENV-00745,MAT-03,Gasoil grado 2,Gasoil,m3,PRV-06,Distribuidora Neuquen,Neuquen (NQN),130,PAD-10,Cruz de Lorena,Shell,2026-05,2026-05-09,2026-05-11,2026-05-11,2,2,0,120.0,120.2,114190.0,2841.0,0,OTIF
ENV-00746,MAT-03,Gasoil grado 2,Gasoil,m3,PRV-06,Distribuidora Neuquen,Neuquen (NQN),130,PAD-03,La Amarga Chica,YPF,2026-05,2026-05-21,2026-05-25,2026-05-25,4,4,0,120.0,119.8,113810.0,3126.0,0,OTIF
ENV-00747,MAT-03,Gasoil grado 2,Gasoil,m3,PRV-05,Combustibles del Alto,Plaza Huincul (NQN),110,PAD-08,Aguada Pichana,Total,2026-05,2026-05-15,2026-05-19,2026-05-18,4,3,-1,120.0,120.0,114000.0,2663.0,0,OTIF
ENV-00748,MAT-03,Gasoil grado 2,Gasoil,m3,PRV-05,Combustibles del Alto,Plaza Huincul (NQN),110,PAD-06,Bajada del Palo,Vista,2026-05,2026-05-22,2026-05-26,2026-05-26,4,4,0,120.0,120.1,114095.0,2364.0,0,OTIF
ENV-00749,MAT-03,Gasoil grado 2,Gasoil,m3,PRV-05,Combustibles del Alto,Plaza Huincul (NQN),110,PAD-02,Bandurria Sur,YPF,2026-05,2026-05-03,2026-05-07,2026-05-07,4,4,0,120.0,120.3,114285.0,2871.0,0,OTIF
ENV-00750,MAT-03,Gasoil grado 2,Gasoil,m3,PRV-07,Sur Energia,Bahia Blanca (BA),640,PAD-06,Bajada del Palo,Vista,2026-05,2026-05-11,2026-05-19,2026-05-19,8,8,0,120.0,119.6,113620.0,9510.0,0,OTIF
ENV-00751,MAT-03,Gasoil grado 2,Gasoil,m3,PRV-05,Combustibles del Alto,Plaza Huincul (NQN),110,PAD-12,Coiron Amargo,Pan American,2026-05,2026-05-20,2026-05-24,2026-05-24,4,4,0,120.0,96.2,91390.0,2154.0,0,Incompleto
ENV-00752,MAT-03,Gasoil grado 2,Gasoil,m3,PRV-07,Sur Energia,Bahia Blanca (BA),640,PAD-12,Coiron Amargo,Pan American,2026-05,2026-05-18,2026-05-25,2026-05-25,7,7,0,120.0,119.0,113050.0,8575.0,0,OTIF
ENV-00753,MAT-03,Gasoil grado 2,Gasoil,m3,PRV-05,Combustibles del Alto,Plaza Huincul (NQN),110,PAD-02,Bandurria Sur,YPF,2026-05,2026-05-22,2026-05-25,2026-05-25,3,3,0,120.0,120.6,114570.0,2727.0,0,OTIF
ENV-00754,MAT-03,Gasoil grado 2,Gasoil,m3,PRV-05,Combustibles del Alto,Plaza Huincul (NQN),110,PAD-06,Bajada del Palo,Vista,2026-05,2026-05-01,2026-05-04,2026-05-07,3,6,3,120.0,120.4,114380.0,2731.0,7650,Demorado
ENV-00755,MAT-03,Gasoil grado 2,Gasoil,m3,PRV-05,Combustibles del Alto,Plaza Huincul (NQN),110,PAD-10,Cruz de Lorena,Shell,2026-05,2026-05-07,2026-05-11,2026-05-11,4,4,0,120.0,118.9,112955.0,2590.0,0,OTIF
ENV-00756,MAT-03,Gasoil grado 2,Gasoil,m3,PRV-06,Distribuidora Neuquen,Neuquen (NQN),130,PAD-04,Fortin de Piedra,Tecpetrol,2026-05,2026-05-23,2026-05-25,2026-05-25,2,2,0,120.0,119.5,113525.0,2865.0,0,OTIF
ENV-00757,MAT-03,Gasoil grado 2,Gasoil,m3,PRV-06,Distribuidora Neuquen,Neuquen (NQN),130,PAD-11,Aguada Federal,Wintershall,2026-05,2026-05-06,2026-05-08,2026-05-08,2,2,0,120.0,121.0,114950.0,3110.0,0,OTIF
ENV-00758,MAT-03,Gasoil grado 2,Gasoil,m3,PRV-06,Distribuidora Neuquen,Neuquen (NQN),130,PAD-05,Rincon La Ceniza,Shell,2026-06,2026-06-17,2026-06-21,2026-06-29,4,12,8,120.0,120.3,114285.0,2989.0,20400,Demorado
ENV-00759,MAT-03,Gasoil grado 2,Gasoil,m3,PRV-05,Combustibles del Alto,Plaza Huincul (NQN),110,PAD-07,El Trapial,Chevron,2026-06,2026-06-15,2026-06-18,2026-06-18,3,3,0,120.0,120.4,114380.0,2593.0,0,OTIF
ENV-00760,MAT-03,Gasoil grado 2,Gasoil,m3,PRV-06,Distribuidora Neuquen,Neuquen (NQN),130,PAD-01,Loma Campana,YPF,2026-06,2026-06-12,2026-06-14,2026-06-14,2,2,0,120.0,118.8,112860.0,2665.0,0,OTIF
ENV-00761,MAT-03,Gasoil grado 2,Gasoil,m3,PRV-07,Sur Energia,Bahia Blanca (BA),640,PAD-01,Loma Campana,YPF,2026-06,2026-06-03,2026-06-11,2026-06-10,8,7,-1,120.0,119.2,113240.0,9171.0,0,OTIF
ENV-00762,MAT-03,Gasoil grado 2,Gasoil,m3,PRV-06,Distribuidora Neuquen,Neuquen (NQN),130,PAD-01,Loma Campana,YPF,2026-06,2026-06-21,2026-06-24,2026-06-24,3,3,0,120.0,119.6,113620.0,2710.0,0,OTIF
ENV-00763,MAT-03,Gasoil grado 2,Gasoil,m3,PRV-05,Combustibles del Alto,Plaza Huincul (NQN),110,PAD-06,Bajada del Palo,Vista,2026-06,2026-06-04,2026-06-07,2026-06-07,3,3,0,120.0,120.2,114190.0,2575.0,0,OTIF
ENV-00764,MAT-03,Gasoil grado 2,Gasoil,m3,PRV-06,Distribuidora Neuquen,Neuquen (NQN),130,PAD-10,Cruz de Lorena,Shell,2026-06,2026-06-04,2026-06-06,2026-06-06,2,2,0,120.0,120.9,114855.0,3006.0,0,OTIF
ENV-00765,MAT-03,Gasoil grado 2,Gasoil,m3,PRV-05,Combustibles del Alto,Plaza Huincul (NQN),110,PAD-08,Aguada Pichana,Total,2026-06,2026-06-26,2026-06-29,2026-06-29,3,3,0,120.0,118.9,112955.0,2341.0,0,OTIF
ENV-00766,MAT-03,Gasoil grado 2,Gasoil,m3,PRV-05,Combustibles del Alto,Plaza Huincul (NQN),110,PAD-10,Cruz de Lorena,Shell,2026-06,2026-06-13,2026-06-15,2026-06-15,2,2,0,120.0,119.9,113905.0,2586.0,0,OTIF
ENV-00767,MAT-03,Gasoil grado 2,Gasoil,m3,PRV-07,Sur Energia,Bahia Blanca (BA),640,PAD-10,Cruz de Lorena,Shell,2026-06,2026-06-14,2026-06-21,2026-06-21,7,7,0,120.0,106.6,101270.0,8842.0,0,Incompleto
ENV-00768,MAT-03,Gasoil grado 2,Gasoil,m3,PRV-05,Combustibles del Alto,Plaza Huincul (NQN),110,PAD-10,Cruz de Lorena,Shell,2026-06,2026-06-04,2026-06-08,2026-06-08,4,4,0,120.0,120.3,114285.0,2472.0,0,OTIF
ENV-00769,MAT-03,Gasoil grado 2,Gasoil,m3,PRV-05,Combustibles del Alto,Plaza Huincul (NQN),110,PAD-10,Cruz de Lorena,Shell,2026-06,2026-06-14,2026-06-16,2026-06-16,2,2,0,120.0,102.4,97280.0,2360.0,0,Incompleto
ENV-00770,MAT-03,Gasoil grado 2,Gasoil,m3,PRV-06,Distribuidora Neuquen,Neuquen (NQN),130,PAD-05,Rincon La Ceniza,Shell,2026-06,2026-06-21,2026-06-23,2026-06-23,2,2,0,120.0,121.1,115045.0,2899.0,0,OTIF
ENV-00771,MAT-03,Gasoil grado 2,Gasoil,m3,PRV-06,Distribuidora Neuquen,Neuquen (NQN),130,PAD-01,Loma Campana,YPF,2026-06,2026-06-22,2026-06-26,2026-06-26,4,4,0,120.0,103.0,97850.0,2901.0,0,Incompleto
ENV-00772,MAT-03,Gasoil grado 2,Gasoil,m3,PRV-07,Sur Energia,Bahia Blanca (BA),640,PAD-02,Bandurria Sur,YPF,2026-06,2026-06-21,2026-06-27,2026-06-27,6,6,0,120.0,120.2,114190.0,9282.0,0,OTIF
ENV-00773,MAT-03,Gasoil grado 2,Gasoil,m3,PRV-06,Distribuidora Neuquen,Neuquen (NQN),130,PAD-06,Bajada del Palo,Vista,2026-06,2026-06-19,2026-06-22,2026-06-21,3,2,-1,120.0,121.0,114950.0,2884.0,0,OTIF
ENV-00774,MAT-03,Gasoil grado 2,Gasoil,m3,PRV-06,Distribuidora Neuquen,Neuquen (NQN),130,PAD-12,Coiron Amargo,Pan American,2026-06,2026-06-01,2026-06-04,2026-06-04,3,3,0,120.0,121.1,115045.0,2782.0,0,OTIF
ENV-00775,MAT-03,Gasoil grado 2,Gasoil,m3,PRV-05,Combustibles del Alto,Plaza Huincul (NQN),110,PAD-07,El Trapial,Chevron,2026-06,2026-06-24,2026-06-26,2026-06-25,2,1,-1,120.0,98.3,93385.0,2237.0,0,Incompleto
ENV-00776,MAT-03,Gasoil grado 2,Gasoil,m3,PRV-06,Distribuidora Neuquen,Neuquen (NQN),130,PAD-06,Bajada del Palo,Vista,2026-06,2026-06-07,2026-06-09,2026-06-09,2,2,0,120.0,119.4,113430.0,2660.0,0,OTIF
ENV-00777,MAT-03,Gasoil grado 2,Gasoil,m3,PRV-05,Combustibles del Alto,Plaza Huincul (NQN),110,PAD-04,Fortin de Piedra,Tecpetrol,2026-06,2026-06-18,2026-06-20,2026-06-20,2,2,0,120.0,109.8,104310.0,2418.0,0,Incompleto
ENV-00778,MAT-03,Gasoil grado 2,Gasoil,m3,PRV-07,Sur Energia,Bahia Blanca (BA),640,PAD-06,Bajada del Palo,Vista,2026-07,2026-07-26,2026-08-02,2026-08-02,7,7,0,120.0,119.2,113240.0,9621.0,0,OTIF
ENV-00779,MAT-03,Gasoil grado 2,Gasoil,m3,PRV-07,Sur Energia,Bahia Blanca (BA),640,PAD-07,El Trapial,Chevron,2026-07,2026-07-26,2026-08-01,2026-08-07,6,12,6,120.0,119.7,113715.0,9338.0,15300,Demorado
ENV-00780,MAT-03,Gasoil grado 2,Gasoil,m3,PRV-05,Combustibles del Alto,Plaza Huincul (NQN),110,PAD-11,Aguada Federal,Wintershall,2026-07,2026-07-20,2026-07-22,2026-07-22,2,2,0,120.0,119.5,113525.0,2402.0,0,OTIF
ENV-00781,MAT-03,Gasoil grado 2,Gasoil,m3,PRV-05,Combustibles del Alto,Plaza Huincul (NQN),110,PAD-05,Rincon La Ceniza,Shell,2026-07,2026-07-08,2026-07-12,2026-07-12,4,4,0,120.0,119.0,113050.0,2579.0,0,OTIF
ENV-00782,MAT-03,Gasoil grado 2,Gasoil,m3,PRV-06,Distribuidora Neuquen,Neuquen (NQN),130,PAD-03,La Amarga Chica,YPF,2026-07,2026-07-22,2026-07-26,2026-07-26,4,4,0,120.0,119.2,113240.0,2993.0,0,OTIF
ENV-00783,MAT-03,Gasoil grado 2,Gasoil,m3,PRV-06,Distribuidora Neuquen,Neuquen (NQN),130,PAD-12,Coiron Amargo,Pan American,2026-07,2026-07-17,2026-07-20,2026-07-20,3,3,0,120.0,120.2,114190.0,2585.0,0,OTIF
ENV-00784,MAT-03,Gasoil grado 2,Gasoil,m3,PRV-07,Sur Energia,Bahia Blanca (BA),640,PAD-08,Aguada Pichana,Total,2026-07,2026-07-08,2026-07-15,2026-07-15,7,7,0,120.0,119.2,113240.0,10279.0,0,OTIF
ENV-00785,MAT-03,Gasoil grado 2,Gasoil,m3,PRV-06,Distribuidora Neuquen,Neuquen (NQN),130,PAD-03,La Amarga Chica,YPF,2026-07,2026-07-09,2026-07-12,2026-07-12,3,3,0,120.0,119.9,113905.0,2946.0,0,OTIF
ENV-00786,MAT-03,Gasoil grado 2,Gasoil,m3,PRV-05,Combustibles del Alto,Plaza Huincul (NQN),110,PAD-07,El Trapial,Chevron,2026-07,2026-07-14,2026-07-17,2026-07-17,3,3,0,120.0,119.2,113240.0,2447.0,0,OTIF
ENV-00787,MAT-03,Gasoil grado 2,Gasoil,m3,PRV-05,Combustibles del Alto,Plaza Huincul (NQN),110,PAD-02,Bandurria Sur,YPF,2026-07,2026-07-21,2026-07-25,2026-07-25,4,4,0,120.0,121.0,114950.0,2390.0,0,OTIF
ENV-00788,MAT-03,Gasoil grado 2,Gasoil,m3,PRV-05,Combustibles del Alto,Plaza Huincul (NQN),110,PAD-09,Los Toldos,ExxonMobil,2026-07,2026-07-03,2026-07-06,2026-07-06,3,3,0,120.0,120.8,114760.0,2722.0,0,OTIF
ENV-00789,MAT-03,Gasoil grado 2,Gasoil,m3,PRV-05,Combustibles del Alto,Plaza Huincul (NQN),110,PAD-10,Cruz de Lorena,Shell,2026-07,2026-07-09,2026-07-13,2026-07-13,4,4,0,120.0,102.1,96995.0,2558.0,0,Incompleto
ENV-00790,MAT-03,Gasoil grado 2,Gasoil,m3,PRV-07,Sur Energia,Bahia Blanca (BA),640,PAD-07,El Trapial,Chevron,2026-07,2026-07-26,2026-08-02,2026-08-02,7,7,0,120.0,120.9,114855.0,9111.0,0,OTIF
ENV-00791,MAT-03,Gasoil grado 2,Gasoil,m3,PRV-06,Distribuidora Neuquen,Neuquen (NQN),130,PAD-08,Aguada Pichana,Total,2026-07,2026-07-24,2026-07-28,2026-07-28,4,4,0,120.0,120.8,114760.0,2783.0,0,OTIF
ENV-00792,MAT-03,Gasoil grado 2,Gasoil,m3,PRV-05,Combustibles del Alto,Plaza Huincul (NQN),110,PAD-04,Fortin de Piedra,Tecpetrol,2026-07,2026-07-03,2026-07-07,2026-07-07,4,4,0,120.0,118.9,112955.0,2390.0,0,OTIF
ENV-00793,MAT-03,Gasoil grado 2,Gasoil,m3,PRV-05,Combustibles del Alto,Plaza Huincul (NQN),110,PAD-12,Coiron Amargo,Pan American,2026-07,2026-07-05,2026-07-08,2026-07-08,3,3,0,120.0,119.8,113810.0,2710.0,0,OTIF
ENV-00794,MAT-03,Gasoil grado 2,Gasoil,m3,PRV-06,Distribuidora Neuquen,Neuquen (NQN),130,PAD-12,Coiron Amargo,Pan American,2026-07,2026-07-13,2026-07-16,2026-07-16,3,3,0,120.0,98.8,93860.0,2835.0,0,Incompleto
ENV-00795,MAT-03,Gasoil grado 2,Gasoil,m3,PRV-06,Distribuidora Neuquen,Neuquen (NQN),130,PAD-10,Cruz de Lorena,Shell,2026-07,2026-07-11,2026-07-14,2026-07-14,3,3,0,120.0,119.3,113335.0,2618.0,0,OTIF
ENV-00796,MAT-03,Gasoil grado 2,Gasoil,m3,PRV-07,Sur Energia,Bahia Blanca (BA),640,PAD-11,Aguada Federal,Wintershall,2026-07,2026-07-19,2026-07-25,2026-07-25,6,6,0,120.0,120.8,114760.0,9896.0,0,OTIF
ENV-00797,MAT-03,Gasoil grado 2,Gasoil,m3,PRV-05,Combustibles del Alto,Plaza Huincul (NQN),110,PAD-02,Bandurria Sur,YPF,2026-08,2026-08-01,2026-08-04,2026-08-04,3,3,0,120.0,119.9,113905.0,2531.0,0,OTIF
ENV-00798,MAT-03,Gasoil grado 2,Gasoil,m3,PRV-05,Combustibles del Alto,Plaza Huincul (NQN),110,PAD-07,El Trapial,Chevron,2026-08,2026-08-01,2026-08-03,2026-08-02,2,1,-1,120.0,120.6,114570.0,2551.0,0,OTIF
ENV-00799,MAT-03,Gasoil grado 2,Gasoil,m3,PRV-05,Combustibles del Alto,Plaza Huincul (NQN),110,PAD-04,Fortin de Piedra,Tecpetrol,2026-08,2026-08-07,2026-08-10,2026-08-10,3,3,0,120.0,120.2,114190.0,2502.0,0,OTIF
ENV-00800,MAT-03,Gasoil grado 2,Gasoil,m3,PRV-06,Distribuidora Neuquen,Neuquen (NQN),130,PAD-11,Aguada Federal,Wintershall,2026-08,2026-08-07,2026-08-10,2026-08-10,3,3,0,120.0,120.8,114760.0,2949.0,0,OTIF
ENV-00801,MAT-03,Gasoil grado 2,Gasoil,m3,PRV-06,Distribuidora Neuquen,Neuquen (NQN),130,PAD-10,Cruz de Lorena,Shell,2026-08,2026-08-08,2026-08-11,2026-08-10,3,2,-1,120.0,120.4,114380.0,3140.0,0,OTIF
ENV-00802,MAT-03,Gasoil grado 2,Gasoil,m3,PRV-06,Distribuidora Neuquen,Neuquen (NQN),130,PAD-12,Coiron Amargo,Pan American,2026-08,2026-08-12,2026-08-15,2026-08-15,3,3,0,120.0,119.4,113430.0,3113.0,0,OTIF
ENV-00803,MAT-03,Gasoil grado 2,Gasoil,m3,PRV-05,Combustibles del Alto,Plaza Huincul (NQN),110,PAD-07,El Trapial,Chevron,2026-08,2026-08-24,2026-08-28,2026-08-28,4,4,0,120.0,119.4,113430.0,2810.0,0,OTIF
ENV-00804,MAT-03,Gasoil grado 2,Gasoil,m3,PRV-07,Sur Energia,Bahia Blanca (BA),640,PAD-09,Los Toldos,ExxonMobil,2026-08,2026-08-09,2026-08-17,2026-08-17,8,8,0,120.0,119.3,113335.0,9559.0,0,OTIF
ENV-00805,MAT-03,Gasoil grado 2,Gasoil,m3,PRV-06,Distribuidora Neuquen,Neuquen (NQN),130,PAD-06,Bajada del Palo,Vista,2026-08,2026-08-25,2026-08-27,2026-08-27,2,2,0,120.0,119.2,113240.0,2678.0,0,OTIF
ENV-00806,MAT-03,Gasoil grado 2,Gasoil,m3,PRV-05,Combustibles del Alto,Plaza Huincul (NQN),110,PAD-02,Bandurria Sur,YPF,2026-08,2026-08-02,2026-08-05,2026-08-05,3,3,0,120.0,118.9,112955.0,2453.0,0,OTIF
ENV-00807,MAT-03,Gasoil grado 2,Gasoil,m3,PRV-07,Sur Energia,Bahia Blanca (BA),640,PAD-06,Bajada del Palo,Vista,2026-08,2026-08-23,2026-08-30,2026-08-29,7,6,-1,120.0,120.5,114475.0,9526.0,0,OTIF
ENV-00808,MAT-03,Gasoil grado 2,Gasoil,m3,PRV-07,Sur Energia,Bahia Blanca (BA),640,PAD-03,La Amarga Chica,YPF,2026-08,2026-08-16,2026-08-22,2026-08-22,6,6,0,120.0,120.6,114570.0,8966.0,0,OTIF
ENV-00809,MAT-03,Gasoil grado 2,Gasoil,m3,PRV-06,Distribuidora Neuquen,Neuquen (NQN),130,PAD-11,Aguada Federal,Wintershall,2026-08,2026-08-22,2026-08-24,2026-08-24,2,2,0,120.0,120.9,114855.0,2905.0,0,OTIF
ENV-00810,MAT-03,Gasoil grado 2,Gasoil,m3,PRV-06,Distribuidora Neuquen,Neuquen (NQN),130,PAD-11,Aguada Federal,Wintershall,2026-08,2026-08-15,2026-08-18,2026-08-18,3,3,0,120.0,118.9,112955.0,2780.0,0,OTIF
ENV-00811,MAT-03,Gasoil grado 2,Gasoil,m3,PRV-07,Sur Energia,Bahia Blanca (BA),640,PAD-06,Bajada del Palo,Vista,2026-08,2026-08-07,2026-08-13,2026-08-15,6,8,2,120.0,119.3,113335.0,9925.0,5100,Demorado
ENV-00812,MAT-03,Gasoil grado 2,Gasoil,m3,PRV-07,Sur Energia,Bahia Blanca (BA),640,PAD-02,Bandurria Sur,YPF,2026-08,2026-08-08,2026-08-16,2026-08-16,8,8,0,120.0,119.6,113620.0,9723.0,0,OTIF
ENV-00813,MAT-03,Gasoil grado 2,Gasoil,m3,PRV-06,Distribuidora Neuquen,Neuquen (NQN),130,PAD-09,Los Toldos,ExxonMobil,2026-08,2026-08-07,2026-08-10,2026-08-10,3,3,0,120.0,119.2,113240.0,2800.0,0,OTIF
ENV-00814,MAT-03,Gasoil grado 2,Gasoil,m3,PRV-05,Combustibles del Alto,Plaza Huincul (NQN),110,PAD-04,Fortin de Piedra,Tecpetrol,2026-08,2026-08-11,2026-08-13,2026-08-13,2,2,0,120.0,119.7,113715.0,2358.0,0,OTIF
ENV-00815,MAT-03,Gasoil grado 2,Gasoil,m3,PRV-05,Combustibles del Alto,Plaza Huincul (NQN),110,PAD-10,Cruz de Lorena,Shell,2026-09,2026-09-07,2026-09-09,2026-09-09,2,2,0,120.0,120.2,114190.0,2469.0,0,OTIF
ENV-00816,MAT-03,Gasoil grado 2,Gasoil,m3,PRV-06,Distribuidora Neuquen,Neuquen (NQN),130,PAD-11,Aguada Federal,Wintershall,2026-09,2026-09-04,2026-09-08,2026-09-08,4,4,0,120.0,119.2,113240.0,3024.0,0,OTIF
ENV-00817,MAT-03,Gasoil grado 2,Gasoil,m3,PRV-05,Combustibles del Alto,Plaza Huincul (NQN),110,PAD-11,Aguada Federal,Wintershall,2026-09,2026-09-23,2026-09-25,2026-09-25,2,2,0,120.0,119.7,113715.0,2683.0,0,OTIF
ENV-00818,MAT-03,Gasoil grado 2,Gasoil,m3,PRV-06,Distribuidora Neuquen,Neuquen (NQN),130,PAD-12,Coiron Amargo,Pan American,2026-09,2026-09-08,2026-09-10,2026-09-13,2,5,3,120.0,119.4,113430.0,2819.0,7650,Demorado
ENV-00819,MAT-03,Gasoil grado 2,Gasoil,m3,PRV-06,Distribuidora Neuquen,Neuquen (NQN),130,PAD-01,Loma Campana,YPF,2026-09,2026-09-08,2026-09-11,2026-09-11,3,3,0,120.0,120.3,114285.0,2712.0,0,OTIF
ENV-00820,MAT-03,Gasoil grado 2,Gasoil,m3,PRV-06,Distribuidora Neuquen,Neuquen (NQN),130,PAD-08,Aguada Pichana,Total,2026-09,2026-09-24,2026-09-26,2026-09-26,2,2,0,120.0,120.1,114095.0,3172.0,0,OTIF
ENV-00821,MAT-03,Gasoil grado 2,Gasoil,m3,PRV-07,Sur Energia,Bahia Blanca (BA),640,PAD-01,Loma Campana,YPF,2026-09,2026-09-21,2026-09-29,2026-09-29,8,8,0,120.0,121.0,114950.0,10041.0,0,OTIF
ENV-00822,MAT-03,Gasoil grado 2,Gasoil,m3,PRV-07,Sur Energia,Bahia Blanca (BA),640,PAD-12,Coiron Amargo,Pan American,2026-09,2026-09-08,2026-09-16,2026-09-16,8,8,0,120.0,120.3,114285.0,8728.0,0,OTIF
ENV-00823,MAT-03,Gasoil grado 2,Gasoil,m3,PRV-05,Combustibles del Alto,Plaza Huincul (NQN),110,PAD-04,Fortin de Piedra,Tecpetrol,2026-09,2026-09-16,2026-09-20,2026-09-20,4,4,0,120.0,119.2,113240.0,2625.0,0,OTIF
ENV-00824,MAT-03,Gasoil grado 2,Gasoil,m3,PRV-07,Sur Energia,Bahia Blanca (BA),640,PAD-04,Fortin de Piedra,Tecpetrol,2026-09,2026-09-26,2026-10-03,2026-10-03,7,7,0,120.0,119.4,113430.0,8904.0,0,OTIF
ENV-00825,MAT-03,Gasoil grado 2,Gasoil,m3,PRV-05,Combustibles del Alto,Plaza Huincul (NQN),110,PAD-10,Cruz de Lorena,Shell,2026-09,2026-09-08,2026-09-12,2026-09-12,4,4,0,120.0,121.1,115045.0,2540.0,0,OTIF
ENV-00826,MAT-03,Gasoil grado 2,Gasoil,m3,PRV-05,Combustibles del Alto,Plaza Huincul (NQN),110,PAD-08,Aguada Pichana,Total,2026-09,2026-09-13,2026-09-17,2026-09-17,4,4,0,120.0,121.1,115045.0,2610.0,0,OTIF
ENV-00827,MAT-03,Gasoil grado 2,Gasoil,m3,PRV-05,Combustibles del Alto,Plaza Huincul (NQN),110,PAD-02,Bandurria Sur,YPF,2026-09,2026-09-25,2026-09-29,2026-09-29,4,4,0,120.0,119.7,113715.0,2494.0,0,OTIF
ENV-00828,MAT-03,Gasoil grado 2,Gasoil,m3,PRV-05,Combustibles del Alto,Plaza Huincul (NQN),110,PAD-10,Cruz de Lorena,Shell,2026-09,2026-09-10,2026-09-12,2026-09-12,2,2,0,120.0,121.0,114950.0,2336.0,0,OTIF
ENV-00829,MAT-03,Gasoil grado 2,Gasoil,m3,PRV-06,Distribuidora Neuquen,Neuquen (NQN),130,PAD-06,Bajada del Palo,Vista,2026-09,2026-09-17,2026-09-20,2026-09-20,3,3,0,120.0,119.7,113715.0,2861.0,0,OTIF
ENV-00830,MAT-03,Gasoil grado 2,Gasoil,m3,PRV-07,Sur Energia,Bahia Blanca (BA),640,PAD-02,Bandurria Sur,YPF,2026-09,2026-09-21,2026-09-27,2026-09-26,6,5,-1,120.0,119.2,113240.0,10113.0,0,OTIF
ENV-00831,MAT-03,Gasoil grado 2,Gasoil,m3,PRV-07,Sur Energia,Bahia Blanca (BA),640,PAD-12,Coiron Amargo,Pan American,2026-09,2026-09-09,2026-09-17,2026-09-17,8,8,0,120.0,118.9,112955.0,9306.0,0,OTIF
ENV-00832,MAT-03,Gasoil grado 2,Gasoil,m3,PRV-06,Distribuidora Neuquen,Neuquen (NQN),130,PAD-04,Fortin de Piedra,Tecpetrol,2026-09,2026-09-14,2026-09-16,2026-09-16,2,2,0,120.0,118.9,112955.0,2959.0,0,OTIF
ENV-00833,MAT-03,Gasoil grado 2,Gasoil,m3,PRV-05,Combustibles del Alto,Plaza Huincul (NQN),110,PAD-08,Aguada Pichana,Total,2026-09,2026-09-05,2026-09-08,2026-09-08,3,3,0,120.0,119.2,113240.0,2381.0,0,OTIF
ENV-00834,MAT-03,Gasoil grado 2,Gasoil,m3,PRV-06,Distribuidora Neuquen,Neuquen (NQN),130,PAD-07,El Trapial,Chevron,2026-09,2026-09-03,2026-09-07,2026-09-07,4,4,0,120.0,119.3,113335.0,2814.0,0,OTIF
