pozo_id,operador,area,ventana,mes,petroleo_bbl,gas_mm3,agua_bbl,petroleo_bbl_d
VM-001,YPF,El Trapial,Petroleo volatil,2025-04,34813.0,10.517,18377.0,1145.2
VM-001,YPF,El Trapial,Petroleo volatil,2025-05,32651.0,9.864,24359.0,1074.0
VM-001,YPF,El Trapial,Petroleo volatil,2025-06,30105.0,9.095,23928.0,990.3
VM-001,YPF,El Trapial,Petroleo volatil,2025-07,26351.0,7.961,15739.0,866.8
VM-001,YPF,El Trapial,Petroleo volatil,2025-08,25711.0,7.767,13064.0,845.8
VM-001,YPF,El Trapial,Petroleo volatil,2025-09,24206.0,7.313,12838.0,796.2
VM-001,YPF,El Trapial,Petroleo volatil,2025-10,21837.0,6.597,12774.0,718.3
VM-001,YPF,El Trapial,Petroleo volatil,2025-11,19864.0,6.001,9682.0,653.4
VM-001,YPF,El Trapial,Petroleo volatil,2025-12,19857.0,5.999,6512.0,653.2
VM-001,YPF,El Trapial,Petroleo volatil,2026-01,19186.0,5.796,11549.0,631.1
VM-001,YPF,El Trapial,Petroleo volatil,2026-02,17171.0,5.188,6494.0,564.9
VM-001,YPF,El Trapial,Petroleo volatil,2026-03,16265.0,4.914,9081.0,535.0
VM-001,YPF,El Trapial,Petroleo volatil,2026-04,15634.0,4.723,5279.0,514.3
VM-001,YPF,El Trapial,Petroleo volatil,2026-05,15833.0,4.783,7458.0,520.8
VM-001,YPF,El Trapial,Petroleo volatil,2026-06,14345.0,4.334,11022.0,471.9
VM-001,YPF,El Trapial,Petroleo volatil,2026-07,14236.0,4.301,8057.0,468.3
VM-001,YPF,El Trapial,Petroleo volatil,2026-08,13729.0,4.148,7654.0,451.6
VM-002,Pan American Energy,Bajada del Palo,Petroleo negro,2026-04,29267.0,4.188,11448.0,962.7
VM-002,Pan American Energy,Bajada del Palo,Petroleo negro,2026-05,25956.0,3.714,14322.0,853.8
VM-002,Pan American Energy,Bajada del Palo,Petroleo negro,2026-06,23407.0,3.35,14351.0,770.0
VM-002,Pan American Energy,Bajada del Palo,Petroleo negro,2026-07,20065.0,2.871,5116.0,660.0
VM-002,Pan American Energy,Bajada del Palo,Petroleo negro,2026-08,18171.0,2.6,7196.0,597.7
VM-003,Tecpetrol,Aguada Federal,Gas y condensado,2026-04,8054.0,8.964,3613.0,264.9
VM-003,Tecpetrol,Aguada Federal,Gas y condensado,2026-05,6887.0,7.665,1784.0,226.5
VM-003,Tecpetrol,Aguada Federal,Gas y condensado,2026-06,6463.0,7.193,1719.0,212.6
VM-003,Tecpetrol,Aguada Federal,Gas y condensado,2026-07,5815.0,6.472,3564.0,191.3
VM-003,Tecpetrol,Aguada Federal,Gas y condensado,2026-08,5409.0,6.021,1600.0,177.9
VM-004,YPF,Rincon La Ceniza,Petroleo volatil,2025-08,23413.0,7.073,17900.0,770.2
VM-004,YPF,Rincon La Ceniza,Petroleo volatil,2025-09,20389.0,6.159,12381.0,670.7
VM-004,YPF,Rincon La Ceniza,Petroleo volatil,2025-10,19585.0,5.917,11126.0,644.2
VM-004,YPF,Rincon La Ceniza,Petroleo volatil,2025-11,17925.0,5.415,4916.0,589.6
VM-004,YPF,Rincon La Ceniza,Petroleo volatil,2025-12,17011.0,5.139,3465.0,559.6
VM-004,YPF,Rincon La Ceniza,Petroleo volatil,2026-01,16518.0,4.99,11220.0,543.3
VM-004,YPF,Rincon La Ceniza,Petroleo volatil,2026-02,14458.0,4.368,7553.0,475.6
VM-004,YPF,Rincon La Ceniza,Petroleo volatil,2026-03,13895.0,4.198,10946.0,457.1
VM-004,YPF,Rincon La Ceniza,Petroleo volatil,2026-04,12230.0,3.695,4631.0,402.3
VM-004,YPF,Rincon La Ceniza,Petroleo volatil,2026-05,12211.0,3.689,8211.0,401.7
VM-004,YPF,Rincon La Ceniza,Petroleo volatil,2026-06,12129.0,3.664,5507.0,399.0
VM-004,YPF,Rincon La Ceniza,Petroleo volatil,2026-07,10425.0,3.149,6138.0,342.9
VM-004,YPF,Rincon La Ceniza,Petroleo volatil,2026-08,10541.0,3.184,2847.0,346.7
VM-005,Shell,La Amarga Chica,Petroleo negro,2024-06,34642.0,4.957,16176.0,1139.5
VM-005,Shell,La Amarga Chica,Petroleo negro,2024-07,29793.0,4.263,10770.0,980.0
VM-005,Shell,La Amarga Chica,Petroleo negro,2024-08,27972.0,4.003,9751.0,920.1
VM-005,Shell,La Amarga Chica,Petroleo negro,2024-09,25259.0,3.615,19327.0,830.9
VM-005,Shell,La Amarga Chica,Petroleo negro,2024-10,23681.0,3.389,8338.0,779.0
VM-005,Shell,La Amarga Chica,Petroleo negro,2024-11,22214.0,3.179,16669.0,730.7
VM-005,Shell,La Amarga Chica,Petroleo negro,2024-12,21826.0,3.123,13234.0,718.0
VM-005,Shell,La Amarga Chica,Petroleo negro,2025-01,20644.0,2.954,13501.0,679.1
VM-005,Shell,La Amarga Chica,Petroleo negro,2025-02,18952.0,2.712,8658.0,623.4
VM-005,Shell,La Amarga Chica,Petroleo negro,2025-03,16679.0,2.387,10662.0,548.7
VM-005,Shell,La Amarga Chica,Petroleo negro,2025-04,17008.0,2.434,13279.0,559.5
VM-005,Shell,La Amarga Chica,Petroleo negro,2025-05,15533.0,2.223,11278.0,511.0
VM-005,Shell,La Amarga Chica,Petroleo negro,2025-06,14643.0,2.095,11242.0,481.7
VM-005,Shell,La Amarga Chica,Petroleo negro,2025-07,15630.0,2.237,3568.0,514.2
VM-005,Shell,La Amarga Chica,Petroleo negro,2025-08,13698.0,1.96,10944.0,450.6
VM-005,Shell,La Amarga Chica,Petroleo negro,2025-09,14403.0,2.061,8676.0,473.8
VM-005,Shell,La Amarga Chica,Petroleo negro,2025-10,12365.0,1.769,2522.0,406.7
VM-005,Shell,La Amarga Chica,Petroleo negro,2025-11,12141.0,1.737,9308.0,399.4
VM-005,Shell,La Amarga Chica,Petroleo negro,2025-12,12686.0,1.815,5799.0,417.3
VM-005,Shell,La Amarga Chica,Petroleo negro,2026-01,12211.0,1.747,9053.0,401.7
VM-005,Shell,La Amarga Chica,Petroleo negro,2026-02,11099.0,1.588,8043.0,365.1
VM-005,Shell,La Amarga Chica,Petroleo negro,2026-03,10724.0,1.535,4260.0,352.8
VM-005,Shell,La Amarga Chica,Petroleo negro,2026-04,10079.0,1.442,2984.0,331.5
VM-005,Shell,La Amarga Chica,Petroleo negro,2026-05,10542.0,1.509,2260.0,346.8
VM-005,Shell,La Amarga Chica,Petroleo negro,2026-06,10253.0,1.467,3096.0,337.3
VM-005,Shell,La Amarga Chica,Petroleo negro,2026-07,10269.0,1.47,2842.0,337.8
VM-005,Shell,La Amarga Chica,Petroleo negro,2026-08,9277.0,1.328,3352.0,305.2
VM-006,Shell,Bajada del Palo,Petroleo negro,2024-12,23218.0,3.322,15906.0,763.7
VM-006,Shell,Bajada del Palo,Petroleo negro,2025-01,20540.0,2.939,13243.0,675.6
VM-006,Shell,Bajada del Palo,Petroleo negro,2025-02,17975.0,2.572,9455.0,591.3
VM-006,Shell,Bajada del Palo,Petroleo negro,2025-03,15399.0,2.204,4742.0,506.5
VM-006,Shell,Bajada del Palo,Petroleo negro,2025-04,15051.0,2.154,6705.0,495.1
VM-006,Shell,Bajada del Palo,Petroleo negro,2025-05,13433.0,1.922,3237.0,441.9
VM-006,Shell,Bajada del Palo,Petroleo negro,2025-06,11946.0,1.709,3109.0,393.0
VM-006,Shell,Bajada del Palo,Petroleo negro,2025-07,11126.0,1.592,7120.0,366.0
VM-006,Shell,Bajada del Palo,Petroleo negro,2025-08,10410.0,1.49,6343.0,342.4
VM-006,Shell,Bajada del Palo,Petroleo negro,2025-09,9499.0,1.359,4094.0,312.5
VM-006,Shell,Bajada del Palo,Petroleo negro,2025-10,9365.0,1.34,4733.0,308.0
VM-006,Shell,Bajada del Palo,Petroleo negro,2025-11,8660.0,1.239,5362.0,284.9
VM-006,Shell,Bajada del Palo,Petroleo negro,2025-12,9030.0,1.292,6209.0,297.0
VM-006,Shell,Bajada del Palo,Petroleo negro,2026-01,7646.0,1.094,3769.0,251.5
VM-006,Shell,Bajada del Palo,Petroleo negro,2026-02,7663.0,1.097,4166.0,252.1
VM-006,Shell,Bajada del Palo,Petroleo negro,2026-03,7077.0,1.013,4513.0,232.8
VM-006,Shell,Bajada del Palo,Petroleo negro,2026-04,7140.0,1.022,5472.0,234.9
VM-006,Shell,Bajada del Palo,Petroleo negro,2026-05,6489.0,0.929,2924.0,213.4
VM-006,Shell,Bajada del Palo,Petroleo negro,2026-06,6698.0,0.959,4680.0,220.3
VM-006,Shell,Bajada del Palo,Petroleo negro,2026-07,6716.0,0.961,2077.0,220.9
VM-006,Shell,Bajada del Palo,Petroleo negro,2026-08,6104.0,0.873,3915.0,200.8
VM-007,Pluspetrol,Los Toldos,Petroleo volatil,2024-02,27654.0,8.354,9895.0,909.7
VM-007,Pluspetrol,Los Toldos,Petroleo volatil,2024-03,26859.0,8.114,18959.0,883.5
VM-007,Pluspetrol,Los Toldos,Petroleo volatil,2024-04,22726.0,6.865,12038.0,747.6
VM-007,Pluspetrol,Los Toldos,Petroleo volatil,2024-05,22713.0,6.862,7494.0,747.1
VM-007,Pluspetrol,Los Toldos,Petroleo volatil,2024-06,21076.0,6.367,15400.0,693.3
VM-007,Pluspetrol,Los Toldos,Petroleo volatil,2024-07,19248.0,5.815,11773.0,633.2
VM-007,Pluspetrol,Los Toldos,Petroleo volatil,2024-08,18005.0,5.439,9480.0,592.3
VM-007,Pluspetrol,Los Toldos,Petroleo volatil,2024-09,16772.0,5.067,5340.0,551.7
VM-007,Pluspetrol,Los Toldos,Petroleo volatil,2024-10,15862.0,4.792,9577.0,521.8
VM-007,Pluspetrol,Los Toldos,Petroleo volatil,2024-11,14931.0,4.511,9072.0,491.2
VM-007,Pluspetrol,Los Toldos,Petroleo volatil,2024-12,14194.0,4.288,9681.0,466.9
VM-007,Pluspetrol,Los Toldos,Petroleo volatil,2025-01,14082.0,4.254,3569.0,463.2
VM-007,Pluspetrol,Los Toldos,Petroleo volatil,2025-02,13593.0,4.106,5041.0,447.1
VM-007,Pluspetrol,Los Toldos,Petroleo volatil,2025-03,11850.0,3.58,3232.0,389.8
VM-007,Pluspetrol,Los Toldos,Petroleo volatil,2025-04,11820.0,3.571,6085.0,388.8
VM-007,Pluspetrol,Los Toldos,Petroleo volatil,2025-05,11410.0,3.447,3675.0,375.3
VM-007,Pluspetrol,Los Toldos,Petroleo volatil,2025-06,11715.0,3.539,4970.0,385.4
VM-007,Pluspetrol,Los Toldos,Petroleo volatil,2025-07,11492.0,3.472,3984.0,378.0
VM-007,Pluspetrol,Los Toldos,Petroleo volatil,2025-08,10859.0,3.281,4501.0,357.2
VM-007,Pluspetrol,Los Toldos,Petroleo volatil,2025-09,10761.0,3.251,6326.0,354.0
VM-007,Pluspetrol,Los Toldos,Petroleo volatil,2025-10,10209.0,3.084,2611.0,335.8
VM-007,Pluspetrol,Los Toldos,Petroleo volatil,2025-11,10021.0,3.027,4135.0,329.6
VM-007,Pluspetrol,Los Toldos,Petroleo volatil,2025-12,9734.0,2.941,6883.0,320.2
VM-007,Pluspetrol,Los Toldos,Petroleo volatil,2026-01,8686.0,2.624,1817.0,285.7
VM-007,Pluspetrol,Los Toldos,Petroleo volatil,2026-02,9260.0,2.798,7233.0,304.6
VM-007,Pluspetrol,Los Toldos,Petroleo volatil,2026-03,9206.0,2.781,4247.0,302.8
VM-007,Pluspetrol,Los Toldos,Petroleo volatil,2026-04,8907.0,2.691,1907.0,293.0
VM-007,Pluspetrol,Los Toldos,Petroleo volatil,2026-05,7798.0,2.356,4280.0,256.5
VM-007,Pluspetrol,Los Toldos,Petroleo volatil,2026-06,8156.0,2.464,5668.0,268.3
VM-007,Pluspetrol,Los Toldos,Petroleo volatil,2026-07,7650.0,2.311,3654.0,251.6
VM-007,Pluspetrol,Los Toldos,Petroleo volatil,2026-08,8310.0,2.51,3172.0,273.3
VM-008,YPF,Loma Campana,Petroleo negro,2024-02,39441.0,5.644,22265.0,1297.4
VM-008,YPF,Loma Campana,Petroleo negro,2024-03,38795.0,5.552,12013.0,1276.1
VM-008,YPF,Loma Campana,Petroleo negro,2024-04,34191.0,4.893,15335.0,1124.7
VM-008,YPF,Loma Campana,Petroleo negro,2024-05,30412.0,4.352,10769.0,1000.4
VM-008,YPF,Loma Campana,Petroleo negro,2024-06,28632.0,4.097,15601.0,941.8
VM-008,YPF,Loma Campana,Petroleo negro,2024-07,26594.0,3.806,13388.0,874.8
VM-008,YPF,Loma Campana,Petroleo negro,2024-08,25954.0,3.714,18454.0,853.7
VM-008,YPF,Loma Campana,Petroleo negro,2024-09,24333.0,3.482,10452.0,800.4
VM-008,YPF,Loma Campana,Petroleo negro,2024-10,24423.0,3.495,7413.0,803.4
VM-008,YPF,Loma Campana,Petroleo negro,2024-11,20491.0,2.932,15266.0,674.0
VM-008,YPF,Loma Campana,Petroleo negro,2024-12,20248.0,2.898,5890.0,666.1
VM-008,YPF,Loma Campana,Petroleo negro,2025-01,19755.0,2.827,8015.0,649.8
VM-008,YPF,Loma Campana,Petroleo negro,2025-02,18906.0,2.705,13436.0,621.9
VM-008,YPF,Loma Campana,Petroleo negro,2025-03,18042.0,2.582,5044.0,593.5
VM-008,YPF,Loma Campana,Petroleo negro,2025-04,17221.0,2.464,13257.0,566.5
VM-008,YPF,Loma Campana,Petroleo negro,2025-05,17162.0,2.456,7147.0,564.5
VM-008,YPF,Loma Campana,Petroleo negro,2025-06,17431.0,2.494,13271.0,573.4
VM-008,YPF,Loma Campana,Petroleo negro,2025-07,16288.0,2.331,11218.0,535.8
VM-008,YPF,Loma Campana,Petroleo negro,2025-08,15265.0,2.184,6263.0,502.1
VM-008,YPF,Loma Campana,Petroleo negro,2025-09,15502.0,2.218,5299.0,509.9
VM-008,YPF,Loma Campana,Petroleo negro,2025-10,14450.0,2.068,4516.0,475.3
VM-008,YPF,Loma Campana,Petroleo negro,2025-11,14044.0,2.01,9881.0,462.0
VM-008,YPF,Loma Campana,Petroleo negro,2025-12,14743.0,2.11,3956.0,485.0
VM-008,YPF,Loma Campana,Petroleo negro,2026-01,13519.0,1.935,8562.0,444.7
VM-008,YPF,Loma Campana,Petroleo negro,2026-02,14162.0,2.027,7592.0,465.8
VM-008,YPF,Loma Campana,Petroleo negro,2026-03,13590.0,1.945,4654.0,447.1
VM-008,YPF,Loma Campana,Petroleo negro,2026-04,13387.0,1.916,9271.0,440.4
VM-008,YPF,Loma Campana,Petroleo negro,2026-05,12436.0,1.78,4247.0,409.1
VM-008,YPF,Loma Campana,Petroleo negro,2026-06,11528.0,1.65,6660.0,379.2
VM-008,YPF,Loma Campana,Petroleo negro,2026-07,12307.0,1.761,2470.0,404.8
VM-008,YPF,Loma Campana,Petroleo negro,2026-08,11876.0,1.699,9062.0,390.6
VM-009,Pampa Energia,El Trapial,Petroleo volatil,2024-01,21041.0,6.356,5943.0,692.1
VM-009,Pampa Energia,El Trapial,Petroleo volatil,2024-02,18519.0,5.595,8554.0,609.2
VM-009,Pampa Energia,El Trapial,Petroleo volatil,2024-03,17345.0,5.24,12525.0,570.6
VM-009,Pampa Energia,El Trapial,Petroleo volatil,2024-04,14998.0,4.531,4804.0,493.4
VM-009,Pampa Energia,El Trapial,Petroleo volatil,2024-05,15519.0,4.688,3281.0,510.5
VM-009,Pampa Energia,El Trapial,Petroleo volatil,2024-06,13053.0,3.943,5698.0,429.4
VM-009,Pampa Energia,El Trapial,Petroleo volatil,2024-07,11691.0,3.532,4353.0,384.6
VM-009,Pampa Energia,El Trapial,Petroleo volatil,2024-08,11936.0,3.606,6794.0,392.6
VM-009,Pampa Energia,El Trapial,Petroleo volatil,2024-09,11239.0,3.395,6637.0,369.7
VM-009,Pampa Energia,El Trapial,Petroleo volatil,2024-10,10629.0,3.211,2346.0,349.6
VM-009,Pampa Energia,El Trapial,Petroleo volatil,2024-11,10138.0,3.063,5579.0,333.5
VM-009,Pampa Energia,El Trapial,Petroleo volatil,2024-12,9071.0,2.74,4097.0,298.4
VM-009,Pampa Energia,El Trapial,Petroleo volatil,2025-01,8682.0,2.623,6258.0,285.6
VM-009,Pampa Energia,El Trapial,Petroleo volatil,2025-02,8358.0,2.525,2489.0,274.9
VM-009,Pampa Energia,El Trapial,Petroleo volatil,2025-03,8616.0,2.603,5658.0,283.4
VM-009,Pampa Energia,El Trapial,Petroleo volatil,2025-04,8343.0,2.52,5059.0,274.4
VM-009,Pampa Energia,El Trapial,Petroleo volatil,2025-05,7567.0,2.286,3673.0,248.9
VM-009,Pampa Energia,El Trapial,Petroleo volatil,2025-06,7443.0,2.248,4150.0,244.8
VM-009,Pampa Energia,El Trapial,Petroleo volatil,2025-07,7580.0,2.29,2723.0,249.3
VM-009,Pampa Energia,El Trapial,Petroleo volatil,2025-08,7163.0,2.164,1505.0,235.6
VM-009,Pampa Energia,El Trapial,Petroleo volatil,2025-09,6398.0,1.933,4905.0,210.5
VM-009,Pampa Energia,El Trapial,Petroleo volatil,2025-10,6261.0,1.891,3172.0,206.0
VM-009,Pampa Energia,El Trapial,Petroleo volatil,2025-11,6667.0,2.014,3952.0,219.3
VM-009,Pampa Energia,El Trapial,Petroleo volatil,2025-12,6114.0,1.847,3797.0,201.1
VM-009,Pampa Energia,El Trapial,Petroleo volatil,2026-01,6357.0,1.921,4862.0,209.1
VM-009,Pampa Energia,El Trapial,Petroleo volatil,2026-02,5544.0,1.675,1575.0,182.4
VM-009,Pampa Energia,El Trapial,Petroleo volatil,2026-03,5488.0,1.658,1576.0,180.5
VM-009,Pampa Energia,El Trapial,Petroleo volatil,2026-04,5722.0,1.729,4007.0,188.2
VM-009,Pampa Energia,El Trapial,Petroleo volatil,2026-05,5116.0,1.545,1248.0,168.3
VM-009,Pampa Energia,El Trapial,Petroleo volatil,2026-06,5133.0,1.551,3142.0,168.8
VM-009,Pampa Energia,El Trapial,Petroleo volatil,2026-07,5339.0,1.613,2544.0,175.6
VM-009,Pampa Energia,El Trapial,Petroleo volatil,2026-08,5131.0,1.55,3851.0,168.8
VM-010,ExxonMobil,Los Toldos,Petroleo volatil,2026-06,43481.0,13.136,11767.0,1430.3
VM-010,ExxonMobil,Los Toldos,Petroleo volatil,2026-07,38041.0,11.492,25334.0,1251.3
VM-010,ExxonMobil,Los Toldos,Petroleo volatil,2026-08,35467.0,10.714,15991.0,1166.7
VM-011,Vista Energy,Aguada Federal,Gas y condensado,2026-01,6337.0,7.053,3069.0,208.5
VM-011,Vista Energy,Aguada Federal,Gas y condensado,2026-02,5740.0,6.389,2504.0,188.8
VM-011,Vista Energy,Aguada Federal,Gas y condensado,2026-03,5474.0,6.092,3236.0,180.1
VM-011,Vista Energy,Aguada Federal,Gas y condensado,2026-04,4913.0,5.468,2906.0,161.6
VM-011,Vista Energy,Aguada Federal,Gas y condensado,2026-05,4203.0,4.678,988.0,138.2
VM-011,Vista Energy,Aguada Federal,Gas y condensado,2026-06,4062.0,4.521,2883.0,133.6
VM-011,Vista Energy,Aguada Federal,Gas y condensado,2026-07,3950.0,4.396,2665.0,129.9
VM-011,Vista Energy,Aguada Federal,Gas y condensado,2026-08,3715.0,4.135,2492.0,122.2
VM-012,Pan American Energy,Loma Campana,Petroleo negro,2026-07,31081.0,4.448,19518.0,1022.4
VM-012,Pan American Energy,Loma Campana,Petroleo negro,2026-08,27557.0,3.943,21597.0,906.5
VM-013,Chevron,Bajada del Palo,Petroleo negro,2026-04,28847.0,4.128,19841.0,948.9
VM-013,Chevron,Bajada del Palo,Petroleo negro,2026-05,23736.0,3.397,5265.0,780.8
VM-013,Chevron,Bajada del Palo,Petroleo negro,2026-06,24455.0,3.499,8379.0,804.4
VM-013,Chevron,Bajada del Palo,Petroleo negro,2026-07,20756.0,2.97,5835.0,682.8
VM-013,Chevron,Bajada del Palo,Petroleo negro,2026-08,20251.0,2.898,4411.0,666.1
VM-014,Vista Energy,El Trapial,Petroleo volatil,2025-12,33447.0,10.104,12677.0,1100.2
VM-014,Vista Energy,El Trapial,Petroleo volatil,2026-01,30014.0,9.067,22403.0,987.3
VM-014,Vista Energy,El Trapial,Petroleo volatil,2026-02,27127.0,8.195,12336.0,892.4
VM-014,Vista Energy,El Trapial,Petroleo volatil,2026-03,24627.0,7.44,17563.0,810.1
VM-014,Vista Energy,El Trapial,Petroleo volatil,2026-04,22949.0,6.933,8063.0,754.9
VM-014,Vista Energy,El Trapial,Petroleo volatil,2026-05,19203.0,5.801,13977.0,631.7
VM-014,Vista Energy,El Trapial,Petroleo volatil,2026-06,19495.0,5.889,4642.0,641.3
VM-014,Vista Energy,El Trapial,Petroleo volatil,2026-07,18002.0,5.438,9963.0,592.2
VM-014,Vista Energy,El Trapial,Petroleo volatil,2026-08,16245.0,4.908,11885.0,534.4
VM-015,YPF,Loma Campana,Petroleo negro,2024-02,28443.0,4.07,8143.0,935.6
VM-015,YPF,Loma Campana,Petroleo negro,2024-03,25651.0,3.671,10338.0,843.8
VM-015,YPF,Loma Campana,Petroleo negro,2024-04,25122.0,3.595,14928.0,826.4
VM-015,YPF,Loma Campana,Petroleo negro,2024-05,20637.0,2.953,9002.0,678.8
VM-015,YPF,Loma Campana,Petroleo negro,2024-06,18968.0,2.714,11825.0,623.9
VM-015,YPF,Loma Campana,Petroleo negro,2024-07,19570.0,2.8,5012.0,643.7
VM-015,YPF,Loma Campana,Petroleo negro,2024-08,17407.0,2.491,6036.0,572.6
VM-015,YPF,Loma Campana,Petroleo negro,2024-09,15843.0,2.267,10267.0,521.1
VM-015,YPF,Loma Campana,Petroleo negro,2024-10,16423.0,2.35,6033.0,540.2
VM-015,YPF,Loma Campana,Petroleo negro,2024-11,14651.0,2.097,5658.0,481.9
VM-015,YPF,Loma Campana,Petroleo negro,2024-12,12977.0,1.857,7286.0,426.9
VM-015,YPF,Loma Campana,Petroleo negro,2025-01,12525.0,1.792,7673.0,412.0
VM-015,YPF,Loma Campana,Petroleo negro,2025-02,12996.0,1.86,3709.0,427.5
VM-015,YPF,Loma Campana,Petroleo negro,2025-03,12181.0,1.743,3959.0,400.7
VM-015,YPF,Loma Campana,Petroleo negro,2025-04,11948.0,1.71,4439.0,393.0
VM-015,YPF,Loma Campana,Petroleo negro,2025-05,11364.0,1.626,6691.0,373.8
VM-015,YPF,Loma Campana,Petroleo negro,2025-06,10766.0,1.541,3559.0,354.2
VM-015,YPF,Loma Campana,Petroleo negro,2025-07,10750.0,1.538,4439.0,353.6
VM-015,YPF,Loma Campana,Petroleo negro,2025-08,10290.0,1.472,4990.0,338.5
VM-015,YPF,Loma Campana,Petroleo negro,2025-09,9514.0,1.362,5969.0,313.0
VM-015,YPF,Loma Campana,Petroleo negro,2025-10,9070.0,1.298,5969.0,298.4
VM-015,YPF,Loma Campana,Petroleo negro,2025-11,8921.0,1.277,5748.0,293.4
VM-015,YPF,Loma Campana,Petroleo negro,2025-12,8963.0,1.283,6876.0,294.8
VM-015,YPF,Loma Campana,Petroleo negro,2026-01,8361.0,1.196,3423.0,275.0
VM-015,YPF,Loma Campana,Petroleo negro,2026-02,8803.0,1.26,4488.0,289.6
VM-015,YPF,Loma Campana,Petroleo negro,2026-03,7918.0,1.133,4913.0,260.5
VM-015,YPF,Loma Campana,Petroleo negro,2026-04,7527.0,1.077,5831.0,247.6
VM-015,YPF,Loma Campana,Petroleo negro,2026-05,7871.0,1.126,4639.0,258.9
VM-015,YPF,Loma Campana,Petroleo negro,2026-06,7197.0,1.03,4934.0,236.7
VM-015,YPF,Loma Campana,Petroleo negro,2026-07,7659.0,1.096,5168.0,251.9
VM-015,YPF,Loma Campana,Petroleo negro,2026-08,7472.0,1.069,1908.0,245.8
VM-016,Vista Energy,Bandurria Sur,Petroleo negro,2026-06,31678.0,4.533,22801.0,1042.0
VM-016,Vista Energy,Bandurria Sur,Petroleo negro,2026-07,26457.0,3.786,6564.0,870.3
VM-016,Vista Energy,Bandurria Sur,Petroleo negro,2026-08,23663.0,3.386,8176.0,778.4
VM-017,Pluspetrol,Los Toldos,Petroleo volatil,2024-04,29093.0,8.789,22153.0,957.0
VM-017,Pluspetrol,Los Toldos,Petroleo volatil,2024-05,28355.0,8.566,16465.0,932.7
VM-017,Pluspetrol,Los Toldos,Petroleo volatil,2024-06,24789.0,7.489,14945.0,815.4
VM-017,Pluspetrol,Los Toldos,Petroleo volatil,2024-07,21337.0,6.446,5820.0,701.9
VM-017,Pluspetrol,Los Toldos,Petroleo volatil,2024-08,18827.0,5.688,9482.0,619.3
VM-017,Pluspetrol,Los Toldos,Petroleo volatil,2024-09,17901.0,5.408,6819.0,588.9
VM-017,Pluspetrol,Los Toldos,Petroleo volatil,2024-10,15412.0,4.656,6248.0,507.0
VM-017,Pluspetrol,Los Toldos,Petroleo volatil,2024-11,14370.0,4.341,10898.0,472.7
VM-017,Pluspetrol,Los Toldos,Petroleo volatil,2024-12,13424.0,4.055,5859.0,441.6
VM-017,Pluspetrol,Los Toldos,Petroleo volatil,2025-01,13119.0,3.963,4610.0,431.6
VM-017,Pluspetrol,Los Toldos,Petroleo volatil,2025-02,12219.0,3.691,6496.0,401.9
VM-017,Pluspetrol,Los Toldos,Petroleo volatil,2025-03,10778.0,3.256,8282.0,354.5
VM-017,Pluspetrol,Los Toldos,Petroleo volatil,2025-04,10917.0,3.298,3140.0,359.1
VM-017,Pluspetrol,Los Toldos,Petroleo volatil,2025-05,10974.0,3.315,3303.0,361.0
VM-017,Pluspetrol,Los Toldos,Petroleo volatil,2025-06,10068.0,3.042,4928.0,331.2
VM-017,Pluspetrol,Los Toldos,Petroleo volatil,2025-07,8969.0,2.709,3837.0,295.0
VM-017,Pluspetrol,Los Toldos,Petroleo volatil,2025-08,8829.0,2.667,3731.0,290.4
VM-017,Pluspetrol,Los Toldos,Petroleo volatil,2025-09,8158.0,2.465,3668.0,268.4
VM-017,Pluspetrol,Los Toldos,Petroleo volatil,2025-10,8023.0,2.424,4915.0,263.9
VM-017,Pluspetrol,Los Toldos,Petroleo volatil,2025-11,7433.0,2.246,1689.0,244.5
VM-017,Pluspetrol,Los Toldos,Petroleo volatil,2025-12,7802.0,2.357,1885.0,256.6
VM-017,Pluspetrol,Los Toldos,Petroleo volatil,2026-01,7300.0,2.205,3865.0,240.1
VM-017,Pluspetrol,Los Toldos,Petroleo volatil,2026-02,7362.0,2.224,2311.0,242.2
VM-017,Pluspetrol,Los Toldos,Petroleo volatil,2026-03,7018.0,2.12,1952.0,230.8
VM-017,Pluspetrol,Los Toldos,Petroleo volatil,2026-04,6130.0,1.852,3631.0,201.7
VM-017,Pluspetrol,Los Toldos,Petroleo volatil,2026-05,5919.0,1.788,3267.0,194.7
VM-017,Pluspetrol,Los Toldos,Petroleo volatil,2026-06,6155.0,1.859,1694.0,202.5
VM-017,Pluspetrol,Los Toldos,Petroleo volatil,2026-07,6054.0,1.829,2748.0,199.2
VM-017,Pluspetrol,Los Toldos,Petroleo volatil,2026-08,6008.0,1.815,1243.0,197.6
VM-018,Chevron,Los Toldos,Petroleo volatil,2026-04,24516.0,7.406,14025.0,806.4
VM-018,Chevron,Los Toldos,Petroleo volatil,2026-05,22414.0,6.771,9898.0,737.3
VM-018,Chevron,Los Toldos,Petroleo volatil,2026-06,22131.0,6.686,8992.0,728.0
VM-018,Chevron,Los Toldos,Petroleo volatil,2026-07,17882.0,5.402,5111.0,588.2
VM-018,Chevron,Los Toldos,Petroleo volatil,2026-08,17677.0,5.34,11753.0,581.5
VM-019,Vista Energy,Rincon La Ceniza,Petroleo volatil,2025-09,37891.0,11.447,18299.0,1246.4
VM-019,Vista Energy,Rincon La Ceniza,Petroleo volatil,2025-10,31649.0,9.561,8770.0,1041.1
VM-019,Vista Energy,Rincon La Ceniza,Petroleo volatil,2025-11,28816.0,8.705,9228.0,947.9
VM-019,Vista Energy,Rincon La Ceniza,Petroleo volatil,2025-12,29265.0,8.841,13013.0,962.7
VM-019,Vista Energy,Rincon La Ceniza,Petroleo volatil,2026-01,24420.0,7.377,14234.0,803.3
VM-019,Vista Energy,Rincon La Ceniza,Petroleo volatil,2026-02,24081.0,7.275,5236.0,792.1
VM-019,Vista Energy,Rincon La Ceniza,Petroleo volatil,2026-03,24415.0,7.376,18745.0,803.1
VM-019,Vista Energy,Rincon La Ceniza,Petroleo volatil,2026-04,20989.0,6.341,14688.0,690.4
VM-019,Vista Energy,Rincon La Ceniza,Petroleo volatil,2026-05,20559.0,6.211,12422.0,676.3
VM-019,Vista Energy,Rincon La Ceniza,Petroleo volatil,2026-06,20209.0,6.105,12916.0,664.8
VM-019,Vista Energy,Rincon La Ceniza,Petroleo volatil,2026-07,18818.0,5.685,5419.0,619.0
VM-019,Vista Energy,Rincon La Ceniza,Petroleo volatil,2026-08,19027.0,5.748,8834.0,625.9
VM-020,Shell,Bajada del Palo,Petroleo negro,2025-11,32897.0,4.708,21566.0,1082.1
VM-020,Shell,Bajada del Palo,Petroleo negro,2025-12,30729.0,4.397,24380.0,1010.8
VM-020,Shell,Bajada del Palo,Petroleo negro,2026-01,26810.0,3.836,15574.0,881.9
VM-020,Shell,Bajada del Palo,Petroleo negro,2026-02,23468.0,3.358,6278.0,772.0
VM-020,Shell,Bajada del Palo,Petroleo negro,2026-03,22135.0,3.168,8145.0,728.1
VM-020,Shell,Bajada del Palo,Petroleo negro,2026-04,21026.0,3.009,7092.0,691.6
VM-020,Shell,Bajada del Palo,Petroleo negro,2026-05,20864.0,2.986,9530.0,686.3
VM-020,Shell,Bajada del Palo,Petroleo negro,2026-06,18018.0,2.578,13355.0,592.7
VM-020,Shell,Bajada del Palo,Petroleo negro,2026-07,17835.0,2.552,11809.0,586.7
VM-020,Shell,Bajada del Palo,Petroleo negro,2026-08,16992.0,2.432,10908.0,558.9
VM-021,Tecpetrol,El Trapial,Petroleo volatil,2024-01,33388.0,10.086,25935.0,1098.3
VM-021,Tecpetrol,El Trapial,Petroleo volatil,2024-02,28027.0,8.467,20691.0,921.9
VM-021,Tecpetrol,El Trapial,Petroleo volatil,2024-03,26432.0,7.985,10641.0,869.5
VM-021,Tecpetrol,El Trapial,Petroleo volatil,2024-04,24059.0,7.268,10583.0,791.4
VM-021,Tecpetrol,El Trapial,Petroleo volatil,2024-05,23160.0,6.997,15834.0,761.8
VM-021,Tecpetrol,El Trapial,Petroleo volatil,2024-06,21011.0,6.347,7136.0,691.2
VM-021,Tecpetrol,El Trapial,Petroleo volatil,2024-07,18687.0,5.645,4579.0,614.7
VM-021,Tecpetrol,El Trapial,Petroleo volatil,2024-08,18191.0,5.495,4098.0,598.4
VM-021,Tecpetrol,El Trapial,Petroleo volatil,2024-09,16269.0,4.915,4729.0,535.2
VM-021,Tecpetrol,El Trapial,Petroleo volatil,2024-10,16328.0,4.933,12264.0,537.1
VM-021,Tecpetrol,El Trapial,Petroleo volatil,2024-11,14290.0,4.317,10338.0,470.1
VM-021,Tecpetrol,El Trapial,Petroleo volatil,2024-12,13349.0,4.033,8366.0,439.1
VM-021,Tecpetrol,El Trapial,Petroleo volatil,2025-01,12847.0,3.881,6004.0,422.6
VM-021,Tecpetrol,El Trapial,Petroleo volatil,2025-02,12908.0,3.9,5301.0,424.6
VM-021,Tecpetrol,El Trapial,Petroleo volatil,2025-03,11651.0,3.52,6440.0,383.2
VM-021,Tecpetrol,El Trapial,Petroleo volatil,2025-04,12149.0,3.67,9689.0,399.6
VM-021,Tecpetrol,El Trapial,Petroleo volatil,2025-05,10935.0,3.303,3877.0,359.7
VM-021,Tecpetrol,El Trapial,Petroleo volatil,2025-06,10156.0,3.068,3279.0,334.1
VM-021,Tecpetrol,El Trapial,Petroleo volatil,2025-07,9720.0,2.936,3400.0,319.7
VM-021,Tecpetrol,El Trapial,Petroleo volatil,2025-08,10373.0,3.134,2788.0,341.2
VM-021,Tecpetrol,El Trapial,Petroleo volatil,2025-09,9923.0,2.998,3740.0,326.4
VM-021,Tecpetrol,El Trapial,Petroleo volatil,2025-10,9059.0,2.737,4440.0,298.0
VM-021,Tecpetrol,El Trapial,Petroleo volatil,2025-11,9047.0,2.733,4235.0,297.6
VM-021,Tecpetrol,El Trapial,Petroleo volatil,2025-12,8385.0,2.533,4518.0,275.8
VM-021,Tecpetrol,El Trapial,Petroleo volatil,2026-01,9092.0,2.747,1869.0,299.1
VM-021,Tecpetrol,El Trapial,Petroleo volatil,2026-02,7879.0,2.38,4346.0,259.2
VM-021,Tecpetrol,El Trapial,Petroleo volatil,2026-03,7940.0,2.399,2788.0,261.2
VM-021,Tecpetrol,El Trapial,Petroleo volatil,2026-04,8478.0,2.561,3263.0,278.9
VM-021,Tecpetrol,El Trapial,Petroleo volatil,2026-05,8192.0,2.475,4670.0,269.5
VM-021,Tecpetrol,El Trapial,Petroleo volatil,2026-06,7052.0,2.13,2535.0,232.0
VM-021,Tecpetrol,El Trapial,Petroleo volatil,2026-07,6931.0,2.094,3623.0,228.0
VM-021,Tecpetrol,El Trapial,Petroleo volatil,2026-08,7611.0,2.299,1762.0,250.4
VM-022,Pan American Energy,Bandurria Sur,Petroleo negro,2026-04,38129.0,5.456,8297.0,1254.3
VM-022,Pan American Energy,Bandurria Sur,Petroleo negro,2026-05,34809.0,4.981,10433.0,1145.0
VM-022,Pan American Energy,Bandurria Sur,Petroleo negro,2026-06,34119.0,4.882,22690.0,1122.3
VM-022,Pan American Energy,Bandurria Sur,Petroleo negro,2026-07,30561.0,4.373,16745.0,1005.3
VM-022,Pan American Energy,Bandurria Sur,Petroleo negro,2026-08,27268.0,3.902,17051.0,897.0
VM-023,Shell,Aguada Federal,Gas y condensado,2025-06,10006.0,11.136,5919.0,329.1
VM-023,Shell,Aguada Federal,Gas y condensado,2025-07,8845.0,9.845,4233.0,291.0
VM-023,Shell,Aguada Federal,Gas y condensado,2025-08,8528.0,9.491,2835.0,280.5
VM-023,Shell,Aguada Federal,Gas y condensado,2025-09,7041.0,7.837,5006.0,231.6
VM-023,Shell,Aguada Federal,Gas y condensado,2025-10,6691.0,7.447,2036.0,220.1
VM-023,Shell,Aguada Federal,Gas y condensado,2025-11,6017.0,6.697,2216.0,197.9
VM-023,Shell,Aguada Federal,Gas y condensado,2025-12,6020.0,6.7,2911.0,198.0
VM-023,Shell,Aguada Federal,Gas y condensado,2026-01,5607.0,6.241,2704.0,184.4
VM-023,Shell,Aguada Federal,Gas y condensado,2026-02,5244.0,5.836,3932.0,172.5
VM-023,Shell,Aguada Federal,Gas y condensado,2026-03,4670.0,5.198,3138.0,153.6
VM-023,Shell,Aguada Federal,Gas y condensado,2026-04,4219.0,4.696,1136.0,138.8
VM-023,Shell,Aguada Federal,Gas y condensado,2026-05,4161.0,4.631,970.0,136.9
VM-023,Shell,Aguada Federal,Gas y condensado,2026-06,3861.0,4.297,2208.0,127.0
VM-023,Shell,Aguada Federal,Gas y condensado,2026-07,3816.0,4.247,2816.0,125.5
VM-023,Shell,Aguada Federal,Gas y condensado,2026-08,3351.0,3.73,2410.0,110.2
VM-024,YPF,Loma Campana,Petroleo negro,2025-06,31235.0,4.47,17919.0,1027.5
VM-024,YPF,Loma Campana,Petroleo negro,2025-07,27654.0,3.957,19598.0,909.7
VM-024,YPF,Loma Campana,Petroleo negro,2025-08,24395.0,3.491,4998.0,802.5
VM-024,YPF,Loma Campana,Petroleo negro,2025-09,23972.0,3.43,14311.0,788.6
VM-024,YPF,Loma Campana,Petroleo negro,2025-10,21755.0,3.113,5972.0,715.6
VM-024,YPF,Loma Campana,Petroleo negro,2025-11,18794.0,2.689,10811.0,618.2
VM-024,YPF,Loma Campana,Petroleo negro,2025-12,18941.0,2.71,11302.0,623.1
VM-024,YPF,Loma Campana,Petroleo negro,2026-01,17421.0,2.493,10328.0,573.1
VM-024,YPF,Loma Campana,Petroleo negro,2026-02,15414.0,2.206,7251.0,507.0
VM-024,YPF,Loma Campana,Petroleo negro,2026-03,14986.0,2.144,9617.0,493.0
VM-024,YPF,Loma Campana,Petroleo negro,2026-04,14622.0,2.092,9241.0,481.0
VM-024,YPF,Loma Campana,Petroleo negro,2026-05,14279.0,2.043,10611.0,469.7
VM-024,YPF,Loma Campana,Petroleo negro,2026-06,13944.0,1.995,3221.0,458.7
VM-024,YPF,Loma Campana,Petroleo negro,2026-07,13020.0,1.863,5522.0,428.3
VM-024,YPF,Loma Campana,Petroleo negro,2026-08,11529.0,1.65,5614.0,379.2
VM-025,YPF,El Trapial,Petroleo volatil,2025-07,25871.0,7.816,17536.0,851.0
VM-025,YPF,El Trapial,Petroleo volatil,2025-08,20277.0,6.126,6517.0,667.0
VM-025,YPF,El Trapial,Petroleo volatil,2025-09,19542.0,5.904,15260.0,642.8
VM-025,YPF,El Trapial,Petroleo volatil,2025-10,16096.0,4.863,4076.0,529.5
VM-025,YPF,El Trapial,Petroleo volatil,2025-11,15991.0,4.831,9108.0,526.0
VM-025,YPF,El Trapial,Petroleo volatil,2025-12,14913.0,4.505,4757.0,490.6
VM-025,YPF,El Trapial,Petroleo volatil,2026-01,13210.0,3.991,8990.0,434.6
VM-025,YPF,El Trapial,Petroleo volatil,2026-02,12107.0,3.657,5324.0,398.2
VM-025,YPF,El Trapial,Petroleo volatil,2026-03,10769.0,3.253,7309.0,354.2
VM-025,YPF,El Trapial,Petroleo volatil,2026-04,10755.0,3.249,4590.0,353.8
VM-025,YPF,El Trapial,Petroleo volatil,2026-05,10454.0,3.158,7441.0,343.9
VM-025,YPF,El Trapial,Petroleo volatil,2026-06,10191.0,3.079,4132.0,335.2
VM-025,YPF,El Trapial,Petroleo volatil,2026-07,9354.0,2.826,4045.0,307.7
VM-025,YPF,El Trapial,Petroleo volatil,2026-08,9199.0,2.779,6220.0,302.6
VM-026,YPF,Aguada Pichana,Gas y condensado,2026-06,5876.0,6.54,4078.0,193.3
VM-026,YPF,Aguada Pichana,Gas y condensado,2026-07,5075.0,5.649,2754.0,166.9
VM-026,YPF,Aguada Pichana,Gas y condensado,2026-08,4310.0,4.797,2693.0,141.8
VM-027,Shell,Loma Campana,Petroleo negro,2024-08,28319.0,4.052,15210.0,931.5
VM-027,Shell,Loma Campana,Petroleo negro,2024-09,23604.0,3.378,10349.0,776.4
VM-027,Shell,Loma Campana,Petroleo negro,2024-10,22661.0,3.243,13108.0,745.4
VM-027,Shell,Loma Campana,Petroleo negro,2024-11,19958.0,2.856,7009.0,656.5
VM-027,Shell,Loma Campana,Petroleo negro,2024-12,18071.0,2.586,10784.0,594.5
VM-027,Shell,Loma Campana,Petroleo negro,2025-01,16131.0,2.308,6875.0,530.6
VM-027,Shell,Loma Campana,Petroleo negro,2025-02,13732.0,1.965,7332.0,451.7
VM-027,Shell,Loma Campana,Petroleo negro,2025-03,12327.0,1.764,9242.0,405.5
VM-027,Shell,Loma Campana,Petroleo negro,2025-04,11794.0,1.688,4361.0,388.0
VM-027,Shell,Loma Campana,Petroleo negro,2025-05,10999.0,1.574,2885.0,361.8
VM-027,Shell,Loma Campana,Petroleo negro,2025-06,10777.0,1.542,8490.0,354.5
VM-027,Shell,Loma Campana,Petroleo negro,2025-07,9907.0,1.418,5392.0,325.9
VM-027,Shell,Loma Campana,Petroleo negro,2025-08,9357.0,1.339,3726.0,307.8
VM-027,Shell,Loma Campana,Petroleo negro,2025-09,8180.0,1.171,2478.0,269.1
VM-027,Shell,Loma Campana,Petroleo negro,2025-10,7607.0,1.089,5755.0,250.2
VM-027,Shell,Loma Campana,Petroleo negro,2025-11,7374.0,1.055,3889.0,242.6
VM-027,Shell,Loma Campana,Petroleo negro,2025-12,6810.0,0.975,3957.0,224.0
VM-027,Shell,Loma Campana,Petroleo negro,2026-01,6482.0,0.928,3056.0,213.2
VM-027,Shell,Loma Campana,Petroleo negro,2026-02,6035.0,0.864,1574.0,198.5
VM-027,Shell,Loma Campana,Petroleo negro,2026-03,5654.0,0.809,3420.0,186.0
VM-027,Shell,Loma Campana,Petroleo negro,2026-04,5191.0,0.743,1901.0,170.8
VM-027,Shell,Loma Campana,Petroleo negro,2026-05,5344.0,0.765,1504.0,175.8
VM-027,Shell,Loma Campana,Petroleo negro,2026-06,4664.0,0.667,3224.0,153.4
VM-027,Shell,Loma Campana,Petroleo negro,2026-07,4392.0,0.629,1670.0,144.5
VM-027,Shell,Loma Campana,Petroleo negro,2026-08,4676.0,0.669,2094.0,153.8
VM-028,Shell,El Trapial,Petroleo volatil,2025-06,19781.0,5.976,13031.0,650.7
VM-028,Shell,El Trapial,Petroleo volatil,2025-07,15684.0,4.738,5203.0,515.9
VM-028,Shell,El Trapial,Petroleo volatil,2025-08,16078.0,4.857,6315.0,528.9
VM-028,Shell,El Trapial,Petroleo volatil,2025-09,13743.0,4.152,10456.0,452.1
VM-028,Shell,El Trapial,Petroleo volatil,2025-10,12192.0,3.683,9546.0,401.0
VM-028,Shell,El Trapial,Petroleo volatil,2025-11,12283.0,3.711,7089.0,404.1
VM-028,Shell,El Trapial,Petroleo volatil,2025-12,10517.0,3.177,6084.0,346.0
VM-028,Shell,El Trapial,Petroleo volatil,2026-01,11162.0,3.372,4872.0,367.2
VM-028,Shell,El Trapial,Petroleo volatil,2026-02,9529.0,2.879,2661.0,313.4
VM-028,Shell,El Trapial,Petroleo volatil,2026-03,9083.0,2.744,4078.0,298.8
VM-028,Shell,El Trapial,Petroleo volatil,2026-04,9636.0,2.911,2267.0,317.0
VM-028,Shell,El Trapial,Petroleo volatil,2026-05,8727.0,2.636,3844.0,287.1
VM-028,Shell,El Trapial,Petroleo volatil,2026-06,8378.0,2.531,4323.0,275.6
VM-028,Shell,El Trapial,Petroleo volatil,2026-07,8226.0,2.485,2652.0,270.6
VM-028,Shell,El Trapial,Petroleo volatil,2026-08,8226.0,2.485,4197.0,270.6
VM-029,YPF,La Amarga Chica,Petroleo negro,2024-09,27478.0,3.932,21391.0,903.9
VM-029,YPF,La Amarga Chica,Petroleo negro,2024-10,25654.0,3.671,7640.0,843.9
VM-029,YPF,La Amarga Chica,Petroleo negro,2024-11,23974.0,3.431,13113.0,788.6
VM-029,YPF,La Amarga Chica,Petroleo negro,2024-12,20075.0,2.873,6875.0,660.4
VM-029,YPF,La Amarga Chica,Petroleo negro,2025-01,17773.0,2.543,6156.0,584.6
VM-029,YPF,La Amarga Chica,Petroleo negro,2025-02,17042.0,2.439,6927.0,560.6
VM-029,YPF,La Amarga Chica,Petroleo negro,2025-03,17525.0,2.508,9735.0,576.5
VM-029,YPF,La Amarga Chica,Petroleo negro,2025-04,14742.0,2.11,6226.0,484.9
VM-029,YPF,La Amarga Chica,Petroleo negro,2025-05,14396.0,2.06,3597.0,473.6
VM-029,YPF,La Amarga Chica,Petroleo negro,2025-06,13704.0,1.961,6920.0,450.8
VM-029,YPF,La Amarga Chica,Petroleo negro,2025-07,13832.0,1.979,6362.0,455.0
VM-029,YPF,La Amarga Chica,Petroleo negro,2025-08,12799.0,1.832,7779.0,421.0
VM-029,YPF,La Amarga Chica,Petroleo negro,2025-09,11376.0,1.628,6147.0,374.2
VM-029,YPF,La Amarga Chica,Petroleo negro,2025-10,11338.0,1.622,3374.0,373.0
VM-029,YPF,La Amarga Chica,Petroleo negro,2025-11,10234.0,1.464,8161.0,336.6
VM-029,YPF,La Amarga Chica,Petroleo negro,2025-12,9944.0,1.423,7278.0,327.1
VM-029,YPF,La Amarga Chica,Petroleo negro,2026-01,9976.0,1.428,2484.0,328.2
VM-029,YPF,La Amarga Chica,Petroleo negro,2026-02,10452.0,1.496,6231.0,343.8
VM-029,YPF,La Amarga Chica,Petroleo negro,2026-03,9360.0,1.339,6578.0,307.9
VM-029,YPF,La Amarga Chica,Petroleo negro,2026-04,9451.0,1.352,4247.0,310.9
VM-029,YPF,La Amarga Chica,Petroleo negro,2026-05,9173.0,1.313,5896.0,301.8
VM-029,YPF,La Amarga Chica,Petroleo negro,2026-06,8242.0,1.179,5191.0,271.1
VM-029,YPF,La Amarga Chica,Petroleo negro,2026-07,8881.0,1.271,5440.0,292.1
VM-029,YPF,La Amarga Chica,Petroleo negro,2026-08,8502.0,1.217,6751.0,279.7
VM-030,Pampa Energia,Fortin de Piedra,Gas y condensado,2024-06,7884.0,8.775,3799.0,259.3
VM-030,Pampa Energia,Fortin de Piedra,Gas y condensado,2024-07,6821.0,7.591,4502.0,224.4
VM-030,Pampa Energia,Fortin de Piedra,Gas y condensado,2024-08,6245.0,6.95,1515.0,205.4
VM-030,Pampa Energia,Fortin de Piedra,Gas y condensado,2024-09,5277.0,5.873,1919.0,173.6
VM-030,Pampa Energia,Fortin de Piedra,Gas y condensado,2024-10,5436.0,6.051,1810.0,178.8
VM-030,Pampa Energia,Fortin de Piedra,Gas y condensado,2024-11,4729.0,5.264,3281.0,155.6
VM-030,Pampa Energia,Fortin de Piedra,Gas y condensado,2024-12,4315.0,4.802,1587.0,141.9
VM-030,Pampa Energia,Fortin de Piedra,Gas y condensado,2025-01,4144.0,4.613,947.0,136.3
VM-030,Pampa Energia,Fortin de Piedra,Gas y condensado,2025-02,4201.0,4.675,1648.0,138.2
VM-030,Pampa Energia,Fortin de Piedra,Gas y condensado,2025-03,3811.0,4.242,1524.0,125.4
VM-030,Pampa Energia,Fortin de Piedra,Gas y condensado,2025-04,3458.0,3.849,2445.0,113.8
VM-030,Pampa Energia,Fortin de Piedra,Gas y condensado,2025-05,3341.0,3.718,1241.0,109.9
VM-030,Pampa Energia,Fortin de Piedra,Gas y condensado,2025-06,3480.0,3.873,1423.0,114.5
VM-030,Pampa Energia,Fortin de Piedra,Gas y condensado,2025-07,3247.0,3.614,1293.0,106.8
VM-030,Pampa Energia,Fortin de Piedra,Gas y condensado,2025-08,3150.0,3.505,1230.0,103.6
VM-030,Pampa Energia,Fortin de Piedra,Gas y condensado,2025-09,2994.0,3.333,615.0,98.5
VM-030,Pampa Energia,Fortin de Piedra,Gas y condensado,2025-10,2714.0,3.02,1368.0,89.3
VM-030,Pampa Energia,Fortin de Piedra,Gas y condensado,2025-11,2942.0,3.275,2351.0,96.8
VM-030,Pampa Energia,Fortin de Piedra,Gas y condensado,2025-12,2846.0,3.167,1465.0,93.6
VM-030,Pampa Energia,Fortin de Piedra,Gas y condensado,2026-01,2702.0,3.008,1629.0,88.9
VM-030,Pampa Energia,Fortin de Piedra,Gas y condensado,2026-02,2656.0,2.956,2112.0,87.4
VM-030,Pampa Energia,Fortin de Piedra,Gas y condensado,2026-03,2448.0,2.724,1145.0,80.5
VM-030,Pampa Energia,Fortin de Piedra,Gas y condensado,2026-04,2531.0,2.817,834.0,83.3
VM-030,Pampa Energia,Fortin de Piedra,Gas y condensado,2026-05,2240.0,2.493,1656.0,73.7
VM-030,Pampa Energia,Fortin de Piedra,Gas y condensado,2026-06,2158.0,2.402,1589.0,71.0
VM-030,Pampa Energia,Fortin de Piedra,Gas y condensado,2026-07,2391.0,2.661,716.0,78.7
VM-030,Pampa Energia,Fortin de Piedra,Gas y condensado,2026-08,2286.0,2.545,853.0,75.2
VM-031,Tecpetrol,Los Toldos,Petroleo volatil,2024-02,31162.0,9.414,24623.0,1025.1
VM-031,Tecpetrol,Los Toldos,Petroleo volatil,2024-03,29573.0,8.934,19477.0,972.8
VM-031,Tecpetrol,Los Toldos,Petroleo volatil,2024-04,24841.0,7.505,19663.0,817.2
VM-031,Tecpetrol,Los Toldos,Petroleo volatil,2024-05,23012.0,6.952,18134.0,757.0
VM-031,Tecpetrol,Los Toldos,Petroleo volatil,2024-06,21631.0,6.535,4934.0,711.5
VM-031,Tecpetrol,Los Toldos,Petroleo volatil,2024-07,20320.0,6.139,14281.0,668.4
VM-031,Tecpetrol,Los Toldos,Petroleo volatil,2024-08,19249.0,5.815,11034.0,633.2
VM-031,Tecpetrol,Los Toldos,Petroleo volatil,2024-09,16111.0,4.867,11608.0,530.0
VM-031,Tecpetrol,Los Toldos,Petroleo volatil,2024-10,16144.0,4.877,5133.0,531.1
VM-031,Tecpetrol,Los Toldos,Petroleo volatil,2024-11,14899.0,4.501,4782.0,490.1
VM-031,Tecpetrol,Los Toldos,Petroleo volatil,2024-12,15491.0,4.68,3774.0,509.6
VM-031,Tecpetrol,Los Toldos,Petroleo volatil,2025-01,15047.0,4.546,3162.0,495.0
VM-031,Tecpetrol,Los Toldos,Petroleo volatil,2025-02,14083.0,4.255,4765.0,463.3
VM-031,Tecpetrol,Los Toldos,Petroleo volatil,2025-03,13181.0,3.982,4038.0,433.6
VM-031,Tecpetrol,Los Toldos,Petroleo volatil,2025-04,13406.0,4.05,3935.0,441.0
VM-031,Tecpetrol,Los Toldos,Petroleo volatil,2025-05,12220.0,3.692,6906.0,402.0
VM-031,Tecpetrol,Los Toldos,Petroleo volatil,2025-06,11815.0,3.569,3895.0,388.6
VM-031,Tecpetrol,Los Toldos,Petroleo volatil,2025-07,11199.0,3.383,8519.0,368.4
VM-031,Tecpetrol,Los Toldos,Petroleo volatil,2025-08,10622.0,3.209,2236.0,349.4
VM-031,Tecpetrol,Los Toldos,Petroleo volatil,2025-09,11529.0,3.483,8436.0,379.2
VM-031,Tecpetrol,Los Toldos,Petroleo volatil,2025-10,10896.0,3.292,5265.0,358.4
VM-031,Tecpetrol,Los Toldos,Petroleo volatil,2025-11,11010.0,3.326,4931.0,362.2
VM-031,Tecpetrol,Los Toldos,Petroleo volatil,2025-12,9417.0,2.845,4343.0,309.8
VM-031,Tecpetrol,Los Toldos,Petroleo volatil,2026-01,9913.0,2.995,5244.0,326.1
VM-031,Tecpetrol,Los Toldos,Petroleo volatil,2026-02,10177.0,3.074,2449.0,334.8
VM-031,Tecpetrol,Los Toldos,Petroleo volatil,2026-03,9913.0,2.995,5089.0,326.1
VM-031,Tecpetrol,Los Toldos,Petroleo volatil,2026-04,9548.0,2.885,4280.0,314.1
VM-031,Tecpetrol,Los Toldos,Petroleo volatil,2026-05,8803.0,2.659,3534.0,289.6
VM-031,Tecpetrol,Los Toldos,Petroleo volatil,2026-06,8604.0,2.599,4062.0,283.0
VM-031,Tecpetrol,Los Toldos,Petroleo volatil,2026-07,8836.0,2.669,6173.0,290.7
VM-031,Tecpetrol,Los Toldos,Petroleo volatil,2026-08,8167.0,2.467,3839.0,268.6
VM-032,Total Austral,Bajada del Palo,Petroleo negro,2024-09,30872.0,4.418,21330.0,1015.5
VM-032,Total Austral,Bajada del Palo,Petroleo negro,2024-10,27666.0,3.959,15878.0,910.1
VM-032,Total Austral,Bajada del Palo,Petroleo negro,2024-11,24446.0,3.498,11463.0,804.2
VM-032,Total Austral,Bajada del Palo,Petroleo negro,2024-12,22370.0,3.201,15713.0,735.8
VM-032,Total Austral,Bajada del Palo,Petroleo negro,2025-01,19652.0,2.812,5310.0,646.4
VM-032,Total Austral,Bajada del Palo,Petroleo negro,2025-02,17638.0,2.524,6329.0,580.2
VM-032,Total Austral,Bajada del Palo,Petroleo negro,2025-03,15717.0,2.249,5941.0,517.0
VM-032,Total Austral,Bajada del Palo,Petroleo negro,2025-04,15909.0,2.277,6502.0,523.3
VM-032,Total Austral,Bajada del Palo,Petroleo negro,2025-05,14052.0,2.011,6038.0,462.2
VM-032,Total Austral,Bajada del Palo,Petroleo negro,2025-06,12698.0,1.817,6893.0,417.7
VM-032,Total Austral,Bajada del Palo,Petroleo negro,2025-07,12339.0,1.766,9402.0,405.9
VM-032,Total Austral,Bajada del Palo,Petroleo negro,2025-08,11969.0,1.713,9417.0,393.7
VM-032,Total Austral,Bajada del Palo,Petroleo negro,2025-09,11697.0,1.674,5784.0,384.8
VM-032,Total Austral,Bajada del Palo,Petroleo negro,2025-10,9851.0,1.41,3229.0,324.0
VM-032,Total Austral,Bajada del Palo,Petroleo negro,2025-11,9514.0,1.361,6113.0,313.0
VM-032,Total Austral,Bajada del Palo,Petroleo negro,2025-12,9094.0,1.301,5339.0,299.1
VM-032,Total Austral,Bajada del Palo,Petroleo negro,2026-01,8924.0,1.277,4358.0,293.6
VM-032,Total Austral,Bajada del Palo,Petroleo negro,2026-02,9074.0,1.298,3439.0,298.5
VM-032,Total Austral,Bajada del Palo,Petroleo negro,2026-03,8012.0,1.147,2987.0,263.6
VM-032,Total Austral,Bajada del Palo,Petroleo negro,2026-04,8567.0,1.226,4555.0,281.8
VM-032,Total Austral,Bajada del Palo,Petroleo negro,2026-05,7527.0,1.077,2163.0,247.6
VM-032,Total Austral,Bajada del Palo,Petroleo negro,2026-06,7021.0,1.005,2811.0,230.9
VM-032,Total Austral,Bajada del Palo,Petroleo negro,2026-07,7322.0,1.048,3471.0,240.8
VM-032,Total Austral,Bajada del Palo,Petroleo negro,2026-08,7263.0,1.039,5787.0,238.9
VM-033,Pluspetrol,El Trapial,Petroleo volatil,2025-04,32541.0,9.831,13243.0,1070.4
VM-033,Pluspetrol,El Trapial,Petroleo volatil,2025-05,29092.0,8.789,7367.0,957.0
VM-033,Pluspetrol,El Trapial,Petroleo volatil,2025-06,25653.0,7.75,18701.0,843.9
VM-033,Pluspetrol,El Trapial,Petroleo volatil,2025-07,23145.0,6.992,5999.0,761.4
VM-033,Pluspetrol,El Trapial,Petroleo volatil,2025-08,20538.0,6.204,13993.0,675.6
VM-033,Pluspetrol,El Trapial,Petroleo volatil,2025-09,18454.0,5.575,13037.0,607.0
VM-033,Pluspetrol,El Trapial,Petroleo volatil,2025-10,16519.0,4.99,8544.0,543.4
VM-033,Pluspetrol,El Trapial,Petroleo volatil,2025-11,16307.0,4.926,10974.0,536.4
VM-033,Pluspetrol,El Trapial,Petroleo volatil,2025-12,14995.0,4.53,5322.0,493.2
VM-033,Pluspetrol,El Trapial,Petroleo volatil,2026-01,14740.0,4.453,3958.0,484.9
VM-033,Pluspetrol,El Trapial,Petroleo volatil,2026-02,13302.0,4.019,6396.0,437.6
VM-033,Pluspetrol,El Trapial,Petroleo volatil,2026-03,13395.0,4.047,6093.0,440.6
VM-033,Pluspetrol,El Trapial,Petroleo volatil,2026-04,12378.0,3.739,7513.0,407.2
VM-033,Pluspetrol,El Trapial,Petroleo volatil,2026-05,12014.0,3.629,9348.0,395.2
VM-033,Pluspetrol,El Trapial,Petroleo volatil,2026-06,11175.0,3.376,6069.0,367.6
VM-033,Pluspetrol,El Trapial,Petroleo volatil,2026-07,10058.0,3.039,3170.0,330.9
VM-033,Pluspetrol,El Trapial,Petroleo volatil,2026-08,10009.0,3.024,3270.0,329.2
VM-034,Vista Energy,Aguada Pichana,Gas y condensado,2025-05,8017.0,8.922,2562.0,263.7
VM-034,Vista Energy,Aguada Pichana,Gas y condensado,2025-06,7196.0,8.009,5005.0,236.7
VM-034,Vista Energy,Aguada Pichana,Gas y condensado,2025-07,6057.0,6.742,2094.0,199.3
VM-034,Vista Energy,Aguada Pichana,Gas y condensado,2025-08,5887.0,6.552,1340.0,193.6
VM-034,Vista Energy,Aguada Pichana,Gas y condensado,2025-09,5160.0,5.743,2812.0,169.7
VM-034,Vista Energy,Aguada Pichana,Gas y condensado,2025-10,4975.0,5.537,3693.0,163.6
VM-034,Vista Energy,Aguada Pichana,Gas y condensado,2025-11,4763.0,5.301,3116.0,156.7
VM-034,Vista Energy,Aguada Pichana,Gas y condensado,2025-12,4335.0,4.825,1848.0,142.6
VM-034,Vista Energy,Aguada Pichana,Gas y condensado,2026-01,4388.0,4.884,2498.0,144.3
VM-034,Vista Energy,Aguada Pichana,Gas y condensado,2026-02,4190.0,4.664,1473.0,137.8
VM-034,Vista Energy,Aguada Pichana,Gas y condensado,2026-03,3561.0,3.964,2159.0,117.1
VM-034,Vista Energy,Aguada Pichana,Gas y condensado,2026-04,3400.0,3.784,835.0,111.8
VM-034,Vista Energy,Aguada Pichana,Gas y condensado,2026-05,3377.0,3.759,2067.0,111.1
VM-034,Vista Energy,Aguada Pichana,Gas y condensado,2026-06,3222.0,3.586,2100.0,106.0
VM-034,Vista Energy,Aguada Pichana,Gas y condensado,2026-07,3135.0,3.49,1163.0,103.1
VM-034,Vista Energy,Aguada Pichana,Gas y condensado,2026-08,3050.0,3.394,1716.0,100.3
VM-035,Tecpetrol,Rincon La Ceniza,Petroleo volatil,2026-05,23735.0,7.17,13172.0,780.8
VM-035,Tecpetrol,Rincon La Ceniza,Petroleo volatil,2026-06,21203.0,6.405,16557.0,697.5
VM-035,Tecpetrol,Rincon La Ceniza,Petroleo volatil,2026-07,20174.0,6.095,6521.0,663.6
VM-035,Tecpetrol,Rincon La Ceniza,Petroleo volatil,2026-08,17168.0,5.186,5643.0,564.7
VM-036,YPF,Aguada Federal,Gas y condensado,2024-04,7851.0,8.738,4272.0,258.3
VM-036,YPF,Aguada Federal,Gas y condensado,2024-05,7338.0,8.167,4600.0,241.4
VM-036,YPF,Aguada Federal,Gas y condensado,2024-06,6441.0,7.168,3723.0,211.9
VM-036,YPF,Aguada Federal,Gas y condensado,2024-07,5997.0,6.675,2266.0,197.3
VM-036,YPF,Aguada Federal,Gas y condensado,2024-08,5292.0,5.89,2326.0,174.1
VM-036,YPF,Aguada Federal,Gas y condensado,2024-09,5275.0,5.871,1481.0,173.5
VM-036,YPF,Aguada Federal,Gas y condensado,2024-10,4915.0,5.47,1044.0,161.7
VM-036,YPF,Aguada Federal,Gas y condensado,2024-11,4349.0,4.84,2618.0,143.1
VM-036,YPF,Aguada Federal,Gas y condensado,2024-12,4499.0,5.007,2971.0,148.0
VM-036,YPF,Aguada Federal,Gas y condensado,2025-01,4209.0,4.684,1483.0,138.4
VM-036,YPF,Aguada Federal,Gas y condensado,2025-02,4184.0,4.657,2346.0,137.6
VM-036,YPF,Aguada Federal,Gas y condensado,2025-03,3965.0,4.413,3021.0,130.4
VM-036,YPF,Aguada Federal,Gas y condensado,2025-04,3467.0,3.859,2711.0,114.0
VM-036,YPF,Aguada Federal,Gas y condensado,2025-05,3259.0,3.627,1898.0,107.2
VM-036,YPF,Aguada Federal,Gas y condensado,2025-06,3223.0,3.588,827.0,106.0
VM-036,YPF,Aguada Federal,Gas y condensado,2025-07,3254.0,3.622,1066.0,107.0
VM-036,YPF,Aguada Federal,Gas y condensado,2025-08,3242.0,3.609,1546.0,106.7
VM-036,YPF,Aguada Federal,Gas y condensado,2025-09,2923.0,3.253,605.0,96.1
VM-036,YPF,Aguada Federal,Gas y condensado,2025-10,3008.0,3.348,1751.0,99.0
VM-036,YPF,Aguada Federal,Gas y condensado,2025-11,2967.0,3.302,1276.0,97.6
VM-036,YPF,Aguada Federal,Gas y condensado,2025-12,2928.0,3.259,627.0,96.3
VM-036,YPF,Aguada Federal,Gas y condensado,2026-01,2852.0,3.174,1879.0,93.8
VM-036,YPF,Aguada Federal,Gas y condensado,2026-02,2479.0,2.759,1964.0,81.5
VM-036,YPF,Aguada Federal,Gas y condensado,2026-03,2413.0,2.686,1570.0,79.4
VM-036,YPF,Aguada Federal,Gas y condensado,2026-04,2410.0,2.682,1481.0,79.3
VM-036,YPF,Aguada Federal,Gas y condensado,2026-05,2557.0,2.846,692.0,84.1
VM-036,YPF,Aguada Federal,Gas y condensado,2026-06,2329.0,2.592,1717.0,76.6
VM-036,YPF,Aguada Federal,Gas y condensado,2026-07,2329.0,2.592,680.0,76.6
VM-036,YPF,Aguada Federal,Gas y condensado,2026-08,2155.0,2.398,590.0,70.9
VM-037,Pan American Energy,Aguada Pichana,Gas y condensado,2024-06,8301.0,9.239,3438.0,273.1
VM-037,Pan American Energy,Aguada Pichana,Gas y condensado,2024-07,7939.0,8.836,3745.0,261.1
VM-037,Pan American Energy,Aguada Pichana,Gas y condensado,2024-08,6361.0,7.08,2618.0,209.3
VM-037,Pan American Energy,Aguada Pichana,Gas y condensado,2024-09,5998.0,6.675,2812.0,197.3
VM-037,Pan American Energy,Aguada Pichana,Gas y condensado,2024-10,5519.0,6.142,3357.0,181.5
VM-037,Pan American Energy,Aguada Pichana,Gas y condensado,2024-11,5081.0,5.656,2650.0,167.2
VM-037,Pan American Energy,Aguada Pichana,Gas y condensado,2024-12,4192.0,4.666,2774.0,137.9
VM-037,Pan American Energy,Aguada Pichana,Gas y condensado,2025-01,4288.0,4.772,2734.0,141.0
VM-037,Pan American Energy,Aguada Pichana,Gas y condensado,2025-02,3777.0,4.204,2765.0,124.3
VM-037,Pan American Energy,Aguada Pichana,Gas y condensado,2025-03,3337.0,3.714,2149.0,109.8
VM-037,Pan American Energy,Aguada Pichana,Gas y condensado,2025-04,3341.0,3.718,2072.0,109.9
VM-037,Pan American Energy,Aguada Pichana,Gas y condensado,2025-05,2897.0,3.224,2262.0,95.3
VM-037,Pan American Energy,Aguada Pichana,Gas y condensado,2025-06,2704.0,3.009,828.0,88.9
VM-037,Pan American Energy,Aguada Pichana,Gas y condensado,2025-07,2731.0,3.039,1485.0,89.8
VM-037,Pan American Energy,Aguada Pichana,Gas y condensado,2025-08,2455.0,2.733,915.0,80.8
VM-037,Pan American Energy,Aguada Pichana,Gas y condensado,2025-09,2575.0,2.866,1011.0,84.7
VM-037,Pan American Energy,Aguada Pichana,Gas y condensado,2025-10,2290.0,2.549,611.0,75.3
VM-037,Pan American Energy,Aguada Pichana,Gas y condensado,2025-11,2214.0,2.465,1374.0,72.8
VM-037,Pan American Energy,Aguada Pichana,Gas y condensado,2025-12,2159.0,2.403,733.0,71.0
VM-037,Pan American Energy,Aguada Pichana,Gas y condensado,2026-01,1956.0,2.177,1159.0,64.3
VM-037,Pan American Energy,Aguada Pichana,Gas y condensado,2026-02,2030.0,2.259,1344.0,66.8
VM-037,Pan American Energy,Aguada Pichana,Gas y condensado,2026-03,1750.0,1.948,419.0,57.6
VM-037,Pan American Energy,Aguada Pichana,Gas y condensado,2026-04,1704.0,1.897,882.0,56.1
VM-037,Pan American Energy,Aguada Pichana,Gas y condensado,2026-05,1623.0,1.806,1094.0,53.4
VM-037,Pan American Energy,Aguada Pichana,Gas y condensado,2026-06,1556.0,1.732,427.0,51.2
VM-037,Pan American Energy,Aguada Pichana,Gas y condensado,2026-07,1572.0,1.75,1031.0,51.7
VM-037,Pan American Energy,Aguada Pichana,Gas y condensado,2026-08,1431.0,1.593,573.0,47.1
VM-038,YPF,Loma Campana,Petroleo negro,2026-02,23532.0,3.367,5113.0,774.1
VM-038,YPF,Loma Campana,Petroleo negro,2026-03,22108.0,3.164,5096.0,727.2
VM-038,YPF,Loma Campana,Petroleo negro,2026-04,19754.0,2.827,11384.0,649.8
VM-038,YPF,Loma Campana,Petroleo negro,2026-05,17867.0,2.557,4029.0,587.7
VM-038,YPF,Loma Campana,Petroleo negro,2026-06,15384.0,2.201,7831.0,506.1
VM-038,YPF,Loma Campana,Petroleo negro,2026-07,15315.0,2.192,3205.0,503.8
VM-038,YPF,Loma Campana,Petroleo negro,2026-08,13407.0,1.919,8902.0,441.0
VM-039,Vista Energy,Bajada del Palo,Petroleo negro,2024-05,33834.0,4.842,21321.0,1113.0
VM-039,Vista Energy,Bajada del Palo,Petroleo negro,2024-06,30138.0,4.313,10831.0,991.4
VM-039,Vista Energy,Bajada del Palo,Petroleo negro,2024-07,30429.0,4.354,9696.0,1001.0
VM-039,Vista Energy,Bajada del Palo,Petroleo negro,2024-08,26269.0,3.759,13113.0,864.1
VM-039,Vista Energy,Bajada del Palo,Petroleo negro,2024-09,25465.0,3.644,9994.0,837.7
VM-039,Vista Energy,Bajada del Palo,Petroleo negro,2024-10,23598.0,3.377,7866.0,776.2
VM-039,Vista Energy,Bajada del Palo,Petroleo negro,2024-11,22258.0,3.185,4735.0,732.2
VM-039,Vista Energy,Bajada del Palo,Petroleo negro,2024-12,19573.0,2.801,4631.0,643.8
VM-039,Vista Energy,Bajada del Palo,Petroleo negro,2025-01,18295.0,2.618,11872.0,601.8
VM-039,Vista Energy,Bajada del Palo,Petroleo negro,2025-02,18304.0,2.619,12263.0,602.1
VM-039,Vista Energy,Bajada del Palo,Petroleo negro,2025-03,18683.0,2.674,5823.0,614.6
VM-039,Vista Energy,Bajada del Palo,Petroleo negro,2025-04,17354.0,2.483,13591.0,570.9
VM-039,Vista Energy,Bajada del Palo,Petroleo negro,2025-05,15577.0,2.229,3837.0,512.4
VM-039,Vista Energy,Bajada del Palo,Petroleo negro,2025-06,15264.0,2.184,8022.0,502.1
VM-039,Vista Energy,Bajada del Palo,Petroleo negro,2025-07,15132.0,2.165,8209.0,497.7
VM-039,Vista Energy,Bajada del Palo,Petroleo negro,2025-08,13795.0,1.974,4103.0,453.8
VM-039,Vista Energy,Bajada del Palo,Petroleo negro,2025-09,13371.0,1.913,6435.0,439.8
VM-039,Vista Energy,Bajada del Palo,Petroleo negro,2025-10,12622.0,1.806,4786.0,415.2
VM-039,Vista Energy,Bajada del Palo,Petroleo negro,2025-11,13449.0,1.925,6107.0,442.4
VM-039,Vista Energy,Bajada del Palo,Petroleo negro,2025-12,11705.0,1.675,7015.0,385.0
VM-039,Vista Energy,Bajada del Palo,Petroleo negro,2026-01,11726.0,1.678,5970.0,385.7
VM-039,Vista Energy,Bajada del Palo,Petroleo negro,2026-02,11436.0,1.637,3075.0,376.2
VM-039,Vista Energy,Bajada del Palo,Petroleo negro,2026-03,11648.0,1.667,6305.0,383.2
VM-039,Vista Energy,Bajada del Palo,Petroleo negro,2026-04,11708.0,1.675,2375.0,385.1
VM-039,Vista Energy,Bajada del Palo,Petroleo negro,2026-05,10775.0,1.542,4908.0,354.4
VM-039,Vista Energy,Bajada del Palo,Petroleo negro,2026-06,10284.0,1.472,6515.0,338.3
VM-039,Vista Energy,Bajada del Palo,Petroleo negro,2026-07,9748.0,1.395,4289.0,320.7
VM-039,Vista Energy,Bajada del Palo,Petroleo negro,2026-08,9354.0,1.339,5052.0,307.7
VM-040,Pan American Energy,Rincon La Ceniza,Petroleo volatil,2026-02,36130.0,10.915,8150.0,1188.5
VM-040,Pan American Energy,Rincon La Ceniza,Petroleo volatil,2026-03,31494.0,9.514,13770.0,1036.0
VM-040,Pan American Energy,Rincon La Ceniza,Petroleo volatil,2026-04,29798.0,9.002,7620.0,980.2
VM-040,Pan American Energy,Rincon La Ceniza,Petroleo volatil,2026-05,27552.0,8.323,19027.0,906.3
VM-040,Pan American Energy,Rincon La Ceniza,Petroleo volatil,2026-06,24337.0,7.352,5842.0,800.6
VM-040,Pan American Energy,Rincon La Ceniza,Petroleo volatil,2026-07,21909.0,6.619,14411.0,720.7
VM-040,Pan American Energy,Rincon La Ceniza,Petroleo volatil,2026-08,21523.0,6.502,6062.0,708.0
VM-041,Pluspetrol,La Amarga Chica,Petroleo negro,2026-06,23711.0,3.393,16595.0,780.0
VM-041,Pluspetrol,La Amarga Chica,Petroleo negro,2026-07,22727.0,3.252,14031.0,747.6
VM-041,Pluspetrol,La Amarga Chica,Petroleo negro,2026-08,19075.0,2.73,15151.0,627.5
VM-042,Shell,Los Toldos,Petroleo volatil,2025-10,31789.0,9.603,13110.0,1045.7
VM-042,Shell,Los Toldos,Petroleo volatil,2025-11,28420.0,8.586,21758.0,934.9
VM-042,Shell,Los Toldos,Petroleo volatil,2025-12,27231.0,8.227,14486.0,895.8
VM-042,Shell,Los Toldos,Petroleo volatil,2026-01,24131.0,7.29,15210.0,793.8
VM-042,Shell,Los Toldos,Petroleo volatil,2026-02,22371.0,6.758,10671.0,735.9
VM-042,Shell,Los Toldos,Petroleo volatil,2026-03,19783.0,5.977,13733.0,650.8
VM-042,Shell,Los Toldos,Petroleo volatil,2026-04,18175.0,5.491,13531.0,597.9
VM-042,Shell,Los Toldos,Petroleo volatil,2026-05,19141.0,5.783,9839.0,629.6
VM-042,Shell,Los Toldos,Petroleo volatil,2026-06,16174.0,4.886,5349.0,532.0
VM-042,Shell,Los Toldos,Petroleo volatil,2026-07,15180.0,4.586,9419.0,499.4
VM-042,Shell,Los Toldos,Petroleo volatil,2026-08,14815.0,4.476,11695.0,487.3
VM-043,Pluspetrol,Rincon La Ceniza,Petroleo volatil,2024-12,22412.0,6.771,8917.0,737.2
VM-043,Pluspetrol,Rincon La Ceniza,Petroleo volatil,2025-01,21289.0,6.431,15476.0,700.3
VM-043,Pluspetrol,Rincon La Ceniza,Petroleo volatil,2025-02,19003.0,5.741,5194.0,625.1
VM-043,Pluspetrol,Rincon La Ceniza,Petroleo volatil,2025-03,16539.0,4.996,10404.0,544.0
VM-043,Pluspetrol,Rincon La Ceniza,Petroleo volatil,2025-04,16542.0,4.997,13133.0,544.1
VM-043,Pluspetrol,Rincon La Ceniza,Petroleo volatil,2025-05,14880.0,4.495,9958.0,489.5
VM-043,Pluspetrol,Rincon La Ceniza,Petroleo volatil,2025-06,13986.0,4.225,7411.0,460.1
VM-043,Pluspetrol,Rincon La Ceniza,Petroleo volatil,2025-07,13243.0,4.001,4268.0,435.6
VM-043,Pluspetrol,Rincon La Ceniza,Petroleo volatil,2025-08,11267.0,3.404,4347.0,370.6
VM-043,Pluspetrol,Rincon La Ceniza,Petroleo volatil,2025-09,10899.0,3.292,8389.0,358.5
VM-043,Pluspetrol,Rincon La Ceniza,Petroleo volatil,2025-10,10860.0,3.281,7022.0,357.2
VM-043,Pluspetrol,Rincon La Ceniza,Petroleo volatil,2025-11,10300.0,3.112,4430.0,338.8
VM-043,Pluspetrol,Rincon La Ceniza,Petroleo volatil,2025-12,9824.0,2.968,7315.0,323.2
VM-043,Pluspetrol,Rincon La Ceniza,Petroleo volatil,2026-01,8302.0,2.508,3542.0,273.1
VM-043,Pluspetrol,Rincon La Ceniza,Petroleo volatil,2026-02,7994.0,2.415,2525.0,263.0
VM-043,Pluspetrol,Rincon La Ceniza,Petroleo volatil,2026-03,8261.0,2.496,3588.0,271.7
VM-043,Pluspetrol,Rincon La Ceniza,Petroleo volatil,2026-04,7770.0,2.347,4335.0,255.6
VM-043,Pluspetrol,Rincon La Ceniza,Petroleo volatil,2026-05,6591.0,1.991,3033.0,216.8
VM-043,Pluspetrol,Rincon La Ceniza,Petroleo volatil,2026-06,6950.0,2.1,2720.0,228.6
VM-043,Pluspetrol,Rincon La Ceniza,Petroleo volatil,2026-07,6191.0,1.87,1586.0,203.7
VM-043,Pluspetrol,Rincon La Ceniza,Petroleo volatil,2026-08,6065.0,1.832,4643.0,199.5
VM-044,YPF,La Amarga Chica,Petroleo negro,2026-06,42556.0,6.09,31153.0,1399.9
VM-044,YPF,La Amarga Chica,Petroleo negro,2026-07,41270.0,5.906,15195.0,1357.6
VM-044,YPF,La Amarga Chica,Petroleo negro,2026-08,38879.0,5.564,29412.0,1278.9
VM-045,Shell,Bajada del Palo,Petroleo negro,2023-12,35299.0,5.051,16859.0,1161.1
VM-045,Shell,Bajada del Palo,Petroleo negro,2024-01,28425.0,4.068,17020.0,935.0
VM-045,Shell,Bajada del Palo,Petroleo negro,2024-02,26907.0,3.85,11031.0,885.1
VM-045,Shell,Bajada del Palo,Petroleo negro,2024-03,22440.0,3.211,9990.0,738.1
VM-045,Shell,Bajada del Palo,Petroleo negro,2024-04,19537.0,2.796,13755.0,642.7
VM-045,Shell,Bajada del Palo,Petroleo negro,2024-05,19148.0,2.74,9192.0,629.9
VM-045,Shell,Bajada del Palo,Petroleo negro,2024-06,18187.0,2.603,12465.0,598.3
VM-045,Shell,Bajada del Palo,Petroleo negro,2024-07,17136.0,2.452,6857.0,563.7
VM-045,Shell,Bajada del Palo,Petroleo negro,2024-08,15174.0,2.171,6068.0,499.1
VM-045,Shell,Bajada del Palo,Petroleo negro,2024-09,14787.0,2.116,10151.0,486.4
VM-045,Shell,Bajada del Palo,Petroleo negro,2024-10,12967.0,1.856,7303.0,426.5
VM-045,Shell,Bajada del Palo,Petroleo negro,2024-11,13857.0,1.983,7440.0,455.8
VM-045,Shell,Bajada del Palo,Petroleo negro,2024-12,12380.0,1.772,5997.0,407.2
VM-045,Shell,Bajada del Palo,Petroleo negro,2025-01,12046.0,1.724,6941.0,396.2
VM-045,Shell,Bajada del Palo,Petroleo negro,2025-02,10823.0,1.549,7310.0,356.0
VM-045,Shell,Bajada del Palo,Petroleo negro,2025-03,11119.0,1.591,4072.0,365.7
VM-045,Shell,Bajada del Palo,Petroleo negro,2025-04,11228.0,1.607,4931.0,369.3
VM-045,Shell,Bajada del Palo,Petroleo negro,2025-05,10611.0,1.518,4017.0,349.0
VM-045,Shell,Bajada del Palo,Petroleo negro,2025-06,9922.0,1.42,3115.0,326.4
VM-045,Shell,Bajada del Palo,Petroleo negro,2025-07,9219.0,1.319,3665.0,303.3
VM-045,Shell,Bajada del Palo,Petroleo negro,2025-08,8750.0,1.252,5743.0,287.8
VM-045,Shell,Bajada del Palo,Petroleo negro,2025-09,8859.0,1.268,3617.0,291.4
VM-045,Shell,Bajada del Palo,Petroleo negro,2025-10,8754.0,1.253,2958.0,287.9
VM-045,Shell,Bajada del Palo,Petroleo negro,2025-11,8325.0,1.191,4501.0,273.9
VM-045,Shell,Bajada del Palo,Petroleo negro,2025-12,8294.0,1.187,3761.0,272.8
VM-045,Shell,Bajada del Palo,Petroleo negro,2026-01,8209.0,1.175,5911.0,270.0
VM-045,Shell,Bajada del Palo,Petroleo negro,2026-02,8231.0,1.178,4413.0,270.7
VM-045,Shell,Bajada del Palo,Petroleo negro,2026-03,8022.0,1.148,6121.0,263.9
VM-045,Shell,Bajada del Palo,Petroleo negro,2026-04,7504.0,1.074,2107.0,246.9
VM-045,Shell,Bajada del Palo,Petroleo negro,2026-05,7310.0,1.046,3792.0,240.4
VM-045,Shell,Bajada del Palo,Petroleo negro,2026-06,7199.0,1.03,2609.0,236.8
VM-045,Shell,Bajada del Palo,Petroleo negro,2026-07,7313.0,1.046,2982.0,240.6
VM-045,Shell,Bajada del Palo,Petroleo negro,2026-08,7157.0,1.024,2618.0,235.4
VM-046,Vista Energy,La Amarga Chica,Petroleo negro,2026-04,33487.0,4.792,20390.0,1101.5
VM-046,Vista Energy,La Amarga Chica,Petroleo negro,2026-05,28468.0,4.074,12638.0,936.5
VM-046,Vista Energy,La Amarga Chica,Petroleo negro,2026-06,27011.0,3.865,17601.0,888.5
VM-046,Vista Energy,La Amarga Chica,Petroleo negro,2026-07,25461.0,3.643,13522.0,837.5
VM-046,Vista Energy,La Amarga Chica,Petroleo negro,2026-08,23607.0,3.378,8715.0,776.6
VM-047,Pampa Energia,Loma Campana,Petroleo negro,2026-02,39043.0,5.587,25554.0,1284.3
VM-047,Pampa Energia,Loma Campana,Petroleo negro,2026-03,31681.0,4.534,21296.0,1042.1
VM-047,Pampa Energia,Loma Campana,Petroleo negro,2026-04,31140.0,4.456,16740.0,1024.3
VM-047,Pampa Energia,Loma Campana,Petroleo negro,2026-05,28270.0,4.045,17518.0,929.9
VM-047,Pampa Energia,Loma Campana,Petroleo negro,2026-06,23655.0,3.385,16180.0,778.1
VM-047,Pampa Energia,Loma Campana,Petroleo negro,2026-07,21992.0,3.147,13413.0,723.4
VM-047,Pampa Energia,Loma Campana,Petroleo negro,2026-08,21463.0,3.071,13260.0,706.0
VM-048,Vista Energy,Aguada Pichana,Gas y condensado,2026-08,13169.0,14.657,9083.0,433.2
VM-049,Pampa Energia,Bajada del Palo,Petroleo negro,2025-02,29562.0,4.23,6579.0,972.4
VM-049,Pampa Energia,Bajada del Palo,Petroleo negro,2025-03,25154.0,3.6,12045.0,827.4
VM-049,Pampa Energia,Bajada del Palo,Petroleo negro,2025-04,25095.0,3.591,11735.0,825.5
VM-049,Pampa Energia,Bajada del Palo,Petroleo negro,2025-05,22273.0,3.187,8373.0,732.7
VM-049,Pampa Energia,Bajada del Palo,Petroleo negro,2025-06,18014.0,2.578,7996.0,592.6
VM-049,Pampa Energia,Bajada del Palo,Petroleo negro,2025-07,18088.0,2.588,14117.0,595.0
VM-049,Pampa Energia,Bajada del Palo,Petroleo negro,2025-08,15903.0,2.276,6808.0,523.1
VM-049,Pampa Energia,Bajada del Palo,Petroleo negro,2025-09,15179.0,2.172,6909.0,499.3
VM-049,Pampa Energia,Bajada del Palo,Petroleo negro,2025-10,13160.0,1.883,8602.0,432.9
VM-049,Pampa Energia,Bajada del Palo,Petroleo negro,2025-11,11878.0,1.7,7911.0,390.7
VM-049,Pampa Energia,Bajada del Palo,Petroleo negro,2025-12,12556.0,1.797,3286.0,413.0
VM-049,Pampa Energia,Bajada del Palo,Petroleo negro,2026-01,11528.0,1.65,2468.0,379.2
VM-049,Pampa Energia,Bajada del Palo,Petroleo negro,2026-02,9904.0,1.417,3720.0,325.8
VM-049,Pampa Energia,Bajada del Palo,Petroleo negro,2026-03,10572.0,1.513,2451.0,347.8
VM-049,Pampa Energia,Bajada del Palo,Petroleo negro,2026-04,9309.0,1.332,4333.0,306.2
VM-049,Pampa Energia,Bajada del Palo,Petroleo negro,2026-05,8498.0,1.216,6686.0,279.5
VM-049,Pampa Energia,Bajada del Palo,Petroleo negro,2026-06,8164.0,1.168,6049.0,268.6
VM-049,Pampa Energia,Bajada del Palo,Petroleo negro,2026-07,8138.0,1.165,5109.0,267.7
VM-049,Pampa Energia,Bajada del Palo,Petroleo negro,2026-08,7999.0,1.145,4838.0,263.1
VM-050,Pan American Energy,Los Toldos,Petroleo volatil,2025-04,28956.0,8.748,21102.0,952.5
VM-050,Pan American Energy,Los Toldos,Petroleo volatil,2025-05,23776.0,7.183,6027.0,782.1
VM-050,Pan American Energy,Los Toldos,Petroleo volatil,2025-06,22729.0,6.866,6014.0,747.7
VM-050,Pan American Energy,Los Toldos,Petroleo volatil,2025-07,21391.0,6.462,16364.0,703.7
VM-050,Pan American Energy,Los Toldos,Petroleo volatil,2025-08,19702.0,5.952,5928.0,648.1
VM-050,Pan American Energy,Los Toldos,Petroleo volatil,2025-09,17435.0,5.267,9051.0,573.5
VM-050,Pan American Energy,Los Toldos,Petroleo volatil,2025-10,17949.0,5.422,12273.0,590.4
VM-050,Pan American Energy,Los Toldos,Petroleo volatil,2025-11,17019.0,5.141,8149.0,559.8
VM-050,Pan American Energy,Los Toldos,Petroleo volatil,2025-12,16435.0,4.965,8621.0,540.6
VM-050,Pan American Energy,Los Toldos,Petroleo volatil,2026-01,15272.0,4.614,3077.0,502.4
VM-050,Pan American Energy,Los Toldos,Petroleo volatil,2026-02,14224.0,4.297,3585.0,467.9
VM-050,Pan American Energy,Los Toldos,Petroleo volatil,2026-03,13109.0,3.96,4991.0,431.2
VM-050,Pan American Energy,Los Toldos,Petroleo volatil,2026-04,13265.0,4.007,3262.0,436.3
VM-050,Pan American Energy,Los Toldos,Petroleo volatil,2026-05,13023.0,3.934,5689.0,428.4
VM-050,Pan American Energy,Los Toldos,Petroleo volatil,2026-06,11724.0,3.542,9067.0,385.7
VM-050,Pan American Energy,Los Toldos,Petroleo volatil,2026-07,12066.0,3.645,4845.0,396.9
VM-050,Pan American Energy,Los Toldos,Petroleo volatil,2026-08,10823.0,3.27,5346.0,356.0
VM-051,Vista Energy,Aguada Pichana,Gas y condensado,2025-09,10066.0,11.204,5106.0,331.1
VM-051,Vista Energy,Aguada Pichana,Gas y condensado,2025-10,8164.0,9.086,2186.0,268.5
VM-051,Vista Energy,Aguada Pichana,Gas y condensado,2025-11,7073.0,7.872,4768.0,232.7
VM-051,Vista Energy,Aguada Pichana,Gas y condensado,2025-12,6220.0,6.922,4905.0,204.6
VM-051,Vista Energy,Aguada Pichana,Gas y condensado,2026-01,6042.0,6.725,2670.0,198.7
VM-051,Vista Energy,Aguada Pichana,Gas y condensado,2026-02,5061.0,5.632,2426.0,166.5
VM-051,Vista Energy,Aguada Pichana,Gas y condensado,2026-03,5121.0,5.7,1390.0,168.5
VM-051,Vista Energy,Aguada Pichana,Gas y condensado,2026-04,4253.0,4.734,1047.0,139.9
VM-051,Vista Energy,Aguada Pichana,Gas y condensado,2026-05,4190.0,4.663,3229.0,137.8
VM-051,Vista Energy,Aguada Pichana,Gas y condensado,2026-06,3789.0,4.217,1435.0,124.6
VM-051,Vista Energy,Aguada Pichana,Gas y condensado,2026-07,3720.0,4.141,2055.0,122.4
VM-051,Vista Energy,Aguada Pichana,Gas y condensado,2026-08,3469.0,3.861,1470.0,114.1
VM-052,Shell,Bajada del Palo,Petroleo negro,2026-07,30394.0,4.349,7354.0,999.8
VM-052,Shell,Bajada del Palo,Petroleo negro,2026-08,27370.0,3.917,12589.0,900.3
VM-053,YPF,El Trapial,Petroleo volatil,2026-07,28905.0,8.732,13913.0,950.8
VM-053,YPF,El Trapial,Petroleo volatil,2026-08,23686.0,7.155,17534.0,779.1
VM-054,YPF,El Trapial,Petroleo volatil,2024-05,20249.0,6.117,11373.0,666.1
VM-054,YPF,El Trapial,Petroleo volatil,2024-06,18122.0,5.475,10919.0,596.1
VM-054,YPF,El Trapial,Petroleo volatil,2024-07,14821.0,4.477,11437.0,487.5
VM-054,YPF,El Trapial,Petroleo volatil,2024-08,13208.0,3.99,3912.0,434.5
VM-054,YPF,El Trapial,Petroleo volatil,2024-09,12927.0,3.905,7105.0,425.2
VM-054,YPF,El Trapial,Petroleo volatil,2024-10,11239.0,3.395,6984.0,369.7
VM-054,YPF,El Trapial,Petroleo volatil,2024-11,10253.0,3.097,4973.0,337.3
VM-054,YPF,El Trapial,Petroleo volatil,2024-12,10803.0,3.264,7968.0,355.4
VM-054,YPF,El Trapial,Petroleo volatil,2025-01,9707.0,2.932,6561.0,319.3
VM-054,YPF,El Trapial,Petroleo volatil,2025-02,9253.0,2.795,3145.0,304.4
VM-054,YPF,El Trapial,Petroleo volatil,2025-03,9018.0,2.724,5110.0,296.6
VM-054,YPF,El Trapial,Petroleo volatil,2025-04,8289.0,2.504,6398.0,272.7
VM-054,YPF,El Trapial,Petroleo volatil,2025-05,7879.0,2.38,3116.0,259.2
VM-054,YPF,El Trapial,Petroleo volatil,2025-06,7404.0,2.237,3949.0,243.6
VM-054,YPF,El Trapial,Petroleo volatil,2025-07,7562.0,2.284,5334.0,248.8
VM-054,YPF,El Trapial,Petroleo volatil,2025-08,6817.0,2.06,3362.0,224.3
VM-054,YPF,El Trapial,Petroleo volatil,2025-09,6248.0,1.888,3645.0,205.5
VM-054,YPF,El Trapial,Petroleo volatil,2025-10,6713.0,2.028,2139.0,220.8
VM-054,YPF,El Trapial,Petroleo volatil,2025-11,6348.0,1.918,1803.0,208.8
VM-054,YPF,El Trapial,Petroleo volatil,2025-12,6321.0,1.909,4034.0,207.9
VM-054,YPF,El Trapial,Petroleo volatil,2026-01,6209.0,1.876,2300.0,204.2
VM-054,YPF,El Trapial,Petroleo volatil,2026-02,5422.0,1.638,2941.0,178.4
VM-054,YPF,El Trapial,Petroleo volatil,2026-03,5184.0,1.566,3591.0,170.5
VM-054,YPF,El Trapial,Petroleo volatil,2026-04,5156.0,1.558,1444.0,169.6
VM-054,YPF,El Trapial,Petroleo volatil,2026-05,4982.0,1.505,3099.0,163.9
VM-054,YPF,El Trapial,Petroleo volatil,2026-06,4787.0,1.446,2168.0,157.5
VM-054,YPF,El Trapial,Petroleo volatil,2026-07,4764.0,1.439,3184.0,156.7
VM-054,YPF,El Trapial,Petroleo volatil,2026-08,4565.0,1.379,1451.0,150.2
VM-055,Total Austral,Fortin de Piedra,Gas y condensado,2024-06,6595.0,7.341,3360.0,217.0
VM-055,Total Austral,Fortin de Piedra,Gas y condensado,2024-07,5463.0,6.081,4338.0,179.7
VM-055,Total Austral,Fortin de Piedra,Gas y condensado,2024-08,5203.0,5.791,2350.0,171.2
VM-055,Total Austral,Fortin de Piedra,Gas y condensado,2024-09,5067.0,5.639,2510.0,166.7
VM-055,Total Austral,Fortin de Piedra,Gas y condensado,2024-10,4773.0,5.313,2489.0,157.0
VM-055,Total Austral,Fortin de Piedra,Gas y condensado,2024-11,4119.0,4.585,2148.0,135.5
VM-055,Total Austral,Fortin de Piedra,Gas y condensado,2024-12,4208.0,4.683,1549.0,138.4
VM-055,Total Austral,Fortin de Piedra,Gas y condensado,2025-01,3866.0,4.303,2118.0,127.2
VM-055,Total Austral,Fortin de Piedra,Gas y condensado,2025-02,3693.0,4.111,1536.0,121.5
VM-055,Total Austral,Fortin de Piedra,Gas y condensado,2025-03,3288.0,3.66,1969.0,108.2
VM-055,Total Austral,Fortin de Piedra,Gas y condensado,2025-04,3419.0,3.805,1651.0,112.5
VM-055,Total Austral,Fortin de Piedra,Gas y condensado,2025-05,2958.0,3.292,2018.0,97.3
VM-055,Total Austral,Fortin de Piedra,Gas y condensado,2025-06,2998.0,3.336,1827.0,98.6
VM-055,Total Austral,Fortin de Piedra,Gas y condensado,2025-07,2706.0,3.012,1816.0,89.0
VM-055,Total Austral,Fortin de Piedra,Gas y condensado,2025-08,2708.0,3.014,1987.0,89.1
VM-055,Total Austral,Fortin de Piedra,Gas y condensado,2025-09,2562.0,2.852,522.0,84.3
VM-055,Total Austral,Fortin de Piedra,Gas y condensado,2025-10,2498.0,2.78,1585.0,82.2
VM-055,Total Austral,Fortin de Piedra,Gas y condensado,2025-11,2553.0,2.841,1809.0,84.0
VM-055,Total Austral,Fortin de Piedra,Gas y condensado,2025-12,2299.0,2.559,1279.0,75.6
VM-055,Total Austral,Fortin de Piedra,Gas y condensado,2026-01,2183.0,2.43,731.0,71.8
VM-055,Total Austral,Fortin de Piedra,Gas y condensado,2026-02,2109.0,2.347,1217.0,69.4
VM-055,Total Austral,Fortin de Piedra,Gas y condensado,2026-03,2307.0,2.568,1294.0,75.9
VM-055,Total Austral,Fortin de Piedra,Gas y condensado,2026-04,2155.0,2.399,1600.0,70.9
VM-055,Total Austral,Fortin de Piedra,Gas y condensado,2026-05,2018.0,2.246,1078.0,66.4
VM-055,Total Austral,Fortin de Piedra,Gas y condensado,2026-06,2100.0,2.337,665.0,69.1
VM-055,Total Austral,Fortin de Piedra,Gas y condensado,2026-07,2017.0,2.244,497.0,66.3
VM-055,Total Austral,Fortin de Piedra,Gas y condensado,2026-08,1877.0,2.089,584.0,61.7
VM-056,Vista Energy,Bandurria Sur,Petroleo negro,2025-12,39417.0,5.641,12716.0,1296.6
VM-056,Vista Energy,Bandurria Sur,Petroleo negro,2026-01,33025.0,4.726,15413.0,1086.4
VM-056,Vista Energy,Bandurria Sur,Petroleo negro,2026-02,31103.0,4.451,19918.0,1023.1
VM-056,Vista Energy,Bandurria Sur,Petroleo negro,2026-03,26742.0,3.827,15548.0,879.7
VM-056,Vista Energy,Bandurria Sur,Petroleo negro,2026-04,24636.0,3.525,12106.0,810.4
VM-056,Vista Energy,Bandurria Sur,Petroleo negro,2026-05,22687.0,3.247,16937.0,746.3
VM-056,Vista Energy,Bandurria Sur,Petroleo negro,2026-06,22585.0,3.232,10983.0,742.9
VM-056,Vista Energy,Bandurria Sur,Petroleo negro,2026-07,19892.0,2.847,13368.0,654.3
VM-056,Vista Energy,Bandurria Sur,Petroleo negro,2026-08,19239.0,2.753,9276.0,632.8
VM-057,Vista Energy,Aguada Pichana,Gas y condensado,2024-09,9592.0,10.675,6473.0,315.5
VM-057,Vista Energy,Aguada Pichana,Gas y condensado,2024-10,7985.0,8.887,1888.0,262.7
VM-057,Vista Energy,Aguada Pichana,Gas y condensado,2024-11,7720.0,8.592,2726.0,253.9
VM-057,Vista Energy,Aguada Pichana,Gas y condensado,2024-12,6120.0,6.811,3500.0,201.3
VM-057,Vista Energy,Aguada Pichana,Gas y condensado,2025-01,6299.0,7.011,1592.0,207.2
VM-057,Vista Energy,Aguada Pichana,Gas y condensado,2025-02,5179.0,5.764,3140.0,170.4
VM-057,Vista Energy,Aguada Pichana,Gas y condensado,2025-03,5201.0,5.789,1848.0,171.1
VM-057,Vista Energy,Aguada Pichana,Gas y condensado,2025-04,4664.0,5.191,3080.0,153.4
VM-057,Vista Energy,Aguada Pichana,Gas y condensado,2025-05,4237.0,4.716,1459.0,139.4
VM-057,Vista Energy,Aguada Pichana,Gas y condensado,2025-06,4213.0,4.689,2800.0,138.6
VM-057,Vista Energy,Aguada Pichana,Gas y condensado,2025-07,3973.0,4.422,924.0,130.7
VM-057,Vista Energy,Aguada Pichana,Gas y condensado,2025-08,4018.0,4.472,2463.0,132.2
VM-057,Vista Energy,Aguada Pichana,Gas y condensado,2025-09,3519.0,3.917,2241.0,115.8
VM-057,Vista Energy,Aguada Pichana,Gas y condensado,2025-10,3618.0,4.027,1522.0,119.0
VM-057,Vista Energy,Aguada Pichana,Gas y condensado,2025-11,3453.0,3.843,1732.0,113.6
VM-057,Vista Energy,Aguada Pichana,Gas y condensado,2025-12,3421.0,3.808,2637.0,112.5
VM-057,Vista Energy,Aguada Pichana,Gas y condensado,2026-01,3097.0,3.447,787.0,101.9
VM-057,Vista Energy,Aguada Pichana,Gas y condensado,2026-02,3001.0,3.34,1680.0,98.7
VM-057,Vista Energy,Aguada Pichana,Gas y condensado,2026-03,2858.0,3.181,837.0,94.0
VM-057,Vista Energy,Aguada Pichana,Gas y condensado,2026-04,2750.0,3.061,1950.0,90.5
VM-057,Vista Energy,Aguada Pichana,Gas y condensado,2026-05,2862.0,3.186,788.0,94.2
VM-057,Vista Energy,Aguada Pichana,Gas y condensado,2026-06,2623.0,2.919,951.0,86.3
VM-057,Vista Energy,Aguada Pichana,Gas y condensado,2026-07,2480.0,2.761,1745.0,81.6
VM-057,Vista Energy,Aguada Pichana,Gas y condensado,2026-08,2477.0,2.757,1335.0,81.5
VM-058,YPF,Fortin de Piedra,Gas y condensado,2025-05,7953.0,8.852,1925.0,261.6
VM-058,YPF,Fortin de Piedra,Gas y condensado,2025-06,6785.0,7.552,4185.0,223.2
VM-058,YPF,Fortin de Piedra,Gas y condensado,2025-07,6685.0,7.44,3311.0,219.9
VM-058,YPF,Fortin de Piedra,Gas y condensado,2025-08,5716.0,6.362,2311.0,188.0
VM-058,YPF,Fortin de Piedra,Gas y condensado,2025-09,5498.0,6.119,1812.0,180.9
VM-058,YPF,Fortin de Piedra,Gas y condensado,2025-10,5121.0,5.7,3604.0,168.5
VM-058,YPF,Fortin de Piedra,Gas y condensado,2025-11,4485.0,4.991,3402.0,147.5
VM-058,YPF,Fortin de Piedra,Gas y condensado,2025-12,4377.0,4.872,3443.0,144.0
VM-058,YPF,Fortin de Piedra,Gas y condensado,2026-01,4353.0,4.845,1038.0,143.2
VM-058,YPF,Fortin de Piedra,Gas y condensado,2026-02,3929.0,4.373,1359.0,129.2
VM-058,YPF,Fortin de Piedra,Gas y condensado,2026-03,3665.0,4.079,2689.0,120.6
VM-058,YPF,Fortin de Piedra,Gas y condensado,2026-04,3380.0,3.762,2000.0,111.2
VM-058,YPF,Fortin de Piedra,Gas y condensado,2026-05,3291.0,3.663,1029.0,108.2
VM-058,YPF,Fortin de Piedra,Gas y condensado,2026-06,3016.0,3.357,1130.0,99.2
VM-058,YPF,Fortin de Piedra,Gas y condensado,2026-07,2889.0,3.215,1899.0,95.0
VM-058,YPF,Fortin de Piedra,Gas y condensado,2026-08,2619.0,2.915,1393.0,86.2
VM-059,YPF,Aguada Federal,Gas y condensado,2025-06,9247.0,10.292,3985.0,304.2
VM-059,YPF,Aguada Federal,Gas y condensado,2025-07,8663.0,9.642,3553.0,285.0
VM-059,YPF,Aguada Federal,Gas y condensado,2025-08,7787.0,8.667,1888.0,256.1
VM-059,YPF,Aguada Federal,Gas y condensado,2025-09,6755.0,7.519,1793.0,222.2
VM-059,YPF,Aguada Federal,Gas y condensado,2025-10,6561.0,7.302,3928.0,215.8
VM-059,YPF,Aguada Federal,Gas y condensado,2025-11,5549.0,6.176,2350.0,182.5
VM-059,YPF,Aguada Federal,Gas y condensado,2025-12,5091.0,5.666,3722.0,167.5
VM-059,YPF,Aguada Federal,Gas y condensado,2026-01,5289.0,5.887,3890.0,174.0
VM-059,YPF,Aguada Federal,Gas y condensado,2026-02,4768.0,5.307,1710.0,156.8
VM-059,YPF,Aguada Federal,Gas y condensado,2026-03,4392.0,4.889,2631.0,144.5
VM-059,YPF,Aguada Federal,Gas y condensado,2026-04,4127.0,4.594,969.0,135.8
VM-059,YPF,Aguada Federal,Gas y condensado,2026-05,3961.0,4.409,1000.0,130.3
VM-059,YPF,Aguada Federal,Gas y condensado,2026-06,3607.0,4.015,2490.0,118.7
VM-059,YPF,Aguada Federal,Gas y condensado,2026-07,3620.0,4.03,2455.0,119.1
VM-059,YPF,Aguada Federal,Gas y condensado,2026-08,3483.0,3.876,2071.0,114.6
VM-060,Pampa Energia,Bajada del Palo,Petroleo negro,2026-03,30204.0,4.322,18875.0,993.6
VM-060,Pampa Energia,Bajada del Palo,Petroleo negro,2026-04,26401.0,3.778,5568.0,868.4
VM-060,Pampa Energia,Bajada del Palo,Petroleo negro,2026-05,24627.0,3.524,7240.0,810.1
VM-060,Pampa Energia,Bajada del Palo,Petroleo negro,2026-06,23698.0,3.391,8801.0,779.5
VM-060,Pampa Energia,Bajada del Palo,Petroleo negro,2026-07,19936.0,2.853,13264.0,655.8
VM-060,Pampa Energia,Bajada del Palo,Petroleo negro,2026-08,21078.0,3.016,13207.0,693.3
VM-061,Tecpetrol,Loma Campana,Petroleo negro,2025-07,36606.0,5.238,24520.0,1204.1
VM-061,Tecpetrol,Loma Campana,Petroleo negro,2025-08,31972.0,4.575,19305.0,1051.7
VM-061,Tecpetrol,Loma Campana,Petroleo negro,2025-09,27876.0,3.989,18879.0,917.0
VM-061,Tecpetrol,Loma Campana,Petroleo negro,2025-10,22809.0,3.264,8940.0,750.3
VM-061,Tecpetrol,Loma Campana,Petroleo negro,2025-11,22232.0,3.181,8734.0,731.3
VM-061,Tecpetrol,Loma Campana,Petroleo negro,2025-12,21054.0,3.013,4896.0,692.6
VM-061,Tecpetrol,Loma Campana,Petroleo negro,2026-01,17467.0,2.499,6928.0,574.6
VM-061,Tecpetrol,Loma Campana,Petroleo negro,2026-02,16691.0,2.388,11677.0,549.0
VM-061,Tecpetrol,Loma Campana,Petroleo negro,2026-03,14807.0,2.119,10310.0,487.1
VM-061,Tecpetrol,Loma Campana,Petroleo negro,2026-04,15835.0,2.266,3638.0,520.9
VM-061,Tecpetrol,Loma Campana,Petroleo negro,2026-05,14822.0,2.121,8836.0,487.6
VM-061,Tecpetrol,Loma Campana,Petroleo negro,2026-06,12452.0,1.782,8701.0,409.6
VM-061,Tecpetrol,Loma Campana,Petroleo negro,2026-07,11742.0,1.68,5054.0,386.3
VM-061,Tecpetrol,Loma Campana,Petroleo negro,2026-08,11321.0,1.62,4875.0,372.4
VM-062,Tecpetrol,Bajada del Palo,Petroleo negro,2026-05,31377.0,4.49,13409.0,1032.1
VM-062,Tecpetrol,Bajada del Palo,Petroleo negro,2026-06,29799.0,4.264,14260.0,980.2
VM-062,Tecpetrol,Bajada del Palo,Petroleo negro,2026-07,26790.0,3.834,19717.0,881.3
VM-062,Tecpetrol,Bajada del Palo,Petroleo negro,2026-08,25611.0,3.665,6856.0,842.5
VM-063,ExxonMobil,Aguada Federal,Gas y condensado,2025-10,9326.0,10.38,6320.0,306.8
VM-063,ExxonMobil,Aguada Federal,Gas y condensado,2025-11,8393.0,9.342,3657.0,276.1
VM-063,ExxonMobil,Aguada Federal,Gas y condensado,2025-12,7542.0,8.394,4028.0,248.1
VM-063,ExxonMobil,Aguada Federal,Gas y condensado,2026-01,6452.0,7.181,3258.0,212.2
VM-063,ExxonMobil,Aguada Federal,Gas y condensado,2026-02,5891.0,6.556,3617.0,193.8
VM-063,ExxonMobil,Aguada Federal,Gas y condensado,2026-03,5561.0,6.19,4042.0,182.9
VM-063,ExxonMobil,Aguada Federal,Gas y condensado,2026-04,5154.0,5.737,1193.0,169.6
VM-063,ExxonMobil,Aguada Federal,Gas y condensado,2026-05,4635.0,5.159,2075.0,152.5
VM-063,ExxonMobil,Aguada Federal,Gas y condensado,2026-06,4583.0,5.101,3154.0,150.8
VM-063,ExxonMobil,Aguada Federal,Gas y condensado,2026-07,4423.0,4.923,1334.0,145.5
VM-063,ExxonMobil,Aguada Federal,Gas y condensado,2026-08,4045.0,4.502,2110.0,133.1
VM-064,YPF,Bajada del Palo,Petroleo negro,2024-12,38865.0,5.562,24302.0,1278.4
VM-064,YPF,Bajada del Palo,Petroleo negro,2025-01,33067.0,4.732,11683.0,1087.7
VM-064,YPF,Bajada del Palo,Petroleo negro,2025-02,29013.0,4.152,10074.0,954.4
VM-064,YPF,Bajada del Palo,Petroleo negro,2025-03,24261.0,3.472,15895.0,798.0
VM-064,YPF,Bajada del Palo,Petroleo negro,2025-04,23993.0,3.433,19026.0,789.2
VM-064,YPF,Bajada del Palo,Petroleo negro,2025-05,22322.0,3.194,7848.0,734.3
VM-064,YPF,Bajada del Palo,Petroleo negro,2025-06,18642.0,2.668,8542.0,613.2
VM-064,YPF,Bajada del Palo,Petroleo negro,2025-07,18170.0,2.6,9256.0,597.7
VM-064,YPF,Bajada del Palo,Petroleo negro,2025-08,17094.0,2.446,3911.0,562.3
VM-064,YPF,Bajada del Palo,Petroleo negro,2025-09,15377.0,2.2,6384.0,505.8
VM-064,YPF,Bajada del Palo,Petroleo negro,2025-10,15647.0,2.239,4777.0,514.7
VM-064,YPF,Bajada del Palo,Petroleo negro,2025-11,13989.0,2.002,4745.0,460.2
VM-064,YPF,Bajada del Palo,Petroleo negro,2025-12,14395.0,2.06,9479.0,473.5
VM-064,YPF,Bajada del Palo,Petroleo negro,2026-01,13250.0,1.896,3083.0,435.8
VM-064,YPF,Bajada del Palo,Petroleo negro,2026-02,13467.0,1.927,9714.0,443.0
VM-064,YPF,Bajada del Palo,Petroleo negro,2026-03,11813.0,1.69,2425.0,388.6
VM-064,YPF,Bajada del Palo,Petroleo negro,2026-04,11649.0,1.667,3505.0,383.2
VM-064,YPF,Bajada del Palo,Petroleo negro,2026-05,11025.0,1.578,4851.0,362.7
VM-064,YPF,Bajada del Palo,Petroleo negro,2026-06,10516.0,1.505,7866.0,345.9
VM-064,YPF,Bajada del Palo,Petroleo negro,2026-07,10258.0,1.468,2742.0,337.4
VM-064,YPF,Bajada del Palo,Petroleo negro,2026-08,10172.0,1.456,7455.0,334.6
VM-065,YPF,El Trapial,Petroleo volatil,2024-11,39292.0,11.87,19824.0,1292.5
VM-065,YPF,El Trapial,Petroleo volatil,2024-12,34994.0,10.572,21183.0,1151.1
VM-065,YPF,El Trapial,Petroleo volatil,2025-01,30894.0,9.333,10908.0,1016.3
VM-065,YPF,El Trapial,Petroleo volatil,2025-02,30575.0,9.237,21220.0,1005.8
VM-065,YPF,El Trapial,Petroleo volatil,2025-03,27063.0,8.176,16068.0,890.2
VM-065,YPF,El Trapial,Petroleo volatil,2025-04,25814.0,7.798,6048.0,849.1
VM-065,YPF,El Trapial,Petroleo volatil,2025-05,22488.0,6.794,12903.0,739.7
VM-065,YPF,El Trapial,Petroleo volatil,2025-06,20158.0,6.09,16072.0,663.1
VM-065,YPF,El Trapial,Petroleo volatil,2025-07,20565.0,6.213,13480.0,676.5
VM-065,YPF,El Trapial,Petroleo volatil,2025-08,20213.0,6.106,11054.0,664.9
VM-065,YPF,El Trapial,Petroleo volatil,2025-09,19076.0,5.763,8084.0,627.5
VM-065,YPF,El Trapial,Petroleo volatil,2025-10,18210.0,5.501,9185.0,599.0
VM-065,YPF,El Trapial,Petroleo volatil,2025-11,17078.0,5.159,6199.0,561.8
VM-065,YPF,El Trapial,Petroleo volatil,2025-12,15714.0,4.747,8388.0,516.9
VM-065,YPF,El Trapial,Petroleo volatil,2026-01,15184.0,4.587,11450.0,499.5
VM-065,YPF,El Trapial,Petroleo volatil,2026-02,14502.0,4.381,10523.0,477.0
VM-065,YPF,El Trapial,Petroleo volatil,2026-03,13310.0,4.021,4343.0,437.8
VM-065,YPF,El Trapial,Petroleo volatil,2026-04,12985.0,3.923,4022.0,427.1
VM-065,YPF,El Trapial,Petroleo volatil,2026-05,13323.0,4.025,3479.0,438.3
VM-065,YPF,El Trapial,Petroleo volatil,2026-06,13070.0,3.948,9449.0,429.9
VM-065,YPF,El Trapial,Petroleo volatil,2026-07,13116.0,3.962,3060.0,431.4
VM-065,YPF,El Trapial,Petroleo volatil,2026-08,11605.0,3.506,5391.0,381.7
VM-066,Pampa Energia,Aguada Federal,Gas y condensado,2024-03,9265.0,10.312,5599.0,304.8
VM-066,Pampa Energia,Aguada Federal,Gas y condensado,2024-04,8653.0,9.631,3947.0,284.6
VM-066,Pampa Energia,Aguada Federal,Gas y condensado,2024-05,7410.0,8.248,1789.0,243.8
VM-066,Pampa Energia,Aguada Federal,Gas y condensado,2024-06,7445.0,8.287,4162.0,244.9
VM-066,Pampa Energia,Aguada Federal,Gas y condensado,2024-07,6346.0,7.063,4621.0,208.8
VM-066,Pampa Energia,Aguada Federal,Gas y condensado,2024-08,5685.0,6.327,2494.0,187.0
VM-066,Pampa Energia,Aguada Federal,Gas y condensado,2024-09,5270.0,5.865,3563.0,173.3
VM-066,Pampa Energia,Aguada Federal,Gas y condensado,2024-10,5542.0,6.169,2055.0,182.3
VM-066,Pampa Energia,Aguada Federal,Gas y condensado,2024-11,5184.0,5.769,3997.0,170.5
VM-066,Pampa Energia,Aguada Federal,Gas y condensado,2024-12,4524.0,5.036,3527.0,148.8
VM-066,Pampa Energia,Aguada Federal,Gas y condensado,2025-01,4369.0,4.862,2730.0,143.7
VM-066,Pampa Energia,Aguada Federal,Gas y condensado,2025-02,4288.0,4.772,1757.0,141.1
VM-066,Pampa Energia,Aguada Federal,Gas y condensado,2025-03,4140.0,4.607,829.0,136.2
VM-066,Pampa Energia,Aguada Federal,Gas y condensado,2025-04,3916.0,4.359,1957.0,128.8
VM-066,Pampa Energia,Aguada Federal,Gas y condensado,2025-05,3835.0,4.268,2528.0,126.1
VM-066,Pampa Energia,Aguada Federal,Gas y condensado,2025-06,3819.0,4.25,2601.0,125.6
VM-066,Pampa Energia,Aguada Federal,Gas y condensado,2025-07,3681.0,4.097,1565.0,121.1
VM-066,Pampa Energia,Aguada Federal,Gas y condensado,2025-08,3196.0,3.557,1886.0,105.1
VM-066,Pampa Energia,Aguada Federal,Gas y condensado,2025-09,3066.0,3.413,2369.0,100.9
VM-066,Pampa Energia,Aguada Federal,Gas y condensado,2025-10,3167.0,3.525,1121.0,104.2
VM-066,Pampa Energia,Aguada Federal,Gas y condensado,2025-11,2879.0,3.205,2032.0,94.7
VM-066,Pampa Energia,Aguada Federal,Gas y condensado,2025-12,3135.0,3.489,879.0,103.1
VM-066,Pampa Energia,Aguada Federal,Gas y condensado,2026-01,3024.0,3.366,763.0,99.5
VM-066,Pampa Energia,Aguada Federal,Gas y condensado,2026-02,2915.0,3.244,1515.0,95.9
VM-066,Pampa Energia,Aguada Federal,Gas y condensado,2026-03,2820.0,3.139,796.0,92.8
VM-066,Pampa Energia,Aguada Federal,Gas y condensado,2026-04,2809.0,3.126,1888.0,92.4
VM-066,Pampa Energia,Aguada Federal,Gas y condensado,2026-05,2760.0,3.072,1219.0,90.8
VM-066,Pampa Energia,Aguada Federal,Gas y condensado,2026-06,2487.0,2.768,1318.0,81.8
VM-066,Pampa Energia,Aguada Federal,Gas y condensado,2026-07,2587.0,2.879,1698.0,85.1
VM-066,Pampa Energia,Aguada Federal,Gas y condensado,2026-08,2445.0,2.721,1382.0,80.4
VM-067,Total Austral,Bajada del Palo,Petroleo negro,2025-05,37103.0,5.309,20588.0,1220.5
VM-067,Total Austral,Bajada del Palo,Petroleo negro,2025-06,34011.0,4.867,13117.0,1118.8
VM-067,Total Austral,Bajada del Palo,Petroleo negro,2025-07,29119.0,4.167,10869.0,957.9
VM-067,Total Austral,Bajada del Palo,Petroleo negro,2025-08,29064.0,4.159,22702.0,956.0
VM-067,Total Austral,Bajada del Palo,Petroleo negro,2025-09,25287.0,3.619,14985.0,831.8
VM-067,Total Austral,Bajada del Palo,Petroleo negro,2025-10,24522.0,3.509,17858.0,806.7
VM-067,Total Austral,Bajada del Palo,Petroleo negro,2025-11,21217.0,3.036,12161.0,697.9
VM-067,Total Austral,Bajada del Palo,Petroleo negro,2025-12,22569.0,3.23,17581.0,742.4
VM-067,Total Austral,Bajada del Palo,Petroleo negro,2026-01,20063.0,2.871,9810.0,660.0
VM-067,Total Austral,Bajada del Palo,Petroleo negro,2026-02,20183.0,2.888,15356.0,663.9
VM-067,Total Austral,Bajada del Palo,Petroleo negro,2026-03,17661.0,2.527,12941.0,580.9
VM-067,Total Austral,Bajada del Palo,Petroleo negro,2026-04,16568.0,2.371,3825.0,545.0
VM-067,Total Austral,Bajada del Palo,Petroleo negro,2026-05,15641.0,2.238,3833.0,514.5
VM-067,Total Austral,Bajada del Palo,Petroleo negro,2026-06,15133.0,2.166,5158.0,497.8
VM-067,Total Austral,Bajada del Palo,Petroleo negro,2026-07,14945.0,2.139,11682.0,491.6
VM-067,Total Austral,Bajada del Palo,Petroleo negro,2026-08,15442.0,2.21,4048.0,508.0
VM-068,Vista Energy,Bandurria Sur,Petroleo negro,2024-06,31624.0,4.525,19482.0,1040.3
VM-068,Vista Energy,Bandurria Sur,Petroleo negro,2024-07,29489.0,4.22,13787.0,970.0
VM-068,Vista Energy,Bandurria Sur,Petroleo negro,2024-08,25650.0,3.671,16609.0,843.8
VM-068,Vista Energy,Bandurria Sur,Petroleo negro,2024-09,23319.0,3.337,14733.0,767.1
VM-068,Vista Energy,Bandurria Sur,Petroleo negro,2024-10,19763.0,2.828,5143.0,650.1
VM-068,Vista Energy,Bandurria Sur,Petroleo negro,2024-11,18563.0,2.656,10311.0,610.6
VM-068,Vista Energy,Bandurria Sur,Petroleo negro,2024-12,18092.0,2.589,13050.0,595.1
VM-068,Vista Energy,Bandurria Sur,Petroleo negro,2025-01,17464.0,2.499,11959.0,574.5
VM-068,Vista Energy,Bandurria Sur,Petroleo negro,2025-02,15054.0,2.154,3543.0,495.2
VM-068,Vista Energy,Bandurria Sur,Petroleo negro,2025-03,15187.0,2.173,11518.0,499.6
VM-068,Vista Energy,Bandurria Sur,Petroleo negro,2025-04,12619.0,1.806,2553.0,415.1
VM-068,Vista Energy,Bandurria Sur,Petroleo negro,2025-05,12151.0,1.739,5060.0,399.7
VM-068,Vista Energy,Bandurria Sur,Petroleo negro,2025-06,12360.0,1.769,5855.0,406.6
VM-068,Vista Energy,Bandurria Sur,Petroleo negro,2025-07,11631.0,1.664,8005.0,382.6
VM-068,Vista Energy,Bandurria Sur,Petroleo negro,2025-08,10306.0,1.475,3978.0,339.0
VM-068,Vista Energy,Bandurria Sur,Petroleo negro,2025-09,10946.0,1.566,5742.0,360.1
VM-068,Vista Energy,Bandurria Sur,Petroleo negro,2025-10,9779.0,1.399,5190.0,321.7
VM-068,Vista Energy,Bandurria Sur,Petroleo negro,2025-11,9411.0,1.347,5974.0,309.6
VM-068,Vista Energy,Bandurria Sur,Petroleo negro,2025-12,9408.0,1.346,5405.0,309.5
VM-068,Vista Energy,Bandurria Sur,Petroleo negro,2026-01,8729.0,1.249,4775.0,287.1
VM-068,Vista Energy,Bandurria Sur,Petroleo negro,2026-02,7926.0,1.134,5219.0,260.7
VM-068,Vista Energy,Bandurria Sur,Petroleo negro,2026-03,7573.0,1.084,2685.0,249.1
VM-068,Vista Energy,Bandurria Sur,Petroleo negro,2026-04,7439.0,1.065,3830.0,244.7
VM-068,Vista Energy,Bandurria Sur,Petroleo negro,2026-05,7660.0,1.096,3170.0,252.0
VM-068,Vista Energy,Bandurria Sur,Petroleo negro,2026-06,7176.0,1.027,3309.0,236.1
VM-068,Vista Energy,Bandurria Sur,Petroleo negro,2026-07,6781.0,0.97,5288.0,223.0
VM-068,Vista Energy,Bandurria Sur,Petroleo negro,2026-08,6742.0,0.965,1420.0,221.8
VM-069,YPF,Rincon La Ceniza,Petroleo volatil,2025-12,23324.0,7.046,11678.0,767.2
VM-069,YPF,Rincon La Ceniza,Petroleo volatil,2026-01,21035.0,6.355,5779.0,691.9
VM-069,YPF,Rincon La Ceniza,Petroleo volatil,2026-02,19026.0,5.748,11286.0,625.8
VM-069,YPF,Rincon La Ceniza,Petroleo volatil,2026-03,16657.0,5.032,8303.0,547.9
VM-069,YPF,Rincon La Ceniza,Petroleo volatil,2026-04,16144.0,4.877,11334.0,531.0
VM-069,YPF,Rincon La Ceniza,Petroleo volatil,2026-05,14175.0,4.282,6026.0,466.3
VM-069,YPF,Rincon La Ceniza,Petroleo volatil,2026-06,13049.0,3.942,6351.0,429.2
VM-069,YPF,Rincon La Ceniza,Petroleo volatil,2026-07,11943.0,3.608,4062.0,392.9
VM-069,YPF,Rincon La Ceniza,Petroleo volatil,2026-08,12115.0,3.66,8029.0,398.5
VM-070,Vista Energy,La Amarga Chica,Petroleo negro,2026-06,36243.0,5.186,10690.0,1192.2
VM-070,Vista Energy,La Amarga Chica,Petroleo negro,2026-07,29423.0,4.21,9148.0,967.8
VM-070,Vista Energy,La Amarga Chica,Petroleo negro,2026-08,27589.0,3.948,10514.0,907.5
VM-071,YPF,La Amarga Chica,Petroleo negro,2024-04,20210.0,2.892,4859.0,664.8
VM-071,YPF,La Amarga Chica,Petroleo negro,2024-05,19357.0,2.77,14698.0,636.7
VM-071,YPF,La Amarga Chica,Petroleo negro,2024-06,16107.0,2.305,7958.0,529.8
VM-071,YPF,La Amarga Chica,Petroleo negro,2024-07,16221.0,2.321,11703.0,533.6
VM-071,YPF,La Amarga Chica,Petroleo negro,2024-08,14150.0,2.025,3337.0,465.4
VM-071,YPF,La Amarga Chica,Petroleo negro,2024-09,13976.0,2.0,8746.0,459.7
VM-071,YPF,La Amarga Chica,Petroleo negro,2024-10,12449.0,1.782,9832.0,409.5
VM-071,YPF,La Amarga Chica,Petroleo negro,2024-11,12261.0,1.755,6648.0,403.3
VM-071,YPF,La Amarga Chica,Petroleo negro,2024-12,11398.0,1.631,2826.0,374.9
VM-071,YPF,La Amarga Chica,Petroleo negro,2025-01,11372.0,1.627,9028.0,374.1
VM-071,YPF,La Amarga Chica,Petroleo negro,2025-02,9696.0,1.387,6411.0,318.9
VM-071,YPF,La Amarga Chica,Petroleo negro,2025-03,9822.0,1.405,4287.0,323.1
VM-071,YPF,La Amarga Chica,Petroleo negro,2025-04,9416.0,1.347,2568.0,309.7
VM-071,YPF,La Amarga Chica,Petroleo negro,2025-05,8732.0,1.25,3493.0,287.2
VM-071,YPF,La Amarga Chica,Petroleo negro,2025-06,8791.0,1.258,4542.0,289.2
VM-071,YPF,La Amarga Chica,Petroleo negro,2025-07,7708.0,1.103,2875.0,253.6
VM-071,YPF,La Amarga Chica,Petroleo negro,2025-08,7834.0,1.121,3274.0,257.7
VM-071,YPF,La Amarga Chica,Petroleo negro,2025-09,8002.0,1.145,5579.0,263.2
VM-071,YPF,La Amarga Chica,Petroleo negro,2025-10,7913.0,1.132,6049.0,260.3
VM-071,YPF,La Amarga Chica,Petroleo negro,2025-11,7197.0,1.03,3851.0,236.7
VM-071,YPF,La Amarga Chica,Petroleo negro,2025-12,7092.0,1.015,3577.0,233.3
VM-071,YPF,La Amarga Chica,Petroleo negro,2026-01,6348.0,0.908,1691.0,208.8
VM-071,YPF,La Amarga Chica,Petroleo negro,2026-02,6870.0,0.983,4477.0,226.0
VM-071,YPF,La Amarga Chica,Petroleo negro,2026-03,6247.0,0.894,1990.0,205.5
VM-071,YPF,La Amarga Chica,Petroleo negro,2026-04,6308.0,0.903,4471.0,207.5
VM-071,YPF,La Amarga Chica,Petroleo negro,2026-05,5709.0,0.817,3375.0,187.8
VM-071,YPF,La Amarga Chica,Petroleo negro,2026-06,5710.0,0.817,2019.0,187.8
VM-071,YPF,La Amarga Chica,Petroleo negro,2026-07,5748.0,0.823,1714.0,189.1
VM-071,YPF,La Amarga Chica,Petroleo negro,2026-08,5854.0,0.838,1508.0,192.6
VM-072,Pan American Energy,Bandurria Sur,Petroleo negro,2025-07,27646.0,3.956,16615.0,909.4
VM-072,Pan American Energy,Bandurria Sur,Petroleo negro,2025-08,25641.0,3.669,13641.0,843.5
VM-072,Pan American Energy,Bandurria Sur,Petroleo negro,2025-09,20864.0,2.986,14294.0,686.3
VM-072,Pan American Energy,Bandurria Sur,Petroleo negro,2025-10,21195.0,3.033,4622.0,697.2
VM-072,Pan American Energy,Bandurria Sur,Petroleo negro,2025-11,19343.0,2.768,11081.0,636.3
VM-072,Pan American Energy,Bandurria Sur,Petroleo negro,2025-12,17088.0,2.445,7399.0,562.1
VM-072,Pan American Energy,Bandurria Sur,Petroleo negro,2026-01,14903.0,2.133,8350.0,490.2
VM-072,Pan American Energy,Bandurria Sur,Petroleo negro,2026-02,15378.0,2.201,3299.0,505.9
VM-072,Pan American Energy,Bandurria Sur,Petroleo negro,2026-03,13779.0,1.972,8027.0,453.3
VM-072,Pan American Energy,Bandurria Sur,Petroleo negro,2026-04,13621.0,1.949,2847.0,448.1
VM-072,Pan American Energy,Bandurria Sur,Petroleo negro,2026-05,11928.0,1.707,3294.0,392.4
VM-072,Pan American Energy,Bandurria Sur,Petroleo negro,2026-06,11204.0,1.603,8340.0,368.6
VM-072,Pan American Energy,Bandurria Sur,Petroleo negro,2026-07,10443.0,1.494,4339.0,343.5
VM-072,Pan American Energy,Bandurria Sur,Petroleo negro,2026-08,10882.0,1.557,7070.0,358.0
VM-073,Pluspetrol,Bandurria Sur,Petroleo negro,2024-07,26834.0,3.84,7361.0,882.7
VM-073,Pluspetrol,Bandurria Sur,Petroleo negro,2024-08,21554.0,3.084,7180.0,709.0
VM-073,Pluspetrol,Bandurria Sur,Petroleo negro,2024-09,20887.0,2.989,12696.0,687.1
VM-073,Pluspetrol,Bandurria Sur,Petroleo negro,2024-10,18158.0,2.598,10472.0,597.3
VM-073,Pluspetrol,Bandurria Sur,Petroleo negro,2024-11,17025.0,2.436,13238.0,560.0
VM-073,Pluspetrol,Bandurria Sur,Petroleo negro,2024-12,16568.0,2.371,4702.0,545.0
VM-073,Pluspetrol,Bandurria Sur,Petroleo negro,2025-01,16039.0,2.295,7961.0,527.6
VM-073,Pluspetrol,Bandurria Sur,Petroleo negro,2025-02,14886.0,2.13,7821.0,489.7
VM-073,Pluspetrol,Bandurria Sur,Petroleo negro,2025-03,14199.0,2.032,5237.0,467.1
VM-073,Pluspetrol,Bandurria Sur,Petroleo negro,2025-04,13531.0,1.936,2852.0,445.1
VM-073,Pluspetrol,Bandurria Sur,Petroleo negro,2025-05,11792.0,1.687,3471.0,387.9
VM-073,Pluspetrol,Bandurria Sur,Petroleo negro,2025-06,12144.0,1.738,2571.0,399.5
VM-073,Pluspetrol,Bandurria Sur,Petroleo negro,2025-07,10478.0,1.499,4537.0,344.7
VM-073,Pluspetrol,Bandurria Sur,Petroleo negro,2025-08,9667.0,1.383,7259.0,318.0
VM-073,Pluspetrol,Bandurria Sur,Petroleo negro,2025-09,10174.0,1.456,5320.0,334.7
VM-073,Pluspetrol,Bandurria Sur,Petroleo negro,2025-10,9244.0,1.323,2926.0,304.1
VM-073,Pluspetrol,Bandurria Sur,Petroleo negro,2025-11,8545.0,1.223,3792.0,281.1
VM-073,Pluspetrol,Bandurria Sur,Petroleo negro,2025-12,8732.0,1.25,6219.0,287.2
VM-073,Pluspetrol,Bandurria Sur,Petroleo negro,2026-01,7956.0,1.139,5710.0,261.7
VM-073,Pluspetrol,Bandurria Sur,Petroleo negro,2026-02,8114.0,1.161,2399.0,266.9
VM-073,Pluspetrol,Bandurria Sur,Petroleo negro,2026-03,7138.0,1.021,1533.0,234.8
VM-073,Pluspetrol,Bandurria Sur,Petroleo negro,2026-04,7841.0,1.122,2723.0,257.9
VM-073,Pluspetrol,Bandurria Sur,Petroleo negro,2026-05,6672.0,0.955,3973.0,219.5
VM-073,Pluspetrol,Bandurria Sur,Petroleo negro,2026-06,6647.0,0.951,5093.0,218.6
VM-073,Pluspetrol,Bandurria Sur,Petroleo negro,2026-07,6787.0,0.971,4969.0,223.3
VM-073,Pluspetrol,Bandurria Sur,Petroleo negro,2026-08,6557.0,0.938,4193.0,215.7
VM-074,Pluspetrol,Loma Campana,Petroleo negro,2026-02,26909.0,3.851,12239.0,885.2
VM-074,Pluspetrol,Loma Campana,Petroleo negro,2026-03,24877.0,3.56,7700.0,818.3
VM-074,Pluspetrol,Loma Campana,Petroleo negro,2026-04,20252.0,2.898,15121.0,666.2
VM-074,Pluspetrol,Loma Campana,Petroleo negro,2026-05,19368.0,2.772,10370.0,637.1
VM-074,Pluspetrol,Loma Campana,Petroleo negro,2026-06,17899.0,2.561,11572.0,588.8
VM-074,Pluspetrol,Loma Campana,Petroleo negro,2026-07,17556.0,2.512,5444.0,577.5
VM-074,Pluspetrol,Loma Campana,Petroleo negro,2026-08,16433.0,2.352,6418.0,540.6
VM-075,Total Austral,La Amarga Chica,Petroleo negro,2026-07,28332.0,4.054,13881.0,932.0
VM-075,Total Austral,La Amarga Chica,Petroleo negro,2026-08,26272.0,3.759,11839.0,864.2
VM-076,YPF,Rincon La Ceniza,Petroleo volatil,2024-01,42242.0,12.761,32299.0,1389.5
VM-076,YPF,Rincon La Ceniza,Petroleo volatil,2024-02,36302.0,10.967,25030.0,1194.1
VM-076,YPF,Rincon La Ceniza,Petroleo volatil,2024-03,34112.0,10.305,11500.0,1122.1
VM-076,YPF,Rincon La Ceniza,Petroleo volatil,2024-04,29249.0,8.836,21668.0,962.1
VM-076,YPF,Rincon La Ceniza,Petroleo volatil,2024-05,28017.0,8.464,19839.0,921.6
VM-076,YPF,Rincon La Ceniza,Petroleo volatil,2024-06,25345.0,7.657,10838.0,833.7
VM-076,YPF,Rincon La Ceniza,Petroleo volatil,2024-07,24169.0,7.301,9841.0,795.0
VM-076,YPF,Rincon La Ceniza,Petroleo volatil,2024-08,21969.0,6.637,7171.0,722.7
VM-076,YPF,Rincon La Ceniza,Petroleo volatil,2024-09,20110.0,6.075,9436.0,661.5
VM-076,YPF,Rincon La Ceniza,Petroleo volatil,2024-10,18184.0,5.493,4746.0,598.2
VM-076,YPF,Rincon La Ceniza,Petroleo volatil,2024-11,19164.0,5.789,15169.0,630.4
VM-076,YPF,Rincon La Ceniza,Petroleo volatil,2024-12,16434.0,4.965,6897.0,540.6
VM-076,YPF,Rincon La Ceniza,Petroleo volatil,2025-01,16813.0,5.079,4806.0,553.1
VM-076,YPF,Rincon La Ceniza,Petroleo volatil,2025-02,14704.0,4.442,10935.0,483.7
VM-076,YPF,Rincon La Ceniza,Petroleo volatil,2025-03,14507.0,4.383,11222.0,477.2
VM-076,YPF,Rincon La Ceniza,Petroleo volatil,2025-04,14374.0,4.342,7938.0,472.8
VM-076,YPF,Rincon La Ceniza,Petroleo volatil,2025-05,13831.0,4.178,6976.0,455.0
VM-076,YPF,Rincon La Ceniza,Petroleo volatil,2025-06,12793.0,3.865,7367.0,420.8
VM-076,YPF,Rincon La Ceniza,Petroleo volatil,2025-07,12622.0,3.813,8952.0,415.2
VM-076,YPF,Rincon La Ceniza,Petroleo volatil,2025-08,11912.0,3.599,3759.0,391.8
VM-076,YPF,Rincon La Ceniza,Petroleo volatil,2025-09,12449.0,3.761,6493.0,409.5
VM-076,YPF,Rincon La Ceniza,Petroleo volatil,2025-10,11021.0,3.329,7347.0,362.5
VM-076,YPF,Rincon La Ceniza,Petroleo volatil,2025-11,10756.0,3.249,6792.0,353.8
VM-076,YPF,Rincon La Ceniza,Petroleo volatil,2025-12,10976.0,3.316,4120.0,361.1
VM-076,YPF,Rincon La Ceniza,Petroleo volatil,2026-01,10625.0,3.21,5243.0,349.5
VM-076,YPF,Rincon La Ceniza,Petroleo volatil,2026-02,9447.0,2.854,7434.0,310.8
VM-076,YPF,Rincon La Ceniza,Petroleo volatil,2026-03,9498.0,2.869,4088.0,312.4
VM-076,YPF,Rincon La Ceniza,Petroleo volatil,2026-04,10065.0,3.041,6181.0,331.1
VM-076,YPF,Rincon La Ceniza,Petroleo volatil,2026-05,8871.0,2.68,5189.0,291.8
VM-076,YPF,Rincon La Ceniza,Petroleo volatil,2026-06,8452.0,2.553,5487.0,278.0
VM-076,YPF,Rincon La Ceniza,Petroleo volatil,2026-07,8958.0,2.706,5353.0,294.7
VM-076,YPF,Rincon La Ceniza,Petroleo volatil,2026-08,8693.0,2.626,3585.0,285.9
VM-077,Pan American Energy,La Amarga Chica,Petroleo negro,2026-03,42370.0,6.063,20165.0,1393.7
VM-077,Pan American Energy,La Amarga Chica,Petroleo negro,2026-04,37925.0,5.427,8382.0,1247.5
VM-077,Pan American Energy,La Amarga Chica,Petroleo negro,2026-05,31789.0,4.549,9336.0,1045.7
VM-077,Pan American Energy,La Amarga Chica,Petroleo negro,2026-06,29870.0,4.274,17106.0,982.6
VM-077,Pan American Energy,La Amarga Chica,Petroleo negro,2026-07,26240.0,3.755,20144.0,863.2
VM-077,Pan American Energy,La Amarga Chica,Petroleo negro,2026-08,24749.0,3.542,5157.0,814.1
VM-078,Tecpetrol,El Trapial,Petroleo volatil,2026-01,40239.0,12.156,10749.0,1323.7
VM-078,Tecpetrol,El Trapial,Petroleo volatil,2026-02,32285.0,9.753,12058.0,1062.0
VM-078,Tecpetrol,El Trapial,Petroleo volatil,2026-03,30946.0,9.349,10660.0,1017.9
VM-078,Tecpetrol,El Trapial,Petroleo volatil,2026-04,27463.0,8.297,7660.0,903.4
VM-078,Tecpetrol,El Trapial,Petroleo volatil,2026-05,25135.0,7.593,17032.0,826.8
VM-078,Tecpetrol,El Trapial,Petroleo volatil,2026-06,22912.0,6.922,12580.0,753.7
VM-078,Tecpetrol,El Trapial,Petroleo volatil,2026-07,20834.0,6.294,5725.0,685.3
VM-078,Tecpetrol,El Trapial,Petroleo volatil,2026-08,19621.0,5.928,4315.0,645.4
VM-079,Vista Energy,La Amarga Chica,Petroleo negro,2026-03,57031.0,8.161,35538.0,1876.0
VM-079,Vista Energy,La Amarga Chica,Petroleo negro,2026-04,50814.0,7.271,17041.0,1671.5
VM-079,Vista Energy,La Amarga Chica,Petroleo negro,2026-05,45604.0,6.526,31544.0,1500.1
VM-079,Vista Energy,La Amarga Chica,Petroleo negro,2026-06,41442.0,5.93,16531.0,1363.2
VM-079,Vista Energy,La Amarga Chica,Petroleo negro,2026-07,40931.0,5.857,14307.0,1346.4
VM-079,Vista Energy,La Amarga Chica,Petroleo negro,2026-08,39498.0,5.652,11996.0,1299.3
VM-080,Vista Energy,Aguada Federal,Gas y condensado,2025-10,11379.0,12.665,5190.0,374.3
VM-080,Vista Energy,Aguada Federal,Gas y condensado,2025-11,10623.0,11.823,5754.0,349.4
VM-080,Vista Energy,Aguada Federal,Gas y condensado,2025-12,9063.0,10.087,6056.0,298.1
VM-080,Vista Energy,Aguada Federal,Gas y condensado,2026-01,8675.0,9.655,4273.0,285.3
VM-080,Vista Energy,Aguada Federal,Gas y condensado,2026-02,7777.0,8.656,5310.0,255.8
VM-080,Vista Energy,Aguada Federal,Gas y condensado,2026-03,6449.0,7.177,1833.0,212.1
VM-080,Vista Energy,Aguada Federal,Gas y condensado,2026-04,5852.0,6.513,1473.0,192.5
VM-080,Vista Energy,Aguada Federal,Gas y condensado,2026-05,5893.0,6.559,2528.0,193.8
VM-080,Vista Energy,Aguada Federal,Gas y condensado,2026-06,4981.0,5.544,2637.0,163.8
VM-080,Vista Energy,Aguada Federal,Gas y condensado,2026-07,4732.0,5.267,1082.0,155.7
VM-080,Vista Energy,Aguada Federal,Gas y condensado,2026-08,4489.0,4.996,3123.0,147.7
VM-081,YPF,Rincon La Ceniza,Petroleo volatil,2024-03,38402.0,11.601,30390.0,1263.2
VM-081,YPF,Rincon La Ceniza,Petroleo volatil,2024-04,32372.0,9.779,25182.0,1064.9
VM-081,YPF,Rincon La Ceniza,Petroleo volatil,2024-05,28350.0,8.564,13999.0,932.6
VM-081,YPF,Rincon La Ceniza,Petroleo volatil,2024-06,26843.0,8.109,12754.0,883.0
VM-081,YPF,Rincon La Ceniza,Petroleo volatil,2024-07,22529.0,6.806,14106.0,741.1
VM-081,YPF,Rincon La Ceniza,Petroleo volatil,2024-08,22982.0,6.943,9511.0,756.0
VM-081,YPF,Rincon La Ceniza,Petroleo volatil,2024-09,19873.0,6.003,7659.0,653.7
VM-081,YPF,Rincon La Ceniza,Petroleo volatil,2024-10,19234.0,5.81,9528.0,632.7
VM-081,YPF,Rincon La Ceniza,Petroleo volatil,2024-11,16891.0,5.103,12484.0,555.6
VM-081,YPF,Rincon La Ceniza,Petroleo volatil,2024-12,15398.0,4.652,10793.0,506.5
VM-081,YPF,Rincon La Ceniza,Petroleo volatil,2025-01,16407.0,4.957,4211.0,539.7
VM-081,YPF,Rincon La Ceniza,Petroleo volatil,2025-02,13802.0,4.169,8117.0,454.0
VM-081,YPF,Rincon La Ceniza,Petroleo volatil,2025-03,14244.0,4.303,4323.0,468.5
VM-081,YPF,Rincon La Ceniza,Petroleo volatil,2025-04,13302.0,4.019,3428.0,437.6
VM-081,YPF,Rincon La Ceniza,Petroleo volatil,2025-05,12684.0,3.832,6534.0,417.2
VM-081,YPF,Rincon La Ceniza,Petroleo volatil,2025-06,12983.0,3.922,5518.0,427.1
VM-081,YPF,Rincon La Ceniza,Petroleo volatil,2025-07,11249.0,3.398,8671.0,370.0
VM-081,YPF,Rincon La Ceniza,Petroleo volatil,2025-08,11582.0,3.499,3253.0,381.0
VM-081,YPF,Rincon La Ceniza,Petroleo volatil,2025-09,10275.0,3.104,4404.0,338.0
VM-081,YPF,Rincon La Ceniza,Petroleo volatil,2025-10,10185.0,3.077,4279.0,335.0
VM-081,YPF,Rincon La Ceniza,Petroleo volatil,2025-11,9885.0,2.986,7389.0,325.2
VM-081,YPF,Rincon La Ceniza,Petroleo volatil,2025-12,10312.0,3.115,6212.0,339.2
VM-081,YPF,Rincon La Ceniza,Petroleo volatil,2026-01,9023.0,2.726,6090.0,296.8
VM-081,YPF,Rincon La Ceniza,Petroleo volatil,2026-02,9151.0,2.765,6600.0,301.0
VM-081,YPF,Rincon La Ceniza,Petroleo volatil,2026-03,8448.0,2.552,2430.0,277.9
VM-081,YPF,Rincon La Ceniza,Petroleo volatil,2026-04,8307.0,2.51,5728.0,273.3
VM-081,YPF,Rincon La Ceniza,Petroleo volatil,2026-05,9064.0,2.738,5870.0,298.2
VM-081,YPF,Rincon La Ceniza,Petroleo volatil,2026-06,8074.0,2.439,1865.0,265.6
VM-081,YPF,Rincon La Ceniza,Petroleo volatil,2026-07,8610.0,2.601,2604.0,283.2
VM-081,YPF,Rincon La Ceniza,Petroleo volatil,2026-08,8226.0,2.485,3973.0,270.6
VM-082,Vista Energy,Aguada Pichana,Gas y condensado,2024-01,7250.0,8.069,3234.0,238.5
VM-082,Vista Energy,Aguada Pichana,Gas y condensado,2024-02,6141.0,6.835,1658.0,202.0
VM-082,Vista Energy,Aguada Pichana,Gas y condensado,2024-03,6113.0,6.804,2884.0,201.1
VM-082,Vista Energy,Aguada Pichana,Gas y condensado,2024-04,5357.0,5.962,2140.0,176.2
VM-082,Vista Energy,Aguada Pichana,Gas y condensado,2024-05,4735.0,5.27,3204.0,155.7
VM-082,Vista Energy,Aguada Pichana,Gas y condensado,2024-06,4426.0,4.926,1944.0,145.6
VM-082,Vista Energy,Aguada Pichana,Gas y condensado,2024-07,3967.0,4.415,3141.0,130.5
VM-082,Vista Energy,Aguada Pichana,Gas y condensado,2024-08,3446.0,3.835,1520.0,113.4
VM-082,Vista Energy,Aguada Pichana,Gas y condensado,2024-09,3248.0,3.615,854.0,106.8
VM-082,Vista Energy,Aguada Pichana,Gas y condensado,2024-10,2996.0,3.334,1975.0,98.5
VM-082,Vista Energy,Aguada Pichana,Gas y condensado,2024-11,2974.0,3.31,1575.0,97.8
VM-082,Vista Energy,Aguada Pichana,Gas y condensado,2024-12,2733.0,3.042,1194.0,89.9
VM-082,Vista Energy,Aguada Pichana,Gas y condensado,2025-01,2631.0,2.928,1835.0,86.6
VM-082,Vista Energy,Aguada Pichana,Gas y condensado,2025-02,2360.0,2.627,726.0,77.6
VM-082,Vista Energy,Aguada Pichana,Gas y condensado,2025-03,2262.0,2.517,1084.0,74.4
VM-082,Vista Energy,Aguada Pichana,Gas y condensado,2025-04,2245.0,2.498,1365.0,73.8
VM-082,Vista Energy,Aguada Pichana,Gas y condensado,2025-05,2289.0,2.548,1717.0,75.3
VM-082,Vista Energy,Aguada Pichana,Gas y condensado,2025-06,1968.0,2.191,875.0,64.7
VM-082,Vista Energy,Aguada Pichana,Gas y condensado,2025-07,1959.0,2.181,1322.0,64.5
VM-082,Vista Energy,Aguada Pichana,Gas y condensado,2025-08,1870.0,2.081,553.0,61.5
VM-082,Vista Energy,Aguada Pichana,Gas y condensado,2025-09,1676.0,1.865,677.0,55.1
VM-082,Vista Energy,Aguada Pichana,Gas y condensado,2025-10,1742.0,1.939,536.0,57.3
VM-082,Vista Energy,Aguada Pichana,Gas y condensado,2025-11,1638.0,1.824,705.0,53.9
VM-082,Vista Energy,Aguada Pichana,Gas y condensado,2025-12,1689.0,1.879,1047.0,55.5
VM-082,Vista Energy,Aguada Pichana,Gas y condensado,2026-01,1630.0,1.814,833.0,53.6
VM-082,Vista Energy,Aguada Pichana,Gas y condensado,2026-02,1472.0,1.638,1157.0,48.4
VM-082,Vista Energy,Aguada Pichana,Gas y condensado,2026-03,1404.0,1.563,747.0,46.2
VM-082,Vista Energy,Aguada Pichana,Gas y condensado,2026-04,1283.0,1.428,387.0,42.2
VM-082,Vista Energy,Aguada Pichana,Gas y condensado,2026-05,1290.0,1.435,447.0,42.4
VM-082,Vista Energy,Aguada Pichana,Gas y condensado,2026-06,1275.0,1.419,935.0,41.9
VM-082,Vista Energy,Aguada Pichana,Gas y condensado,2026-07,1196.0,1.331,273.0,39.3
VM-082,Vista Energy,Aguada Pichana,Gas y condensado,2026-08,1219.0,1.357,510.0,40.1
VM-083,Shell,Aguada Pichana,Gas y condensado,2026-01,8057.0,8.968,5286.0,265.0
VM-083,Shell,Aguada Pichana,Gas y condensado,2026-02,8192.0,9.118,5302.0,269.5
VM-083,Shell,Aguada Pichana,Gas y condensado,2026-03,7307.0,8.133,4786.0,240.4
VM-083,Shell,Aguada Pichana,Gas y condensado,2026-04,6866.0,7.642,1948.0,225.9
VM-083,Shell,Aguada Pichana,Gas y condensado,2026-05,6267.0,6.975,3891.0,206.1
VM-083,Shell,Aguada Pichana,Gas y condensado,2026-06,5892.0,6.557,4173.0,193.8
VM-083,Shell,Aguada Pichana,Gas y condensado,2026-07,5228.0,5.819,3110.0,172.0
VM-083,Shell,Aguada Pichana,Gas y condensado,2026-08,4710.0,5.243,1888.0,154.9
VM-084,Chevron,Rincon La Ceniza,Petroleo volatil,2026-04,38534.0,11.641,17025.0,1267.6
VM-084,Chevron,Rincon La Ceniza,Petroleo volatil,2026-05,37110.0,11.211,15022.0,1220.7
VM-084,Chevron,Rincon La Ceniza,Petroleo volatil,2026-06,33553.0,10.136,10650.0,1103.7
VM-084,Chevron,Rincon La Ceniza,Petroleo volatil,2026-07,29668.0,8.963,10101.0,975.9
VM-084,Chevron,Rincon La Ceniza,Petroleo volatil,2026-08,27375.0,8.27,18390.0,900.5
VM-085,YPF,Bajada del Palo,Petroleo negro,2025-01,30314.0,4.338,19925.0,997.2
VM-085,YPF,Bajada del Palo,Petroleo negro,2025-02,23898.0,3.42,14607.0,786.1
VM-085,YPF,Bajada del Palo,Petroleo negro,2025-03,21752.0,3.113,10956.0,715.5
VM-085,YPF,Bajada del Palo,Petroleo negro,2025-04,19205.0,2.748,8936.0,631.8
VM-085,YPF,Bajada del Palo,Petroleo negro,2025-05,18867.0,2.7,5067.0,620.6
VM-085,YPF,Bajada del Palo,Petroleo negro,2025-06,17211.0,2.463,12583.0,566.1
VM-085,YPF,Bajada del Palo,Petroleo negro,2025-07,15829.0,2.265,6268.0,520.7
VM-085,YPF,Bajada del Palo,Petroleo negro,2025-08,14115.0,2.02,6751.0,464.3
VM-085,YPF,Bajada del Palo,Petroleo negro,2025-09,13607.0,1.947,8386.0,447.6
VM-085,YPF,Bajada del Palo,Petroleo negro,2025-10,13454.0,1.925,8323.0,442.6
VM-085,YPF,Bajada del Palo,Petroleo negro,2025-11,12759.0,1.826,8600.0,419.7
VM-085,YPF,Bajada del Palo,Petroleo negro,2025-12,12059.0,1.726,4223.0,396.7
VM-085,YPF,Bajada del Palo,Petroleo negro,2026-01,11252.0,1.61,4891.0,370.1
VM-085,YPF,Bajada del Palo,Petroleo negro,2026-02,9998.0,1.431,5775.0,328.9
VM-085,YPF,Bajada del Palo,Petroleo negro,2026-03,9661.0,1.382,5906.0,317.8
VM-085,YPF,Bajada del Palo,Petroleo negro,2026-04,9806.0,1.403,2381.0,322.6
VM-085,YPF,Bajada del Palo,Petroleo negro,2026-05,9271.0,1.327,4895.0,305.0
VM-085,YPF,Bajada del Palo,Petroleo negro,2026-06,8708.0,1.246,6605.0,286.4
VM-085,YPF,Bajada del Palo,Petroleo negro,2026-07,9251.0,1.324,2427.0,304.3
VM-085,YPF,Bajada del Palo,Petroleo negro,2026-08,8660.0,1.239,3954.0,284.9
VM-086,Tecpetrol,Loma Campana,Petroleo negro,2025-08,53042.0,7.59,40428.0,1744.8
VM-086,Tecpetrol,Loma Campana,Petroleo negro,2025-09,44893.0,6.424,26061.0,1476.8
VM-086,Tecpetrol,Loma Campana,Petroleo negro,2025-10,39807.0,5.696,23861.0,1309.4
VM-086,Tecpetrol,Loma Campana,Petroleo negro,2025-11,39730.0,5.685,15870.0,1306.9
VM-086,Tecpetrol,Loma Campana,Petroleo negro,2025-12,32173.0,4.604,25180.0,1058.3
VM-086,Tecpetrol,Loma Campana,Petroleo negro,2026-01,30046.0,4.3,18406.0,988.4
VM-086,Tecpetrol,Loma Campana,Petroleo negro,2026-02,30601.0,4.379,13537.0,1006.6
VM-086,Tecpetrol,Loma Campana,Petroleo negro,2026-03,30341.0,4.342,8256.0,998.1
VM-086,Tecpetrol,Loma Campana,Petroleo negro,2026-04,26197.0,3.749,18271.0,861.7
VM-086,Tecpetrol,Loma Campana,Petroleo negro,2026-05,24145.0,3.455,8635.0,794.3
VM-086,Tecpetrol,Loma Campana,Petroleo negro,2026-06,23671.0,3.387,10710.0,778.6
VM-086,Tecpetrol,Loma Campana,Petroleo negro,2026-07,24611.0,3.522,18989.0,809.6
VM-086,Tecpetrol,Loma Campana,Petroleo negro,2026-08,22102.0,3.163,4594.0,727.0
VM-087,Pan American Energy,Los Toldos,Petroleo volatil,2024-12,26716.0,8.071,19925.0,878.8
VM-087,Pan American Energy,Los Toldos,Petroleo volatil,2025-01,21243.0,6.417,12074.0,698.8
VM-087,Pan American Energy,Los Toldos,Petroleo volatil,2025-02,20684.0,6.249,11026.0,680.4
VM-087,Pan American Energy,Los Toldos,Petroleo volatil,2025-03,18840.0,5.692,6920.0,619.7
VM-087,Pan American Energy,Los Toldos,Petroleo volatil,2025-04,17882.0,5.402,5950.0,588.2
VM-087,Pan American Energy,Los Toldos,Petroleo volatil,2025-05,16614.0,5.019,12809.0,546.5
VM-087,Pan American Energy,Los Toldos,Petroleo volatil,2025-06,15202.0,4.593,6568.0,500.1
VM-087,Pan American Energy,Los Toldos,Petroleo volatil,2025-07,14422.0,4.357,4742.0,474.4
VM-087,Pan American Energy,Los Toldos,Petroleo volatil,2025-08,12725.0,3.844,6400.0,418.6
VM-087,Pan American Energy,Los Toldos,Petroleo volatil,2025-09,11404.0,3.445,9030.0,375.1
VM-087,Pan American Energy,Los Toldos,Petroleo volatil,2025-10,10855.0,3.279,5294.0,357.1
VM-087,Pan American Energy,Los Toldos,Petroleo volatil,2025-11,10160.0,3.069,3745.0,334.2
VM-087,Pan American Energy,Los Toldos,Petroleo volatil,2025-12,10741.0,3.245,6526.0,353.3
VM-087,Pan American Energy,Los Toldos,Petroleo volatil,2026-01,9613.0,2.904,5667.0,316.2
VM-087,Pan American Energy,Los Toldos,Petroleo volatil,2026-02,8940.0,2.701,5328.0,294.1
VM-087,Pan American Energy,Los Toldos,Petroleo volatil,2026-03,9475.0,2.862,1975.0,311.7
VM-087,Pan American Energy,Los Toldos,Petroleo volatil,2026-04,8388.0,2.534,2970.0,275.9
VM-087,Pan American Energy,Los Toldos,Petroleo volatil,2026-05,7824.0,2.364,5861.0,257.4
VM-087,Pan American Energy,Los Toldos,Petroleo volatil,2026-06,8213.0,2.481,4674.0,270.1
VM-087,Pan American Energy,Los Toldos,Petroleo volatil,2026-07,7843.0,2.369,4734.0,258.0
VM-087,Pan American Energy,Los Toldos,Petroleo volatil,2026-08,7237.0,2.186,2321.0,238.1
VM-088,ExxonMobil,Bandurria Sur,Petroleo negro,2024-02,33576.0,4.805,9843.0,1104.5
VM-088,ExxonMobil,Bandurria Sur,Petroleo negro,2024-03,31044.0,4.442,21054.0,1021.2
VM-088,ExxonMobil,Bandurria Sur,Petroleo negro,2024-04,29068.0,4.16,12558.0,956.2
VM-088,ExxonMobil,Bandurria Sur,Petroleo negro,2024-05,28614.0,4.095,22351.0,941.3
VM-088,ExxonMobil,Bandurria Sur,Petroleo negro,2024-06,24474.0,3.502,13513.0,805.1
VM-088,ExxonMobil,Bandurria Sur,Petroleo negro,2024-07,24121.0,3.452,7450.0,793.5
VM-088,ExxonMobil,Bandurria Sur,Petroleo negro,2024-08,22582.0,3.232,15124.0,742.8
VM-088,ExxonMobil,Bandurria Sur,Petroleo negro,2024-09,21252.0,3.041,11393.0,699.1
VM-088,ExxonMobil,Bandurria Sur,Petroleo negro,2024-10,20830.0,2.981,4393.0,685.2
VM-088,ExxonMobil,Bandurria Sur,Petroleo negro,2024-11,21077.0,3.016,15113.0,693.3
VM-088,ExxonMobil,Bandurria Sur,Petroleo negro,2024-12,20169.0,2.886,9298.0,663.5
VM-088,ExxonMobil,Bandurria Sur,Petroleo negro,2025-01,18357.0,2.627,11086.0,603.8
VM-088,ExxonMobil,Bandurria Sur,Petroleo negro,2025-02,19100.0,2.733,9537.0,628.3
VM-088,ExxonMobil,Bandurria Sur,Petroleo negro,2025-03,16792.0,2.403,8142.0,552.4
VM-088,ExxonMobil,Bandurria Sur,Petroleo negro,2025-04,16897.0,2.418,9762.0,555.8
VM-088,ExxonMobil,Bandurria Sur,Petroleo negro,2025-05,17219.0,2.464,9418.0,566.4
VM-088,ExxonMobil,Bandurria Sur,Petroleo negro,2025-06,16459.0,2.355,7955.0,541.4
VM-088,ExxonMobil,Bandurria Sur,Petroleo negro,2025-07,15211.0,2.177,11315.0,500.4
VM-088,ExxonMobil,Bandurria Sur,Petroleo negro,2025-08,14455.0,2.068,5514.0,475.5
VM-088,ExxonMobil,Bandurria Sur,Petroleo negro,2025-09,14619.0,2.092,3902.0,480.9
VM-088,ExxonMobil,Bandurria Sur,Petroleo negro,2025-10,13502.0,1.932,6885.0,444.2
VM-088,ExxonMobil,Bandurria Sur,Petroleo negro,2025-11,14104.0,2.018,11112.0,464.0
VM-088,ExxonMobil,Bandurria Sur,Petroleo negro,2025-12,12784.0,1.829,2881.0,420.5
VM-088,ExxonMobil,Bandurria Sur,Petroleo negro,2026-01,13568.0,1.942,10007.0,446.3
VM-088,ExxonMobil,Bandurria Sur,Petroleo negro,2026-02,12199.0,1.746,4618.0,401.3
VM-088,ExxonMobil,Bandurria Sur,Petroleo negro,2026-03,12993.0,1.859,7596.0,427.4
VM-088,ExxonMobil,Bandurria Sur,Petroleo negro,2026-04,13062.0,1.869,7805.0,429.7
VM-088,ExxonMobil,Bandurria Sur,Petroleo negro,2026-05,12943.0,1.852,4866.0,425.7
VM-088,ExxonMobil,Bandurria Sur,Petroleo negro,2026-06,12361.0,1.769,6845.0,406.6
VM-088,ExxonMobil,Bandurria Sur,Petroleo negro,2026-07,11558.0,1.654,7309.0,380.2
VM-088,ExxonMobil,Bandurria Sur,Petroleo negro,2026-08,12082.0,1.729,6618.0,397.4
VM-089,Shell,El Trapial,Petroleo volatil,2026-01,25180.0,7.607,11261.0,828.3
VM-089,Shell,El Trapial,Petroleo volatil,2026-02,23231.0,7.018,10006.0,764.2
VM-089,Shell,El Trapial,Petroleo volatil,2026-03,20521.0,6.199,11441.0,675.0
VM-089,Shell,El Trapial,Petroleo volatil,2026-04,18559.0,5.607,13936.0,610.5
VM-089,Shell,El Trapial,Petroleo volatil,2026-05,17600.0,5.317,9743.0,578.9
VM-089,Shell,El Trapial,Petroleo volatil,2026-06,16363.0,4.943,10232.0,538.2
VM-089,Shell,El Trapial,Petroleo volatil,2026-07,14468.0,4.371,5640.0,475.9
VM-089,Shell,El Trapial,Petroleo volatil,2026-08,14089.0,4.256,3998.0,463.5
VM-090,Pan American Energy,La Amarga Chica,Petroleo negro,2026-07,39811.0,5.697,26332.0,1309.6
VM-090,Pan American Energy,La Amarga Chica,Petroleo negro,2026-08,35267.0,5.047,14099.0,1160.1
